<?xml version="1.0" encoding="utf-8"?>
<COLLADA xmlns="http://www.collada.org/2005/11/COLLADASchema" version="1.4.1" xmlns:xsi="http://www.w3.org/2001/XMLSchema-instance">
  <asset>
    <contributor>
      <author>Blender User</author>
      <authoring_tool>Blender 4.0.2 commit date:2023-12-05, commit time:07:41, hash:9be62e85b727</authoring_tool>
    </contributor>
    <created>2024-06-25T16:00:08</created>
    <modified>2024-06-25T16:00:08</modified>
    <unit name="meter" meter="1"/>
    <up_axis>Z_UP</up_axis>
  </asset>
  <library_effects>
    <effect id="SOLID-BLACK-effect">
      <profile_COMMON>
        <technique sid="common">
          <lambert>
            <emission>
              <color sid="emission">0 0 0 1</color>
            </emission>
            <diffuse>
              <color sid="diffuse">0.04431406 0.04431406 0.04431406 1</color>
            </diffuse>
            <reflectivity>
              <float sid="specular">0.5</float>
            </reflectivity>
          </lambert>
        </technique>
      </profile_COMMON>
    </effect>
    <effect id="RUBBER-MEDIUM_AZURE-effect">
      <profile_COMMON>
        <technique sid="common">
          <lambert>
            <emission>
              <color sid="emission">0 0 0 1</color>
            </emission>
            <diffuse>
              <color sid="diffuse">0.03215134 0.6001511 0.8003311 1</color>
            </diffuse>
            <reflectivity>
              <float sid="specular">0.5</float>
            </reflectivity>
          </lambert>
        </technique>
      </profile_COMMON>
    </effect>
  </library_effects>
  <library_images/>
  <library_materials>
    <material id="SOLID-BLACK-material" name="SOLID-BLACK">
      <instance_effect url="#SOLID-BLACK-effect"/>
    </material>
    <material id="RUBBER-MEDIUM_AZURE-material" name="RUBBER-MEDIUM_AZURE">
      <instance_effect url="#RUBBER-MEDIUM_AZURE-effect"/>
    </material>
  </library_materials>
  <library_geometries>
    <geometry id="Inner-Node-Modell_dot_io-16_001-mesh" name="Inner-Node-Modell_dot_io-16.001">
      <mesh>
        <source id="Inner-Node-Modell_dot_io-16_001-mesh-positions">
          <float_array id="Inner-Node-Modell_dot_io-16_001-mesh-positions-array" count="27150">-60.727 0 -17.5 -60.727 0 17.5 -60.7257 0 -17.5 -60.7257 0 17.5 -60.204 -7.925 -17.5 -60.204 -7.925 17.5 -60.20346 7.924704 -17.5 -60.20346 7.924704 17.5 -58.656 -15.716 -17.5 -58.656 -15.716 17.5 -58.65495 15.71581 -17.5 -58.65495 15.71581 17.5 -57.835 0 -17.5 -57.835 0 -17.5 -57.834 0 17.5 -57.8347 0 17.5 -57.337 -7.547 -17.5 -57.337 -7.547 -17.5 -57.337 -7.547 17.5 -57.337 -7.547 17.5 -57.33662 7.547337 -17.5 -57.33732 7.547428 -17.5 -57.33732 7.547428 17.5 -57.33662 7.547337 17.5 -56.105 -23.24 -17.5 -56.105 -23.24 17.5 -56.10447 23.23973 -17.5 -56.10447 23.23973 17.5 -55.863 -14.968 -17.5 -55.863 -14.968 -17.5 -55.863 -14.968 17.5 -55.863 -14.968 17.5 -55.86186 14.96744 -17.5 -55.86254 14.96762 -17.5 -55.86254 14.96762 17.5 -55.86186 14.96744 17.5 -55.8404 0 -10 -55.8404 0 10 -55.6 -6.364 -10 -55.6 -6.364 -10 -55.6 -6.364 10 -55.6 -6.364 10 -55.6 6.364 -10 -55.6 6.364 -10 -55.6 6.364 10 -55.6 6.364 10 -55.36057 -7.287224 -10 -55.36 -7.287 10 -55.36057 7.287224 -10 -55.36057 7.287224 10 -55.1002 -6.364 -2 -55.1 -6.364 -2 -55.1 -6.364 2 -55.1001 -6.3639 2 -55.1 6.364 -2 -55.1 6.364 -2 -55.1001 6.3639 2 -55.1 6.364 2 -55.0418 -9 -10 -55.042 -9 -10 -55.042 -9 10 -55.0418 -9 10 -55.042 9 -10 -55.0418 9 -10 -55.042 9 10 -55.0418 9 10 -54.7872 0 0 -54.31603 -7.149729 0 -54.31603 7.149729 0 -53.93663 -14.4516 -10 -53.936 -14.452 10 -53.93663 14.4516 -10 -53.93624 14.4515 10 -53.434 -22.133 -17.5 -53.433 -22.133 -17.5 -53.434 -22.133 17.5 -53.433 -22.133 17.5 -53.43283 22.13307 -17.5 -53.43348 22.13334 -17.5 -53.43348 22.13334 17.5 -53.43283 22.13307 17.5 -52.91895 -14.17893 0 -52.91895 14.17893 0 -52.589 -30.363 -17.5 -52.589 -30.363 17.5 -52.58846 30.36285 -17.5 -52.58846 30.36285 17.5 -51.59132 -21.37027 -10 -51.591 -21.37 10 -51.59095 21.37012 -10 -51.59095 21.37012 10 -50.61789 -20.96706 0 -50.61789 20.96706 0 -50.085 -28.917 -17.5 -50.085 -28.917 -17.5 -50.085 -28.917 17.5 -50.085 -28.917 17.5 -50.08424 28.917 -17.5 -50.08485 28.91735 -17.5 -50.08424 28.917 17.5 -50.08485 28.91735 17.5 -49 -9 -10 -49 -9 10 -49 0 -10 -48.99997 0 -10 -48.99997 0 -2 -48.99997 0 2 -49 0 10 -48.99997 0 10 -49 9 -10 -49 9 10 -48.9226 -1.1745 -10 -48.9236 -1.174794 -10 -48.9236 -1.174794 -2 -48.9236 -1.174794 2 -48.9226 -1.1745 10 -48.9236 -1.174794 10 -48.9236 1.174794 -10 -48.9226 1.1745 -10 -48.9236 1.174794 -2 -48.9236 1.174794 2 -48.9236 1.174794 10 -48.9226 1.1745 10 -48.69322 -2.329224 -10 -48.6931 -2.3292 -10 -48.69322 -2.329224 -2 -48.69322 -2.329224 2 -48.6931 -2.3292 10 -48.69322 -2.329224 10 -48.69322 2.329224 -10 -48.6931 2.3292 -10 -48.69322 2.329224 -2 -48.69322 2.329224 2 -48.6931 2.3292 10 -48.69322 2.329224 10 -48.35813 -27.9204 -10 -48.35813 -27.9204 10 -48.35778 27.9202 -10 -48.35778 27.9202 10 -48.3152 -3.444197 -10 -48.3151 -3.4443 -10 -48.3152 -3.444197 -2 -48.3152 -3.444197 2 -48.3151 -3.4443 10 -48.3152 -3.444197 10 -48.3152 3.444197 -10 -48.3151 3.4443 -10 -48.3152 3.444197 -2 -48.3152 3.444197 2 -48.3151 3.4443 10 -48.3152 3.444197 10 -48.18 -36.97 -17.5 -48.18 -36.97 17.5 -48.17977 36.96981 -17.5 -48.17977 36.96981 17.5 -48 0 -10 -48 0 -10 -48 0 -8 -48 0 -8 -48 0 8 -48 0 8 -48 0 10 -48 0 10 -47.9312 -1.044 -10 -47.9312 -1.044 -10 -47.9312 -1.044 -8 -47.9312 -1.044 -8 -47.9312 -1.044 8 -47.9312 -1.044 8 -47.9312 -1.044 10 -47.9312 -1.044 10 -47.9312 1.044 -10 -47.9312 1.044 -10 -47.9312 1.044 -8 -47.9312 1.044 -8 -47.9312 1.044 8 -47.9312 1.044 8 -47.9312 1.044 10 -47.9312 1.044 10 -47.794 -4.5 -10 -47.79399 -4.499984 -10 -47.79399 -4.499984 -2 -47.79399 -4.499984 2 -47.79399 -4.499984 10 -47.794 -4.5 10 -47.79399 4.499984 -10 -47.794 4.5 -10 -47.79399 4.499984 -2 -47.79399 4.499984 2 -47.79399 4.499984 10 -47.794 4.5 10 -47.7272 -2.0704 -10 -47.7272 -2.0704 -10 -47.7272 -2.0704 -8 -47.7272 -2.0704 -8 -47.7272 -2.0704 8 -47.7272 -2.0704 8 -47.7272 -2.0704 10 -47.7272 -2.0704 10 -47.7272 2.0704 -10 -47.7272 2.0704 -10 -47.7272 2.0704 -8 -47.7272 2.0704 -8 -47.7272 2.0704 8 -47.7272 2.0704 8 -47.7272 2.0704 10 -47.7272 2.0704 10 -47.44571 -27.3936 0 -47.44571 27.3936 0 -47.3912 -3.0616 -10 -47.3912 -3.0616 -10 -47.3912 -3.0616 -8 -47.3912 -3.0616 -8 -47.3912 -3.0616 8 -47.3912 -3.0616 8 -47.3912 -3.0616 10 -47.3912 -3.0616 10 -47.3912 3.0616 -10 -47.3912 3.0616 -10 -47.3912 3.0616 -8 -47.3912 3.0616 -8 -47.3912 3.0616 8 -47.3912 3.0616 8 -47.3912 3.0616 10 -47.3912 3.0616 10 -47.1406 -5.4792 -10 -47.13977 -5.478767 -10 -47.13977 -5.478767 -2 -47.13977 -5.478767 2 -47.13977 -5.478767 10 -47.1406 -5.4792 10 -47.13977 5.478767 -10 -47.1406 5.4792 -10 -47.13977 5.478767 -2 -47.13977 5.478767 2 -47.13977 5.478767 10 -47.1406 5.4792 10 -46.928 -4 -10 -46.928 -4 -10 -46.928 -4 -8 -46.928 -4 -8 -46.928 -4 8 -46.928 -4 8 -46.928 -4 10 -46.928 -4 10 -46.928 4 -10 -46.928 4 -10 -46.928 4 -8 -46.928 4 -8 -46.928 4 8 -46.928 4 8 -46.928 4 10 -46.928 4 10 -46.3639 -6.3639 -10 -46.364 -6.364 -10 -46.364 -6.364 -10 -46.364 -6.364 -2 -46.364 -6.364 -2 -46.364 -6.364 -2 -46.3639 -6.3639 2 -46.364 -6.364 2 -46.364 -6.364 2 -46.3639 -6.3639 10 -46.364 -6.364 10 -46.364 -6.364 10 -46.364 6.364 -10 -46.3639 6.3639 -10 -46.364 6.364 -10 -46.3638 6.364 -2 -46.364 6.364 -2 -46.364 6.364 -2 -46.364 6.364 2 -46.364 6.364 2 -46.3639 6.3639 2 -46.364 6.364 10 -46.364 6.364 10 -46.364 6.364 10 -46.3472 -4.8704 -10 -46.3472 -4.8704 -10 -46.3472 -4.8704 -8 -46.3472 -4.8704 -8 -46.3472 -4.8704 8 -46.3472 -4.8704 8 -46.3472 -4.8704 10 -46.3472 -4.8704 10 -46.3472 4.8704 -10 -46.3472 4.8704 -10 -46.3472 4.8704 -8 -46.3472 4.8704 -8 -46.3472 4.8704 8 -46.3472 4.8704 8 -46.3472 4.8704 10 -46.3472 4.8704 10 -46 0 -8 -46 0 -8 -46 0 8 -46 0 8 -45.9484 -0.7830001 -8 -45.9484 -0.7830001 -8 -45.9484 -0.7830001 8 -45.9484 -0.7830001 8 -45.9484 0.7830001 -8 -45.9484 0.7830001 -8 -45.9484 0.7830001 8 -45.9484 0.7830001 8 -45.886 -35.21 -17.5 -45.886 -35.21 -17.5 -45.886 -35.21 17.5 -45.886 -35.21 17.5 -45.88605 35.20976 -17.5 -45.8855 35.20934 -17.5 -45.8855 35.20934 17.5 -45.88605 35.20976 17.5 -45.7954 -1.5528 -8 -45.7954 -1.5528 -8 -45.7954 -1.5528 8 -45.7954 -1.5528 8 -45.7954 1.5528 -8 -45.7954 1.5528 -8 -45.7954 1.5528 8 -45.7954 1.5528 8 -45.6568 -5.6568 -10 -45.6568 -5.6568 -10 -45.6568 -5.6568 -8 -45.6568 -5.6568 -8 -45.6568 -5.6568 8 -45.6568 -5.6568 8 -45.6568 -5.6568 10 -45.6568 -5.6568 10 -45.6568 5.6568 -10 -45.6568 5.6568 -10 -45.6568 5.6568 -8 -45.6568 5.6568 -8 -45.6568 5.6568 8 -45.6568 5.6568 8 -45.6568 5.6568 10 -45.6568 5.6568 10 -45.5434 -2.2962 -8 -45.5434 -2.2962 -8 -45.5434 -2.2962 8 -45.5434 -2.2962 8 -45.5434 2.2962 -8 -45.5434 2.2962 -8 -45.5434 2.2962 8 -45.5434 2.2962 8 -45.4792 -7.1406 -10 -45.4792 -7.1406 10 -45.4792 7.1406 -10 -45.4792 7.1406 10 -45.196 -3 -8 -45.196 -3 -8 -45.196 -3 8 -45.196 -3 8 -45.196 3 -8 -45.196 3 -8 -45.196 3 8 -45.196 3 8 -44.8704 -6.3472 -10 -44.8704 -6.3472 -10 -44.8704 -6.3472 -8 -44.8704 -6.3472 -8 -44.8704 -6.3472 8 -44.8704 -6.3472 8 -44.8704 -6.3472 10 -44.8704 -6.3472 10 -44.8704 6.3472 -10 -44.8704 6.3472 -10 -44.8704 6.3472 -8 -44.8704 6.3472 -8 -44.8704 6.3472 8 -44.8704 6.3472 8 -44.8704 6.3472 10 -44.8704 6.3472 10 -44.7604 -3.6528 -8 -44.7604 -3.6528 -8 -44.7604 -3.6528 8 -44.7604 -3.6528 8 -44.7604 3.6528 -8 -44.7604 3.6528 -8 -44.7604 3.6528 8 -44.7604 3.6528 8 -44.5 -7.794 -10 -44.5 -7.794 10 -44.5 7.794 -10 -44.5 7.794 10 -44.30409 -33.99588 -10 -44.304 -33.996 10 -44.30378 33.99564 -10 -44.30409 33.99588 10 -44.2426 -4.2426 -8 -44.2426 -4.2426 -8 -44.2426 -4.2426 8 -44.2426 -4.2426 8 -44.2426 4.2426 -8 -44.2426 4.2426 -8 -44.2426 4.2426 8 -44.2426 4.2426 8 -44 -6.928 -10 -44 -6.928 -10 -44 -6.928 -8 -44 -6.928 -8 -44 -6.928 8 -44 -6.928 8 -44 -6.928 10 -44 -6.928 10 -44 6.928 -10 -44 6.928 -10 -44 6.928 -8 -44 6.928 -8 -44 6.928 8 -44 6.928 8 -44 6.928 10 -44 6.928 10 -43.6528 -4.7604 -8 -43.6528 -4.7604 -8 -43.6528 -4.7604 8 -43.6528 -4.7604 8 -43.6528 4.7604 -8 -43.6528 4.7604 -8 -43.6528 4.7604 8 -43.6528 4.7604 8 -43.46816 -33.35445 0 -43.46816 33.35445 0 -43.4443 -8.3151 -10 -43.4443 -8.3151 10 -43.4443 8.3151 -10 -43.4443 8.3151 10 -43.0616 -7.3912 -10 -43.0616 -7.3912 -10 -43.0616 -7.3912 -8 -43.0616 -7.3912 -8 -43.0616 -7.3912 8 -43.0616 -7.3912 8 -43.0616 -7.3912 10 -43.0616 -7.3912 10 -43.0616 7.3912 -10 -43.0616 7.3912 -10 -43.0616 7.3912 -8 -43.0616 7.3912 -8 -43.0616 7.3912 8 -43.0616 7.3912 8 -43.0616 7.3912 10 -43.0616 7.3912 10 -43 -5.196 -8 -43 -5.196 -8 -43 -5.196 8 -43 -5.196 8 -43 5.196 -8 -43 5.196 -8 -43 5.196 8 -43 5.196 8 -42.94 -42.94 -17.5 -42.94 -42.94 17.5 -42.93914 42.93914 -17.5 -42.93914 42.93914 17.5 -42.3292 -8.6931 -10 -42.3292 -8.6931 10 -42.3292 8.6931 -10 -42.3292 8.6931 10 -42.2962 -5.5434 -8 -42.2962 -5.5434 -8 -42.2962 -5.5434 8 -42.2962 -5.5434 8 -42.2962 5.5434 -8 -42.2962 5.5434 -8 -42.2962 5.5434 8 -42.2962 5.5434 8 -42.0704 -7.7272 -10 -42.0704 -7.7272 -10 -42.0704 -7.7272 -8 -42.0704 -7.7272 -8 -42.0704 -7.7272 8 -42.0704 -7.7272 8 -42.0704 -7.7272 10 -42.0704 -7.7272 10 -42.0704 7.7272 -10 -42.0704 7.7272 -10 -42.0704 7.7272 -8 -42.0704 7.7272 -8 -42.0704 7.7272 8 -42.0704 7.7272 8 -42.0704 7.7272 10 -42.0704 7.7272 10 -41.5528 -5.7954 -8 -41.5528 -5.7954 -8 -41.5528 -5.7954 8 -41.5528 -5.7954 8 -41.5528 5.7954 -8 -41.5528 5.7954 -8 -41.5528 5.7954 8 -41.5528 5.7954 8 -41.1745 -8.9226 -10 -41.1745 -8.9226 10 -41.1745 8.9226 -10 -41.1745 8.9226 10 -41.044 -7.9312 -10 -41.044 -7.9312 -10 -41.044 -7.9312 -8 -41.044 -7.9312 -8 -41.044 -7.9312 8 -41.044 -7.9312 8 -41.044 -7.9312 10 -41.044 -7.9312 10 -41.044 7.9312 -10 -41.044 7.9312 -10 -41.044 7.9312 -8 -41.044 7.9312 -8 -41.044 7.9312 8 -41.044 7.9312 8 -41.044 7.9312 10 -41.044 7.9312 10 -40.895 -40.895 -17.5 -40.895 -40.895 -17.5 -40.895 -40.895 17.5 -40.895 -40.895 17.5 -40.89442 40.89442 -17.5 -40.89492 40.89492 -17.5 -40.89492 40.89492 17.5 -40.89442 40.89442 17.5 -40.783 -5.9484 -8 -40.783 -5.9484 -8 -40.783 -5.9484 8 -40.783 -5.9484 8 -40.783 5.9484 -8 -40.783 5.9484 -8 -40.783 5.9484 8 -40.783 5.9484 8 -40 -9 -10 -40 -9 10 -40 -8 -10 -40 -8 -10 -40 -8 -8 -40 -8 -8 -40 -8 8 -40 -8 8 -40 -8 10 -40 -8 10 -40 -6 -8 -40 -6 -8 -40 -6 8 -40 -6 8 -40 6 -8 -40 6 -8 -40 6 8 -40 6 8 -40 8 -10 -40 8 -10 -40 8 -8 -40 8 -8 -40 8 8 -40 8 8 -40 8 10 -40 8 10 -40 9 -10 -40 9 10 -39.48503 -39.48503 -10 -39.48503 -39.48503 10 -39.48475 39.48475 -10 -39.48475 39.48475 10 -39.217 -5.9484 -8 -39.217 -5.9484 -8 -39.217 -5.9484 8 -39.217 -5.9484 8 -39.217 5.9484 -8 -39.217 5.9484 -8 -39.217 5.9484 8 -39.217 5.9484 8 -38.956 -7.9312 -10 -38.956 -7.9312 -10 -38.956 -7.9312 -8 -38.956 -7.9312 -8 -38.956 -7.9312 8 -38.956 -7.9312 8 -38.956 -7.9312 10 -38.956 -7.9312 10 -38.956 7.9312 -10 -38.956 7.9312 -10 -38.956 7.9312 -8 -38.956 7.9312 -8 -38.956 7.9312 8 -38.956 7.9312 8 -38.956 7.9312 10 -38.956 7.9312 10 -38.8255 -8.9226 -10 -38.8255 -8.9226 10 -38.8255 8.9226 -10 -38.8255 8.9226 10 -38.74003 -38.74003 0 -38.74003 38.74003 0 -38.4472 -5.7954 -8 -38.4472 -5.7954 -8 -38.4472 -5.7954 8 -38.4472 -5.7954 8 -38.4472 5.7954 -8 -38.4472 5.7954 -8 -38.4472 5.7954 8 -38.4472 5.7954 8 -37.9296 -7.7272 -10 -37.9296 -7.7272 -10 -37.9296 -7.7272 -8 -37.9296 -7.7272 -8 -37.9296 -7.7272 8 -37.9296 -7.7272 8 -37.9296 -7.7272 10 -37.9296 -7.7272 10 -37.9296 7.7272 -10 -37.9296 7.7272 -10 -37.9296 7.7272 -8 -37.9296 7.7272 -8 -37.9296 7.7272 8 -37.9296 7.7272 8 -37.9296 7.7272 10 -37.9296 7.7272 10 -37.7038 -5.5434 -8 -37.7038 -5.5434 -8 -37.7038 -5.5434 8 -37.7038 -5.5434 8 -37.7038 5.5434 -8 -37.7038 5.5434 -8 -37.7038 5.5434 8 -37.7038 5.5434 8 -37.6708 -8.6931 -10 -37.6708 -8.6931 10 -37.6708 8.6931 -10 -37.6708 8.6931 10 -37 -5.196 -8 -37 -5.196 -8 -37 -5.196 8 -37 -5.196 8 -37 5.196 -8 -37 5.196 -8 -37 5.196 8 -37 5.196 8 -36.97 -48.18 -17.5 -36.97 -48.18 17.5 -36.96981 48.17977 -17.5 -36.96981 48.17977 17.5 -36.9384 -7.3912 -10 -36.9384 -7.3912 -10 -36.9384 -7.3912 -8 -36.9384 -7.3912 -8 -36.9384 -7.3912 8 -36.9384 -7.3912 8 -36.9384 -7.3912 10 -36.9384 -7.3912 10 -36.9384 7.3912 -10 -36.9384 7.3912 -10 -36.9384 7.3912 -8 -36.9384 7.3912 -8 -36.9384 7.3912 8 -36.9384 7.3912 8 -36.9384 7.3912 10 -36.9384 7.3912 10 -36.5557 -8.3151 -10 -36.5557 -8.3151 10 -36.5557 8.3151 -10 -36.5557 8.3151 10 -36.3472 -4.7604 -8 -36.3472 -4.7604 -8 -36.3472 -4.7604 8 -36.3472 -4.7604 8 -36.3472 4.7604 -8 -36.3472 4.7604 -8 -36.3472 4.7604 8 -36.3472 4.7604 8 -36 -6.928 -10 -36 -6.928 -10 -36 -6.928 -8 -36 -6.928 -8 -36 -6.928 8 -36 -6.928 8 -36 -6.928 10 -36 -6.928 10 -36 6.928 -10 -36 6.928 -10 -36 6.928 -8 -36 6.928 -8 -36 6.928 8 -36 6.928 8 -36 6.928 10 -36 6.928 10 -35.7574 -4.2426 -8 -35.7574 -4.2426 -8 -35.7574 -4.2426 8 -35.7574 -4.2426 8 -35.7574 4.2426 -8 -35.7574 4.2426 -8 -35.7574 4.2426 8 -35.7574 4.2426 8 -35.5 -7.794 -10 -35.5 -7.794 10 -35.5 7.794 -10 -35.5 7.794 10 -35.2396 -3.6528 -8 -35.2396 -3.6528 -8 -35.2396 -3.6528 8 -35.2396 -3.6528 8 -35.2396 3.6528 -8 -35.2396 3.6528 -8 -35.2396 3.6528 8 -35.2396 3.6528 8 -35.21 -45.886 -17.5 -35.21 -45.886 -17.5 -35.21 -45.886 17.5 -35.21 -45.886 17.5 -35.20976 45.88605 -17.5 -35.20934 45.8855 -17.5 -35.20934 45.8855 17.5 -35.20976 45.88605 17.5 -35.1296 -6.3472 -10 -35.1296 -6.3472 -10 -35.1296 -6.3472 -8 -35.1296 -6.3472 -8 -35.1296 -6.3472 8 -35.1296 -6.3472 8 -35.1296 -6.3472 10 -35.1296 -6.3472 10 -35.1296 6.3472 -10 -35.1296 6.3472 -10 -35.1296 6.3472 -8 -35.1296 6.3472 -8 -35.1296 6.3472 8 -35.1296 6.3472 8 -35.1296 6.3472 10 -35.1296 6.3472 10 -34.804 -3 -8 -34.804 -3 -8 -34.804 -3 8 -34.804 -3 8 -34.804 3 -8 -34.804 3 -8 -34.804 3 8 -34.804 3 8 -34.5208 -7.1406 -10 -34.5208 -7.1406 10 -34.5208 7.1406 -10 -34.5208 7.1406 10 -34.4566 -2.2962 -8 -34.4566 -2.2962 -8 -34.4566 -2.2962 8 -34.4566 -2.2962 8 -34.4566 2.2962 -8 -34.4566 2.2962 -8 -34.4566 2.2962 8 -34.4566 2.2962 8 -34.3432 -5.6568 -10 -34.3432 -5.6568 -10 -34.3432 -5.6568 -8 -34.3432 -5.6568 -8 -34.3432 -5.6568 8 -34.3432 -5.6568 8 -34.3432 -5.6568 10 -34.3432 -5.6568 10 -34.3432 5.6568 -10 -34.3432 5.6568 -10 -34.3432 5.6568 -8 -34.3432 5.6568 -8 -34.3432 5.6568 8 -34.3432 5.6568 8 -34.3432 5.6568 10 -34.3432 5.6568 10 -34.2046 -1.5528 -8 -34.2046 -1.5528 -8 -34.2046 -1.5528 8 -34.2046 -1.5528 8 -34.2046 1.5528 -8 -34.2046 1.5528 -8 -34.2046 1.5528 8 -34.2046 1.5528 8 -34.0516 -0.7830001 -8 -34.0516 -0.7830001 -8 -34.0516 -0.7830001 8 -34.0516 -0.7830001 8 -34.0516 0.7830001 -8 -34.0516 0.7830001 -8 -34.0516 0.7830001 8 -34.0516 0.7830001 8 -34 0 -8 -34 0 -8 -34 0 8 -34 0 8 -33.996 -44.304 -10 -33.996 -44.304 10 -33.99564 44.30378 -10 -33.99588 44.30409 10 -33.6528 -4.8704 -10 -33.6528 -4.8704 -10 -33.6528 -4.8704 -8 -33.6528 -4.8704 -8 -33.6528 -4.8704 8 -33.6528 -4.8704 8 -33.6528 -4.8704 10 -33.6528 -4.8704 10 -33.6528 4.8704 -10 -33.6528 4.8704 -10 -33.6528 4.8704 -8 -33.6528 4.8704 -8 -33.6528 4.8704 8 -33.6528 4.8704 8 -33.6528 4.8704 10 -33.6528 4.8704 10 -33.64 -6.36 -10 -33.64 -6.36 -10 -33.64 -6.36 -10 -33.64 -6.36 -2 -33.64 -6.36 -2 -33.64 -6.36 -2 -33.64 -6.36 2 -33.64 -6.36 2 -33.64 -6.36 2 -33.64 -6.36 10 -33.64 -6.36 10 -33.64 -6.36 10 -33.64 6.36 -10 -33.64 6.36 -10 -33.64 6.36 -10 -33.64 6.36 -2 -33.64 6.36 -2 -33.64 6.36 -2 -33.64 6.36 2 -33.64 6.36 2 -33.64 6.36 2 -33.64 6.36 10 -33.64 6.36 10 -33.64 6.36 10 -33.6361 -6.3639 -10 -33.6361 -6.3639 10 -33.6361 6.3639 -10 -33.6361 6.3639 10 -33.35445 -43.46816 0 -33.35445 43.46816 0 -33.072 -4 -10 -33.072 -4 -10 -33.072 -4 -8 -33.072 -4 -8 -33.072 -4 8 -33.072 -4 8 -33.072 -4 10 -33.072 -4 10 -33.072 4 -10 -33.072 4 -10 -33.072 4 -8 -33.072 4 -8 -33.072 4 8 -33.072 4 8 -33.072 4 10 -33.072 4 10 -32.86472 -5.475324 -10 -32.86472 -5.475324 -2 -32.86472 -5.475324 2 -32.86472 -5.475324 10 -32.86472 5.475324 -10 -32.86472 5.475324 -2 -32.86472 5.475324 2 -32.86472 5.475324 10 -32.8594 -5.4792 -10 -32.8594 -5.4792 10 -32.8594 5.4792 -10 -32.8594 5.4792 10 -32.6088 -3.0616 -10 -32.6088 -3.0616 -10 -32.6088 -3.0616 -8 -32.6088 -3.0616 -8 -32.6088 -3.0616 8 -32.6088 -3.0616 8 -32.6088 -3.0616 10 -32.6088 -3.0616 10 -32.6088 3.0616 -10 -32.6088 3.0616 -10 -32.6088 3.0616 -8 -32.6088 3.0616 -8 -32.6088 3.0616 8 -32.6088 3.0616 8 -32.6088 3.0616 10 -32.6088 3.0616 10 -32.2728 -2.0704 -10 -32.2728 -2.0704 -10 -32.2728 -2.0704 -8 -32.2728 -2.0704 -8 -32.2728 -2.0704 8 -32.2728 -2.0704 8 -32.2728 -2.0704 10 -32.2728 -2.0704 10 -32.2728 2.0704 -10 -32.2728 2.0704 -10 -32.2728 2.0704 -8 -32.2728 2.0704 -8 -32.2728 2.0704 8 -32.2728 2.0704 8 -32.2728 2.0704 10 -32.2728 2.0704 10 -32.21091 -4.497156 -10 -32.21091 -4.497156 -2 -32.21091 -4.497156 2 -32.21091 -4.497156 10 -32.21091 4.497156 -10 -32.21091 4.497156 -2 -32.21091 4.497156 2 -32.21091 4.497156 10 -32.206 -4.5 -10 -32.206 -4.5 10 -32.206 4.5 -10 -32.206 4.5 10 -32.0688 -1.044 -10 -32.0688 -1.044 -10 -32.0688 -1.044 -8 -32.0688 -1.044 -8 -32.0688 -1.044 8 -32.0688 -1.044 8 -32.0688 -1.044 10 -32.0688 -1.044 10 -32.0688 1.044 -10 -32.0688 1.044 -10 -32.0688 1.044 -8 -32.0688 1.044 -8 -32.0688 1.044 8 -32.0688 1.044 8 -32.0688 1.044 10 -32.0688 1.044 10 -32 0 -10 -32 0 -10 -32 0 -8 -32 0 -8 -32 0 8 -32 0 8 -32 0 10 -32 0 10 -31.69002 -3.442032 -10 -31.69 -3.442 -2 -31.69002 -3.442032 -2 -31.69002 -3.442032 2 -31.69 -3.442 2 -31.69002 -3.442032 10 -31.69002 3.442032 -10 -31.69 3.442 -2 -31.69002 3.442032 -2 -31.69002 3.442032 2 -31.69 3.442 2 -31.69002 3.442032 10 -31.6849 -3.4443 -10 -31.6849 -3.4443 10 -31.6849 3.4443 -10 -31.6849 3.4443 10 -31.31224 -2.32776 -10 -31.31224 -2.32776 -2 -31.31224 -2.32776 2 -31.31224 -2.32776 10 -31.31224 2.32776 -10 -31.31224 2.32776 -2 -31.31224 2.32776 2 -31.31224 2.32776 10 -31.3069 -2.3292 -10 -31.3069 -2.3292 10 -31.3069 2.3292 -10 -31.3069 2.3292 10 -31.08201 -1.174056 -10 -31.08201 -1.174056 -2 -31.08201 -1.174056 2 -31.08201 -1.174056 10 -31.08201 1.174056 -10 -31.08201 1.174056 -2 -31.08201 1.174056 2 -31.08201 1.174056 10 -31.0774 -1.1745 -10 -31.0774 -1.1745 10 -31.0774 1.1745 -10 -31.0774 1.1745 10 -31.00569 0 -10 -31.0057 0 -2 -31.00569 0 -2 -31.00569 0 2 -31.0057 0 2 -31.00569 0 10 -31 -9 -10 -31 -9 10 -31 0 -10 -31 0 10 -31 9 -10 -31 9 10 -30.363 -52.589 -17.5 -30.363 -52.589 17.5 -30.36285 52.58846 -17.5 -30.36285 52.58846 17.5 -29 -9 -10 -29 -9 10 -29 0 -10 -29 0 10 -29 9 -10 -29 9 10 -28.99431 0 -10 -28.99431 0 -2 -28.9943 0 -2 -28.9943 0 2 -28.99431 0 2 -28.99431 0 10 -28.9226 -1.1745 -10 -28.9226 -1.1745 10 -28.9226 1.1745 -10 -28.9226 1.1745 10 -28.917 -50.085 -17.5 -28.917 -50.085 -17.5 -28.917 -50.085 17.5 -28.917 -50.085 17.5 -28.91799 -1.174056 -10 -28.91799 -1.174056 -2 -28.91799 -1.174056 2 -28.91799 -1.174056 10 -28.91799 1.174056 -10 -28.91799 1.174056 -2 -28.91799 1.174056 2 -28.91799 1.174056 10 -28.917 50.08424 -17.5 -28.91735 50.08485 -17.5 -28.917 50.08424 17.5 -28.91735 50.08485 17.5 -28.8612 -7.7328 0 -28.8602 7.733995 0 -28.6931 -2.3292 -10 -28.6931 -2.3292 10 -28.6931 2.3292 -10 -28.6931 2.3292 10 -28.68776 -2.32776 -10 -28.68776 -2.32776 -2 -28.68776 -2.32776 2 -28.68776 -2.32776 10 -28.68776 2.32776 -10 -28.68776 2.32776 -2 -28.68776 2.32776 2 -28.68776 2.32776 10 -28.3151 -3.4443 -10 -28.3151 -3.4443 10 -28.3151 3.4443 -10 -28.3151 3.4443 10 -28.30998 -3.442032 -10 -28.31 -3.442 -2 -28.30998 -3.442032 -2 -28.31 -3.442 2 -28.30998 -3.442032 2 -28.30998 -3.442032 10 -28.30998 3.442032 -10 -28.30998 3.442032 -2 -28.31 3.442 -2 -28.31 3.442 2 -28.30998 3.442032 2 -28.30998 3.442032 10 -28 0 -10 -28 0 -10 -28 0 -8 -28 0 -8 -28 0 8 -28 0 8 -28 0 10 -28 0 10 -27.9312 -1.044 -10 -27.9312 -1.044 -10 -27.9312 -1.044 -8 -27.9312 -1.044 -8 -27.9312 -1.044 8 -27.9312 -1.044 8 -27.9312 -1.044 10 -27.9312 -1.044 10 -27.9312 1.044 -10 -27.9312 1.044 -10 -27.9312 1.044 -8 -27.9312 1.044 -8 -27.9312 1.044 8 -27.9312 1.044 8 -27.9312 1.044 10 -27.9312 1.044 10 -27.9204 -48.35813 -10 -27.92 -48.358 10 -27.9202 48.35778 -10 -27.9204 48.35813 10 -27.794 -4.5 -10 -27.794 -4.5 10 -27.794 4.5 -10 -27.794 4.5 10 -27.78909 -4.497156 -10 -27.78909 -4.497156 -2 -27.78909 -4.497156 2 -27.78909 -4.497156 10 -27.78909 4.497156 -10 -27.78909 4.497156 -2 -27.78909 4.497156 2 -27.78909 4.497156 10 -27.7272 -2.0704 -10 -27.7272 -2.0704 -10 -27.7272 -2.0704 -8 -27.7272 -2.0704 -8 -27.7272 -2.0704 8 -27.7272 -2.0704 8 -27.7272 -2.0704 10 -27.7272 -2.0704 10 -27.7272 2.0704 -10 -27.7272 2.0704 -10 -27.7272 2.0704 -8 -27.7272 2.0704 -8 -27.7272 2.0704 8 -27.7272 2.0704 8 -27.7272 2.0704 10 -27.7272 2.0704 10 -27.6062 11.43549 0 -27.60386 -11.43268 0 -27.3936 -47.44571 0 -27.3936 47.44571 0 -27.3912 -3.0616 -10 -27.3912 -3.0616 -10 -27.3912 -3.0616 -8 -27.3912 -3.0616 -8 -27.3912 -3.0616 8 -27.3912 -3.0616 8 -27.3912 -3.0616 10 -27.3912 -3.0616 10 -27.3912 3.0616 -10 -27.3912 3.0616 -10 -27.3912 3.0616 -8 -27.3912 3.0616 -8 -27.3912 3.0616 8 -27.3912 3.0616 8 -27.3912 3.0616 10 -27.3912 3.0616 10 -27.2578 -7.3032 -8 -27.258 -7.304 -8 -27.258 -7.304 8 -27.2578 -7.3032 8 -27.25743 7.303736 -8 -27.25686 7.304328 -8 -27.25743 7.303736 8 -27.25686 7.304328 8 -27.1406 -5.4792 -10 -27.1406 -5.4792 10 -27.1406 5.4792 -10 -27.1406 5.4792 10 -27.13528 -5.475324 -10 -27.13528 -5.475324 -2 -27.13528 -5.475324 2 -27.13528 -5.475324 10 -27.13528 5.475324 -10 -27.13528 5.475324 -2 -27.13528 5.475324 2 -27.13528 5.475324 10 -26.928 -4 -10 -26.928 -4 -10 -26.928 -4 -8 -26.928 -4 -8 -26.928 -4 8 -26.928 -4 8 -26.928 -4 10 -26.928 -4 10 -26.928 4 -10 -26.928 4 -10 -26.928 4 -8 -26.928 4 -8 -26.928 4 8 -26.928 4 8 -26.928 4 10 -26.928 4 10 -26.3639 -6.3639 -10 -26.3639 -6.3639 10 -26.3639 6.3639 -10 -26.3639 6.3639 10 -26.36 -6.36 -10 -26.36 -6.36 -10 -26.36 -6.36 -10 -26.36 -6.36 -2 -26.36 -6.36 -2 -26.36 -6.36 -2 -26.36 -6.36 2 -26.36 -6.36 2 -26.36 -6.36 2 -26.36 -6.36 10 -26.36 -6.36 10 -26.36 -6.36 10 -26.36 6.36 -10 -26.36 6.36 -10 -26.36 6.36 -10 -26.36 6.36 -2 -26.36 6.36 -2 -26.36 6.36 -2 -26.36 6.36 2 -26.36 6.36 2 -26.36 6.36 2 -26.36 6.36 10 -26.36 6.36 10 -26.36 6.36 10 -26.3472 -4.8704 -10 -26.3472 -4.8704 -10 -26.3472 -4.8704 -8 -26.3472 -4.8704 -8 -26.3472 -4.8704 8 -26.3472 -4.8704 8 -26.3472 -4.8704 10 -26.3472 -4.8704 10 -26.3472 4.8704 -10 -26.3472 4.8704 -10 -26.3472 4.8704 -8 -26.3472 4.8704 -8 -26.3472 4.8704 8 -26.3472 4.8704 8 -26.3472 4.8704 10 -26.3472 4.8704 10 -26.07317 10.79968 -8 -26.07253 10.80019 -8 -26.07317 10.79968 8 -26.07253 10.80019 8 -26.07031 -10.79753 -8 -26.07041 -10.79835 -8 -26.07041 -10.79835 8 -26.07031 -10.79753 8 -26 0 -8 -26 0 -8 -26 0 8 -26 0 8 -25.9484 -0.7830001 -8 -25.9484 -0.7830001 -8 -25.9484 -0.7830001 8 -25.9484 -0.7830001 8 -25.9484 0.7830001 -8 -25.9484 0.7830001 -8 -25.9484 0.7830001 8 -25.9484 0.7830001 8 -25.8961 -6.9394 -8 -25.8961 -6.9394 8 -25.8951 -6.9388 -8 -25.8951 -6.9388 8 -25.89572 6.93853 -8 -25.89572 6.93853 8 -25.89456 6.938549 -8 -25.89456 6.938549 8 -25.87578 -14.93839 0 -25.87562 14.93989 0 -25.7954 -1.5528 -8 -25.7954 -1.5528 -8 -25.7954 -1.5528 8 -25.7954 -1.5528 8 -25.7954 1.5528 -8 -25.7954 1.5528 -8 -25.7954 1.5528 8 -25.7954 1.5528 8 -25.6568 -5.6568 -10 -25.6568 -5.6568 -10 -25.6568 -5.6568 -8 -25.6568 -5.6568 -8 -25.6568 -5.6568 8 -25.6568 -5.6568 8 -25.6568 -5.6568 10 -25.6568 -5.6568 10 -25.6568 5.6568 -10 -25.6568 5.6568 -10 -25.6568 5.6568 -8 -25.6568 5.6568 -8 -25.6568 5.6568 8 -25.6568 5.6568 8 -25.6568 5.6568 10 -25.6568 5.6568 10 -25.5434 -2.2962 -8 -25.5434 -2.2962 -8 -25.5434 -2.2962 8 -25.5434 -2.2962 8 -25.5434 2.2962 -8 -25.5434 2.2962 -8 -25.5434 2.2962 8 -25.5434 2.2962 8 -25.4792 -7.1406 -10 -25.4792 -7.1406 10 -25.4792 7.1406 -10 -25.4792 7.1406 10 -25.196 -3 -8 -25.196 -3 -8 -25.196 -3 8 -25.196 -3 8 -25.196 3 -8 -25.196 3 -8 -25.196 3 8 -25.196 3 8 -24.8704 -6.3472 -10 -24.8704 -6.3472 -10 -24.8704 -6.3472 -8 -24.8704 -6.3472 -8 -24.8704 -6.3472 8 -24.8704 -6.3472 8 -24.8704 -6.3472 10 -24.8704 -6.3472 10 -24.8704 6.3472 -10 -24.8704 6.3472 -10 -24.8704 6.3472 -8 -24.8704 6.3472 -8 -24.8704 6.3472 8 -24.8704 6.3472 8 -24.8704 6.3472 10 -24.8704 6.3472 10 -24.77067 10.25983 -8 -24.77067 10.25983 8 -24.76951 10.25969 -8 -24.76951 10.25969 8 -24.76689 -10.25844 -8 -24.7678 -10.25916 -8 -24.76689 -10.25844 8 -24.7678 -10.25916 8 -24.7604 -3.6528 -8 -24.7604 -3.6528 -8 -24.7604 -3.6528 8 -24.7604 -3.6528 8 -24.7604 3.6528 -8 -24.7604 3.6528 -8 -24.7604 3.6528 8 -24.7604 3.6528 8 -24.5 -7.794 -10 -24.5 -7.794 10 -24.5 7.794 -10 -24.5 7.794 10 -24.43823 -14.1093 -8 -24.43824 -14.10848 -8 -24.43823 -14.1093 8 -24.43824 -14.10848 8 -24.43879 14.10947 -8 -24.43808 14.1099 -8 -24.43808 14.1099 8 -24.43879 14.10947 8 -24.3722 -6.5305 -2 -24.3728 -6.5312 -2 -24.3728 -6.5312 2 -24.3722 -6.5305 2 -24.37157 6.530687 -2 -24.37245 6.530381 -2 -24.37245 6.530381 2 -24.37157 6.530687 2 -24.2426 -4.2426 -8 -24.2426 -4.2426 -8 -24.2426 -4.2426 8 -24.2426 -4.2426 8 -24.2426 4.2426 -8 -24.2426 4.2426 -8 -24.2426 4.2426 8 -24.2426 4.2426 8 -24 -6.928 -10 -24 -6.928 -10 -24 -6.928 -8 -24 -6.928 -8 -24 -6.928 8 -24 -6.928 8 -24 -6.928 10 -24 -6.928 10 -24 6.928 -10 -24 6.928 -10 -24 6.928 -8 -24 6.928 -8 -24 6.928 8 -24 6.928 8 -24 6.928 10 -24 6.928 10 -23.70552 -18.18951 0 -23.7059 18.19075 0 -23.6528 -4.7604 -8 -23.6528 -4.7604 -8 -23.6528 -4.7604 8 -23.6528 -4.7604 8 -23.6528 4.7604 -8 -23.6528 4.7604 -8 -23.6528 4.7604 8 -23.6528 4.7604 8 -23.4443 -8.3151 -10 -23.4443 -8.3151 10 -23.4443 8.3151 -10 -23.4443 8.3151 10 -23.31357 9.656308 -2 -23.31267 9.656497 -2 -23.31267 9.656497 2 -23.31357 9.656308 2 -23.31087 -9.655683 -2 -23.31037 -9.654911 -2 -23.31087 -9.655683 2 -23.31037 -9.654911 2 -23.24 -56.105 -17.5 -23.24 -56.105 17.5 -23.23973 56.10447 -17.5 -23.23973 56.10447 17.5 -23.21713 -13.40468 -8 -23.21798 13.40428 -8 -23.21798 13.40428 8 -23.21632 -13.40384 -8 -23.21632 -13.40384 8 -23.21713 -13.40468 8 -23.21685 13.404 -8 -23.21685 13.404 8 -23.0616 -7.3912 -10 -23.0616 -7.3912 -10 -23.0616 -7.3912 -8 -23.0616 -7.3912 -8 -23.0616 -7.3912 8 -23.0616 -7.3912 8 -23.0616 -7.3912 10 -23.0616 -7.3912 10 -23.0616 7.3912 -10 -23.0616 7.3912 -10 -23.0616 7.3912 -8 -23.0616 7.3912 -8 -23.0616 7.3912 8 -23.0616 7.3912 8 -23.0616 7.3912 10 -23.0616 7.3912 10 -23 -5.196 -8 -23 -5.196 -8 -23 -5.196 8 -23 -5.196 8 -23 5.196 -8 -23 5.196 -8 -23 5.196 8 -23 5.196 8 -22.38966 17.17982 -8 -22.38966 17.17982 8 -22.38855 -17.17899 -8 -22.38843 -17.1798 -8 -22.38843 -17.1798 8 -22.38855 -17.17899 8 -22.38891 17.18015 -8 -22.38891 17.18015 8 -22.3292 -8.6931 -10 -22.3292 -8.6931 10 -22.3292 8.6931 -10 -22.3292 8.6931 10 -22.2962 -5.5434 -8 -22.2962 -5.5434 -8 -22.2962 -5.5434 8 -22.2962 -5.5434 8 -22.2962 5.5434 -8 -22.2962 5.5434 -8 -22.2962 5.5434 8 -22.2962 5.5434 8 -22.133 -53.434 -17.5 -22.133 -53.433 -17.5 -22.133 -53.433 17.5 -22.133 -53.434 17.5 -22.13307 53.43283 -17.5 -22.13334 53.43348 -17.5 -22.13334 53.43348 17.5 -22.13307 53.43283 17.5 -22.0704 -7.7272 -10 -22.0704 -7.7272 -10 -22.0704 -7.7272 -8 -22.0704 -7.7272 -8 -22.0704 -7.7272 8 -22.0704 -7.7272 8 -22.0704 -7.7272 10 -22.0704 -7.7272 10 -22.0704 7.7272 -10 -22.0704 7.7272 -10 -22.0704 7.7272 -8 -22.0704 7.7272 -8 -22.0704 7.7272 8 -22.0704 7.7272 8 -22.0704 7.7272 10 -22.0704 7.7272 10 -21.85141 -12.61617 -2 -21.85141 -12.61617 2 -21.8513 12.61587 -2 -21.85222 12.6158 -2 -21.8513 12.61587 2 -21.85222 12.6158 2 -21.85102 -12.61534 -2 -21.85102 -12.61534 2 -21.5528 -5.7954 -8 -21.5528 -5.7954 -8 -21.5528 -5.7954 8 -21.5528 -5.7954 8 -21.5528 5.7954 -8 -21.5528 5.7954 -8 -21.5528 5.7954 8 -21.5528 5.7954 8 -21.37027 -51.59132 -10 -21.37 -51.591 10 -21.37012 51.59095 -10 -21.37027 51.59132 10 -21.27127 16.32126 -8 -21.27127 16.32126 8 -21.269 -16.32081 8 -21.2697 -16.32175 8 -21.27018 16.32083 -8 -21.27018 16.32083 8 -21.269 -16.32081 -8 -21.2697 -16.32175 -8 -21.1745 -8.9226 -10 -21.1745 -8.9226 10 -21.1745 8.9226 -10 -21.1745 8.9226 10 -21.1274 -21.1272 0 -21.1272 21.1274 0 -21.044 -7.9312 -10 -21.044 -7.9312 -10 -21.044 -7.9312 -8 -21.044 -7.9312 -8 -21.044 -7.9312 8 -21.044 -7.9312 8 -21.044 -7.9312 10 -21.044 -7.9312 10 -21.044 7.9312 -10 -21.044 7.9312 -10 -21.044 7.9312 -8 -21.044 7.9312 -8 -21.044 7.9312 8 -21.044 7.9312 8 -21.044 7.9312 10 -21.044 7.9312 10 -20.96706 -50.61789 0 -20.96706 50.61789 0 -20.783 -5.9484 -8 -20.783 -5.9484 -8 -20.783 -5.9484 8 -20.783 -5.9484 8 -20.783 5.9484 -8 -20.783 5.9484 -8 -20.783 5.9484 8 -20.783 5.9484 8 -20.01854 -15.36165 -2 -20.01825 -15.36077 -2 -20.01854 -15.36165 2 -20.01825 -15.36077 2 -20.01909 15.36113 -2 -20.02002 15.36119 -2 -20.01909 15.36113 2 -20.02002 15.36119 2 -20 -9 -10 -20 -9 10 -20 -8 -10 -20 -8 -10 -20 -8 -8 -20 -8 -8 -20 -8 8 -20 -8 8 -20 -8 10 -20 -8 10 -20 -6 -8 -20 -6 -8 -20 -6 8 -20 -6 8 -20 6 -8 -20 6 -8 -20 6 8 -20 6 8 -20 8 -10 -20 8 -10 -20 8 -8 -20 8 -8 -20 8 8 -20 8 8 -20 8 10 -20 8 10 -20 9 -10 -20 9 10 -19.95343 -19.95426 -8 -19.95366 -19.95347 -8 -19.95343 -19.95426 8 -19.95366 -19.95347 8 -19.95347 19.95366 -8 -19.95426 19.95343 -8 -19.95347 19.95366 8 -19.95426 19.95343 8 -19.217 -5.9484 -8 -19.217 -5.9484 -8 -19.217 -5.9484 8 -19.217 -5.9484 8 -19.217 5.9484 -8 -19.217 5.9484 -8 -19.217 5.9484 8 -19.217 5.9484 8 -18.95757 18.95632 -8 -18.95757 18.95632 8 -18.95632 -18.95757 -8 -18.95632 -18.95757 8 -18.95576 -18.95655 -8 -18.95576 -18.95655 8 -18.956 -7.9312 -10 -18.956 -7.9312 -10 -18.956 -7.9312 -8 -18.956 -7.9312 -8 -18.956 -7.9312 8 -18.956 -7.9312 8 -18.956 -7.9312 10 -18.956 -7.9312 10 -18.956 7.9312 -10 -18.956 7.9312 -10 -18.956 7.9312 -8 -18.956 7.9312 -8 -18.956 7.9312 8 -18.956 7.9312 8 -18.956 7.9312 10 -18.956 7.9312 10 -18.95655 18.95576 -8 -18.95655 18.95576 8 -18.8255 -8.9226 -10 -18.8255 -8.9226 10 -18.8255 8.9226 -10 -18.8255 8.9226 10 -18.4472 -5.7954 -8 -18.4472 -5.7954 -8 -18.4472 -5.7954 8 -18.4472 -5.7954 8 -18.4472 5.7954 -8 -18.4472 5.7954 -8 -18.4472 5.7954 8 -18.4472 5.7954 8 -18.19075 -23.7059 0 -18.18951 23.70552 0 -17.9296 -7.7272 -10 -17.9296 -7.7272 -10 -17.9296 -7.7272 -8 -17.9296 -7.7272 -8 -17.9296 -7.7272 8 -17.9296 -7.7272 8 -17.9296 -7.7272 10 -17.9296 -7.7272 10 -17.9296 7.7272 -10 -17.9296 7.7272 -10 -17.9296 7.7272 -8 -17.9296 7.7272 -8 -17.9296 7.7272 8 -17.9296 7.7272 8 -17.9296 7.7272 10 -17.9296 7.7272 10 -17.84242 17.84125 -2 -17.84242 17.84125 2 -17.84108 -17.84151 -2 -17.84125 -17.84242 -2 -17.84108 -17.84151 2 -17.84125 -17.84242 2 -17.84151 17.84108 -2 -17.84151 17.84108 2 -17.7038 -5.5434 -8 -17.7038 -5.5434 -8 -17.7038 -5.5434 8 -17.7038 -5.5434 8 -17.7038 5.5434 -8 -17.7038 5.5434 -8 -17.7038 5.5434 8 -17.7038 5.5434 8 -17.6708 -8.6931 -10 -17.6708 -8.6931 10 -17.6708 8.6931 -10 -17.6708 8.6931 10 -17.17982 -22.38966 -8 -17.18015 -22.38891 -8 -17.17982 -22.38966 8 -17.18015 -22.38891 8 -17.17899 22.38855 -8 -17.1798 22.38843 -8 -17.1798 22.38843 8 -17.17899 22.38855 8 -17 -5.196 -8 -17 -5.196 -8 -17 -5.196 8 -17 -5.196 8 -17 5.196 -8 -17 5.196 -8 -17 5.196 8 -17 5.196 8 -16.9384 -7.3912 -10 -16.9384 -7.3912 -10 -16.9384 -7.3912 -8 -16.9384 -7.3912 -8 -16.9384 -7.3912 8 -16.9384 -7.3912 8 -16.9384 -7.3912 10 -16.9384 -7.3912 10 -16.9384 7.3912 -10 -16.9384 7.3912 -10 -16.9384 7.3912 -8 -16.9384 7.3912 -8 -16.9384 7.3912 8 -16.9384 7.3912 8 -16.9384 7.3912 10 -16.9384 7.3912 10 -16.5557 -8.3151 -10 -16.5557 -8.3151 10 -16.5557 8.3151 -10 -16.5557 8.3151 10 -16.3472 -4.7604 -8 -16.3472 -4.7604 -8 -16.3472 -4.7604 8 -16.3472 -4.7604 8 -16.3472 4.7604 -8 -16.3472 4.7604 -8 -16.3472 4.7604 8 -16.3472 4.7604 8 -16.32126 -21.27127 -8 -16.32126 -21.27127 8 -16.32083 -21.27018 -8 -16.32083 -21.27018 8 -16.32175 21.2697 -8 -16.32081 21.269 -8 -16.32081 21.269 8 -16.32175 21.2697 8 -16 -6.928 -10 -16 -6.928 -10 -16 -6.928 -8 -16 -6.928 -8 -16 -6.928 8 -16 -6.928 8 -16 -6.928 10 -16 -6.928 10 -16 6.928 -10 -16 6.928 -10 -16 6.928 -8 -16 6.928 -8 -16 6.928 8 -16 6.928 8 -16 6.928 10 -16 6.928 10 -15.7574 -4.2426 -8 -15.7574 -4.2426 -8 -15.7574 -4.2426 8 -15.7574 -4.2426 8 -15.7574 4.2426 -8 -15.7574 4.2426 -8 -15.7574 4.2426 8 -15.7574 4.2426 8 -15.716 -58.656 -17.5 -15.716 -58.656 17.5 -15.71581 58.65495 -17.5 -15.71581 58.65495 17.5 -15.5 -7.794 -10 -15.5 -7.794 10 -15.5 7.794 -10 -15.5 7.794 10 -15.36119 -20.02002 -2 -15.36113 -20.01909 -2 -15.36119 -20.02002 2 -15.36113 -20.01909 2 -15.36165 20.01854 -2 -15.36077 20.01825 -2 -15.36165 20.01854 2 -15.36077 20.01825 2 -15.2396 -3.6528 -8 -15.2396 -3.6528 -8 -15.2396 -3.6528 8 -15.2396 -3.6528 8 -15.2396 3.6528 -8 -15.2396 3.6528 -8 -15.2396 3.6528 8 -15.2396 3.6528 8 -15.1296 -6.3472 -10 -15.1296 -6.3472 -10 -15.1296 -6.3472 -8 -15.1296 -6.3472 -8 -15.1296 -6.3472 8 -15.1296 -6.3472 8 -15.1296 -6.3472 10 -15.1296 -6.3472 10 -15.1296 6.3472 -10 -15.1296 6.3472 -10 -15.1296 6.3472 -8 -15.1296 6.3472 -8 -15.1296 6.3472 8 -15.1296 6.3472 8 -15.1296 6.3472 10 -15.1296 6.3472 10 -14.968 -55.863 -17.5 -14.968 -55.863 -17.5 -14.968 -55.863 17.5 -14.968 -55.863 17.5 -14.96762 55.86254 -17.5 -14.96744 55.86186 -17.5 -14.96744 55.86186 17.5 -14.96762 55.86254 17.5 -14.93989 -25.87562 0 -14.93839 25.87578 0 -14.804 -3 -8 -14.804 -3 -8 -14.804 -3 8 -14.804 -3 8 -14.804 3 -8 -14.804 3 -8 -14.804 3 8 -14.804 3 8 -14.5208 -7.1406 -10 -14.5208 -7.1406 10 -14.5208 7.1406 -10 -14.5208 7.1406 10 -14.4566 -2.2962 -8 -14.4566 -2.2962 -8 -14.4566 -2.2962 8 -14.4566 -2.2962 8 -14.4566 2.2962 -8 -14.4566 2.2962 -8 -14.4566 2.2962 8 -14.4566 2.2962 8 -14.452 -53.936 -10 -14.452 -53.936 10 -14.4515 53.93624 -10 -14.4515 53.93624 10 -14.3432 -5.6568 -10 -14.3432 -5.6568 -10 -14.3432 -5.6568 -8 -14.3432 -5.6568 -8 -14.3432 -5.6568 8 -14.3432 -5.6568 8 -14.3432 -5.6568 10 -14.3432 -5.6568 10 -14.3432 5.6568 -10 -14.3432 5.6568 -10 -14.3432 5.6568 -8 -14.3432 5.6568 -8 -14.3432 5.6568 8 -14.3432 5.6568 8 -14.3432 5.6568 10 -14.3432 5.6568 10 -14.2046 -1.5528 -8 -14.2046 -1.5528 -8 -14.2046 -1.5528 8 -14.2046 -1.5528 8 -14.2046 1.5528 -8 -14.2046 1.5528 -8 -14.2046 1.5528 8 -14.2046 1.5528 8 -14.17893 -52.91895 0 -14.17893 52.91895 0 -14.1099 -24.43808 -8 -14.10947 -24.43879 -8 -14.10947 -24.43879 8 -14.1099 -24.43808 8 -14.10848 24.43824 -8 -14.1093 24.43823 -8 -14.1093 24.43823 8 -14.10848 24.43824 8 -14.0516 -0.7830001 -8 -14.0516 -0.7830001 -8 -14.0516 -0.7830001 8 -14.0516 -0.7830001 8 -14.0516 0.7830001 -8 -14.0516 0.7830001 -8 -14.0516 0.7830001 8 -14.0516 0.7830001 8 -14 0 -8 -14 0 -8 -14 0 8 -14 0 8 -13.6528 -4.8704 -10 -13.6528 -4.8704 -10 -13.6528 -4.8704 -8 -13.6528 -4.8704 -8 -13.6528 -4.8704 8 -13.6528 -4.8704 8 -13.6528 -4.8704 10 -13.6528 -4.8704 10 -13.6528 4.8704 -10 -13.6528 4.8704 -10 -13.6528 4.8704 -8 -13.6528 4.8704 -8 -13.6528 4.8704 8 -13.6528 4.8704 8 -13.6528 4.8704 10 -13.6528 4.8704 10 -13.64 -6.36 -10 -13.64 -6.36 -10 -13.64 -6.36 -8 -13.64 -6.36 -8 -13.64 -6.36 -8 -13.64 -6.36 -4 -13.64 -6.36 -4 -13.64 -6.36 -4 -13.64 -6.36 10 -13.64 -6.36 10 -13.64 6.36 -10 -13.64 6.36 -10 -13.64 6.36 -10 -13.64 6.36 -8 -13.64 6.36 -8 -13.64 6.36 -8 -13.64 6.36 -4 -13.64 6.36 -4 -13.64 6.36 -4 -13.64 6.36 10 -13.64 6.36 10 -13.64 6.36 10 -13.636 -6.364 -10 -13.636 -6.364 10 -13.6361 6.3639 -10 -13.6361 6.3639 10 -13.40428 -23.21798 -8 -13.40428 -23.21798 8 -13.404 -23.21685 -8 -13.404 -23.21685 8 -13.40468 23.21713 -8 -13.40384 23.21632 -8 -13.40468 23.21713 8 -13.40384 23.21632 8 -13.072 -4 -10 -13.072 -4 -10 -13.072 -4 -8 -13.072 -4 -8 -13.072 -4 8 -13.072 -4 8 -13.072 -4 10 -13.072 -4 10 -13.072 4 -10 -13.072 4 -10 -13.072 4 -8 -13.072 4 -8 -13.072 4 8 -13.072 4 8 -13.072 4 10 -13.072 4 10 -12.86472 -5.475324 -10 -12.86472 -5.475324 -8 -12.86472 -5.475324 -4 -12.86472 -5.475324 10 -12.86472 5.475324 -10 -12.86472 5.475324 -8 -12.86472 5.475324 -4 -12.86472 5.475324 10 -12.8594 -5.4792 -10 -12.8594 -5.4792 10 -12.8594 5.4792 -10 -12.8594 5.4792 10 -12.6158 -21.85222 -2 -12.61587 -21.8513 -2 -12.6158 -21.85222 2 -12.61587 -21.8513 2 -12.61617 21.85141 -2 -12.61534 21.85102 -2 -12.61534 21.85102 2 -12.61617 21.85141 2 -12.6088 -3.0616 -10 -12.6088 -3.0616 -10 -12.6088 -3.0616 -8 -12.6088 -3.0616 -8 -12.6088 -3.0616 8 -12.6088 -3.0616 8 -12.6088 -3.0616 10 -12.6088 -3.0616 10 -12.6088 3.0616 -10 -12.6088 3.0616 -10 -12.6088 3.0616 -8 -12.6088 3.0616 -8 -12.6088 3.0616 8 -12.6088 3.0616 8 -12.6088 3.0616 10 -12.6088 3.0616 10 -12.2728 -2.0704 -10 -12.2728 -2.0704 -10 -12.2728 -2.0704 -8 -12.2728 -2.0704 -8 -12.2728 -2.0704 8 -12.2728 -2.0704 8 -12.2728 -2.0704 10 -12.2728 -2.0704 10 -12.2728 2.0704 -10 -12.2728 2.0704 -10 -12.2728 2.0704 -8 -12.2728 2.0704 -8 -12.2728 2.0704 8 -12.2728 2.0704 8 -12.2728 2.0704 10 -12.2728 2.0704 10 -12.21091 -4.497156 -10 -12.21091 -4.497156 -8 -12.21091 -4.497156 -4 -12.21091 -4.497156 10 -12.21091 4.497156 -10 -12.21091 4.497156 -8 -12.21091 4.497156 -4 -12.21091 4.497156 10 -12.206 -4.5 -10 -12.206 -4.5 10 -12.206 4.5 -10 -12.206 4.5 10 -12.0688 -1.044 -10 -12.0688 -1.044 -10 -12.0688 -1.044 -8 -12.0688 -1.044 -8 -12.0688 -1.044 8 -12.0688 -1.044 8 -12.0688 -1.044 10 -12.0688 -1.044 10 -12.0688 1.044 -10 -12.0688 1.044 -10 -12.0688 1.044 -8 -12.0688 1.044 -8 -12.0688 1.044 8 -12.0688 1.044 8 -12.0688 1.044 10 -12.0688 1.044 10 -12 0 -10 -12 0 -10 -12 0 -8 -12 0 -8 -12 0 8 -12 0 8 -12 0 10 -12 0 10 -11.69002 -3.442032 -10 -11.69002 -3.442032 -8 -11.69 -3.442 -8 -11.69002 -3.442032 -4 -11.69002 -3.442032 10 -11.69002 3.442032 -10 -11.69002 3.442032 -8 -11.69 3.442 -8 -11.69002 3.442032 -4 -11.69002 3.442032 10 -11.6849 -3.4443 -10 -11.6849 -3.4443 10 -11.6849 3.4443 -10 -11.6849 3.4443 10 -11.43549 -27.6062 0 -11.43268 27.60386 0 -11.31224 -2.32776 -10 -11.31224 -2.32776 -8 -11.31224 -2.32776 -4 -11.31224 -2.32776 10 -11.31224 2.32776 -10 -11.31224 2.32776 -8 -11.31224 2.32776 -4 -11.31224 2.32776 10 -11.3069 -2.3292 -10 -11.3069 -2.3292 10 -11.3069 2.3292 -10 -11.3069 2.3292 10 -11.08201 -1.174056 -10 -11.08201 -1.174056 -8 -11.08201 -1.174056 -4 -11.08201 -1.174056 10 -11.08201 1.174056 -10 -11.08201 1.174056 -8 -11.08201 1.174056 -4 -11.08201 1.174056 10 -11.0774 -1.1745 -10 -11.0774 -1.1745 10 -11.0774 1.1745 -10 -11.0774 1.1745 10 -11.00569 0 -10 -11.0057 0 -8 -11.00569 0 -8 -11.00569 0 -4 -11.00569 0 10 -11 -9 -10 -11 -9 10 -11 0 -10 -11 0 10 -11 9 -10 -11 9 10 -10.80019 -26.07253 -8 -10.79968 -26.07317 -8 -10.79968 -26.07317 8 -10.80019 -26.07253 8 -10.79835 26.07041 -8 -10.79753 26.07031 -8 -10.79835 26.07041 8 -10.79753 26.07031 8 -10.25983 -24.77067 -8 -10.25983 -24.77067 8 -10.25969 -24.76951 -8 -10.25969 -24.76951 8 -10.25916 24.7678 -8 -10.25844 24.76689 -8 -10.25916 24.7678 8 -10.25844 24.76689 8 -9.656308 -23.31357 -2 -9.656497 -23.31267 -2 -9.656497 -23.31267 2 -9.656308 -23.31357 2 -9.654911 23.31037 -2 -9.655683 23.31087 -2 -9.654911 23.31037 2 -9.655683 23.31087 2 -9 -55.0418 -10 -9 -55.042 -10 -9 -55.042 10 -9 -55.0418 10 -9 -49 -10 -9 -49 10 -9 -40 -10 -9 -40 10 -9 -31 -10 -9 -31 10 -9 -29 -10 -9 -29 10 -9 -20 -10 -9 -20 10 -9 -11 -10 -9 -11 10 -9 -9 -10 -9 -9 -10 -9 -9 -10 -9 -9 -2 -9 -9 2 -9 -9 10 -9 -9 10 -9 -9 10 -9 -6.364 -4 -9 -6.364 -4 -9 -6.364 10 -9 -6.3639 10 -8.999914 0 -10 -9 0 -4 -9 0 -4 -9 0 10 -9 0 10 -9 6.364 -4 -9 6.3639 -4 -9 6.364 10 -9 6.3639 10 -9 9 -10 -9 9 -10 -9 9 -10 -9 9 -2 -9 9 2 -9 9 10 -9 9 10 -9 9 10 -9 11 -10 -9 11 10 -9 20 -10 -9 20 10 -9 29 -10 -9 29 10 -9 31 -10 -9 31 10 -9 40 -10 -9 40 10 -9 49 -10 -9 49 10 -9 55.042 -10 -9 55.0418 -10 -9 55.042 10 -9 55.0418 10 -8.994313 0 -10 -8.994313 0 -8 -8.9943 0 -8 -8.9226 -41.1745 -10 -8.9226 -41.1745 10 -8.9226 -38.8255 -10 -8.9226 -38.8255 10 -8.922918 -21.17473 -10 -8.9226 -21.1745 10 -8.9226 -18.8255 -10 -8.9226 -18.8255 10 -8.922919 -1.174724 -10 -8.9226 -1.1745 -4 -8.9226 -1.1745 10 -8.9226 -1.1745 10 -8.922918 1.174726 -10 -8.9226 1.1745 -4 -8.9226 1.1745 10 -8.9226 1.1745 10 -8.9226 18.8255 -10 -8.9226 18.8255 10 -8.9226 21.1745 -10 -8.9226 21.1745 10 -8.9226 38.8255 -10 -8.9226 38.8255 10 -8.9226 41.1745 -10 -8.9226 41.1745 10 -8.917992 -1.174056 -10 -8.917992 -1.174056 -8 -8.917992 1.174056 -10 -8.917992 1.174056 -8 -8.6931 -42.3292 -10 -8.6931 -42.3292 10 -8.6931 -37.6708 -10 -8.6931 -37.6708 10 -8.6931 -22.3292 -10 -8.6931 -22.3292 10 -8.6931 -17.6708 -10 -8.6931 -17.6708 10 -8.693249 -2.329349 -10 -8.6931 -2.3292 -4 -8.6931 -2.3292 10 -8.6931 -2.3292 10 -8.693249 2.329349 -10 -8.6931 2.3292 -4 -8.6931 2.3292 10 -8.6931 2.3292 10 -8.6931 17.6708 -10 -8.6931 17.6708 10 -8.6931 22.3292 -10 -8.6931 22.3292 10 -8.6931 37.6708 -10 -8.6931 37.6708 10 -8.6931 42.3292 -10 -8.6931 42.3292 10 -8.68776 -2.32776 -10 -8.68776 -2.32776 -8 -8.68776 2.32776 -10 -8.68776 2.32776 -8 -8.655989 -6.38657 -4 -8.655989 -6.38657 10 -8.655989 -6.38657 10 -8.655989 6.38657 -4 -8.655989 6.38657 10 -8.655989 6.38657 10 -8.317778 -6.453791 -4 -8.317778 -6.453791 10 -8.317778 -6.453791 10 -8.317778 6.453791 -4 -8.317778 6.453791 10 -8.317778 6.453791 10 -8.3151 -43.4443 -10 -8.3151 -43.4443 10 -8.3151 -36.5557 -10 -8.3151 -36.5557 10 -8.314836 -23.44412 -10 -8.3151 -23.4443 10 -8.3151 -16.5557 -10 -8.3151 -16.5557 10 -8.314836 -3.444118 -10 -8.3151 -3.4443 -4 -8.3151 -3.4443 10 -8.3151 -3.4443 10 -8.314836 3.444118 -10 -8.3151 3.4443 -4 -8.3151 3.4443 10 -8.3151 3.4443 10 -8.3151 16.5557 -10 -8.3151 16.5557 10 -8.3151 23.4443 -10 -8.3151 23.4443 10 -8.3151 36.5557 -10 -8.3151 36.5557 10 -8.3151 43.4443 -10 -8.3151 43.4443 10 -8.309977 -3.442032 -10 -8.309999 -3.442 -8 -8.309977 -3.442032 -8 -8.309977 3.442032 -10 -8.309977 3.442032 -8 -8.309999 3.442 -8 -8 -40 -10 -8 -40 -10 -8 -40 -8 -8 -40 -8 -8 -40 8 -8 -40 8 -8 -40 10 -8 -40 10 -7.999988 -20 -10 -7.999923 -20 -10 -7.999923 -20 -8 -7.999988 -20 -8 -8 -20 8 -8 -20 8 -8 -20 10 -8 -20 10 -7.999988 0 -10 -7.999923 0 -10 -7.999923 0 -8 -7.999988 0 -8 -8 20 -10 -8 20 -10 -8 20 -8 -8 20 -8 -8 20 8 -8 20 8 -8 20 10 -8 20 10 -8 40 -10 -8 40 -10 -8 40 -8 -8 40 -8 -8 40 8 -8 40 8 -8 40 10 -8 40 10 -7.991165 -6.564507 -4 -7.991165 -6.564507 10 -7.991165 -6.564507 10 -7.991165 6.564507 -4 -7.991165 6.564507 10 -7.991165 6.564507 10 -7.9312 -41.044 -10 -7.9312 -41.044 -10 -7.9312 -41.044 -8 -7.9312 -41.044 -8 -7.9312 -41.044 8 -7.9312 -41.044 8 -7.9312 -41.044 10 -7.9312 -41.044 10 -7.9312 -38.956 -10 -7.9312 -38.956 -10 -7.9312 -38.956 -8 -7.9312 -38.956 -8 -7.9312 -38.956 8 -7.9312 -38.956 8 -7.9312 -38.956 10 -7.9312 -38.956 10 -7.932105 -21.04426 -10 -7.931482 -21.0442 -10 -7.931482 -21.0442 -8 -7.932105 -21.04426 -8 -7.9312 -21.044 8 -7.9312 -21.044 8 -7.9312 -21.044 10 -7.9312 -21.044 10 -7.932105 -18.95574 -10 -7.931482 -18.9558 -10 -7.932105 -18.95574 -8 -7.931482 -18.9558 -8 -7.9312 -18.956 8 -7.9312 -18.956 8 -7.9312 -18.956 10 -7.9312 -18.956 10 -7.932105 -1.044264 -10 -7.931482 -1.0442 -10 -7.932105 -1.044264 -8 -7.931482 -1.044199 -8 -7.932105 1.044264 -10 -7.931482 1.0442 -10 -7.931482 1.044201 -8 -7.932105 1.044264 -8 -7.9312 18.956 -10 -7.9312 18.956 -10 -7.9312 18.956 -8 -7.9312 18.956 -8 -7.9312 18.956 8 -7.9312 18.956 8 -7.9312 18.956 10 -7.9312 18.956 10 -7.9312 21.044 -10 -7.9312 21.044 -10 -7.9312 21.044 -8 -7.9312 21.044 -8 -7.9312 21.044 8 -7.9312 21.044 8 -7.9312 21.044 10 -7.9312 21.044 10 -7.9312 38.956 -10 -7.9312 38.956 -10 -7.9312 38.956 -8 -7.9312 38.956 -8 -7.9312 38.956 8 -7.9312 38.956 8 -7.9312 38.956 10 -7.9312 38.956 10 -7.9312 41.044 -10 -7.9312 41.044 -10 -7.9312 41.044 -8 -7.9312 41.044 -8 -7.9312 41.044 8 -7.9312 41.044 8 -7.9312 41.044 10 -7.9312 41.044 10 -7.926001 -60.207 -17.5 -7.926001 -60.207 17.5 -7.925 -60.204 -17.5 -7.925 -60.204 17.5 -7.924704 60.20346 -17.5 -7.924704 60.20346 17.5 -7.794 -44.5 -10 -7.794 -44.5 10 -7.794 -35.5 -10 -7.794 -35.5 10 -7.794 -24.5 -10 -7.794 -24.5 10 -7.794 -15.5 -10 -7.794 -15.5 10 -7.794154 -4.499957 -10 -7.794 -4.5 -4 -7.794 -4.5 10 -7.794 -4.5 10 -7.794154 4.499957 -10 -7.794 4.5 -4 -7.794 4.5 10 -7.794 4.5 10 -7.794 15.5 -10 -7.794 15.5 10 -7.794 24.5 -10 -7.794 24.5 10 -7.794 35.5 -10 -7.794 35.5 10 -7.794 44.5 -10 -7.794 44.5 10 -7.789092 -4.497156 -10 -7.789092 -4.497156 -8 -7.789092 4.497156 -10 -7.789092 4.497156 -8 -7.733995 -28.8602 0 -7.7328 28.8612 0 -7.7272 -42.0704 -10 -7.7272 -42.0704 -10 -7.7272 -42.0704 -8 -7.7272 -42.0704 -8 -7.7272 -42.0704 8 -7.7272 -42.0704 8 -7.7272 -42.0704 10 -7.7272 -42.0704 10 -7.7272 -37.9296 -10 -7.7272 -37.9296 -10 -7.7272 -37.9296 -8 -7.7272 -37.9296 -8 -7.7272 -37.9296 8 -7.7272 -37.9296 8 -7.7272 -37.9296 10 -7.7272 -37.9296 10 -7.727333 -22.07053 -10 -7.727325 -22.07043 -10 -7.727325 -22.07043 -8 -7.727333 -22.07053 -8 -7.7272 -22.0704 8 -7.7272 -22.0704 8 -7.7272 -22.0704 10 -7.7272 -22.0704 10 -7.727332 -17.92947 -10 -7.727325 -17.92957 -10 -7.727325 -17.92957 -8 -7.727333 -17.92947 -8 -7.7272 -17.9296 8 -7.7272 -17.9296 8 -7.7272 -17.9296 10 -7.7272 -17.9296 10 -7.727325 -2.070425 -10 -7.727332 -2.070532 -10 -7.727325 -2.070425 -8 -7.727333 -2.070533 -8 -7.727333 2.070533 -10 -7.727325 2.070425 -10 -7.727325 2.070425 -8 -7.727333 2.070533 -8 -7.7272 17.9296 -10 -7.7272 17.9296 -10 -7.7272 17.9296 -8 -7.7272 17.9296 -8 -7.7272 17.9296 8 -7.7272 17.9296 8 -7.7272 17.9296 10 -7.7272 17.9296 10 -7.7272 22.0704 -10 -7.7272 22.0704 -10 -7.7272 22.0704 -8 -7.7272 22.0704 -8 -7.7272 22.0704 8 -7.7272 22.0704 8 -7.7272 22.0704 10 -7.7272 22.0704 10 -7.7272 37.9296 -10 -7.7272 37.9296 -10 -7.7272 37.9296 -8 -7.7272 37.9296 -8 -7.7272 37.9296 8 -7.7272 37.9296 8 -7.7272 37.9296 10 -7.7272 37.9296 10 -7.7272 42.0704 -10 -7.7272 42.0704 -10 -7.7272 42.0704 -8 -7.7272 42.0704 -8 -7.7272 42.0704 8 -7.7272 42.0704 8 -7.7272 42.0704 10 -7.7272 42.0704 10 -7.68195 -6.717137 -4 -7.68195 -6.717137 10 -7.68195 -6.717137 10 -7.68195 6.717137 -4 -7.68195 6.717137 10 -7.68195 6.717137 10 -7.549 -57.34 -17.5 -7.549 -57.34 -17.5 -7.549 -57.34 17.5 -7.549 -57.34 17.5 -7.547 -57.337 -17.5 -7.547 -57.337 -17.5 -7.547 -57.337 17.5 -7.547 -57.337 17.5 -7.547337 57.33662 -17.5 -7.547428 57.33732 -17.5 -7.547337 57.33662 17.5 -7.547428 57.33732 17.5 -7.395142 -6.908518 -4 -7.395142 -6.908518 10 -7.395142 -6.908518 10 -7.395142 6.908518 -4 -7.395142 6.908518 10 -7.395142 6.908518 10 -7.3912 -43.0616 -10 -7.3912 -43.0616 -10 -7.3912 -43.0616 -8 -7.3912 -43.0616 -8 -7.3912 -43.0616 8 -7.3912 -43.0616 8 -7.3912 -43.0616 10 -7.3912 -43.0616 10 -7.3912 -36.9384 -10 -7.3912 -36.9384 -10 -7.3912 -36.9384 -8 -7.3912 -36.9384 -8 -7.3912 -36.9384 8 -7.3912 -36.9384 8 -7.3912 -36.9384 10 -7.3912 -36.9384 10 -7.390965 -23.06144 -10 -7.391305 -23.06151 -10 -7.390965 -23.06144 -8 -7.391305 -23.06151 -8 -7.3912 -23.0616 8 -7.3912 -23.0616 8 -7.3912 -23.0616 10 -7.3912 -23.0616 10 -7.391305 -16.93849 -10 -7.390965 -16.93856 -10 -7.390965 -16.93856 -8 -7.391305 -16.93849 -8 -7.3912 -16.9384 8 -7.3912 -16.9384 8 -7.3912 -16.9384 10 -7.3912 -16.9384 10 -7.390965 -3.061438 -10 -7.391305 -3.061514 -10 -7.390965 -3.061438 -8 -7.391305 -3.061514 -8 -7.391305 3.061514 -10 -7.390965 3.061438 -10 -7.390965 3.061438 -8 -7.391305 3.061514 -8 -7.3912 16.9384 -10 -7.3912 16.9384 -10 -7.3912 16.9384 -8 -7.3912 16.9384 -8 -7.3912 16.9384 8 -7.3912 16.9384 8 -7.3912 16.9384 10 -7.3912 16.9384 10 -7.3912 23.0616 -10 -7.3912 23.0616 -10 -7.3912 23.0616 -8 -7.3912 23.0616 -8 -7.3912 23.0616 8 -7.3912 23.0616 8 -7.3912 23.0616 10 -7.3912 23.0616 10 -7.3912 36.9384 -10 -7.3912 36.9384 -10 -7.3912 36.9384 -8 -7.3912 36.9384 -8 -7.3912 36.9384 8 -7.3912 36.9384 8 -7.3912 36.9384 10 -7.3912 36.9384 10 -7.3912 43.0616 -10 -7.3912 43.0616 -10 -7.3912 43.0616 -8 -7.3912 43.0616 -8 -7.3912 43.0616 8 -7.3912 43.0616 8 -7.3912 43.0616 10 -7.3912 43.0616 10 -7.303736 -27.25743 -8 -7.304328 -27.25686 -8 -7.304328 -27.25686 8 -7.303736 -27.25743 8 -7.3032 27.2578 -8 -7.304 27.258 -8 -7.304 27.258 8 -7.3032 27.2578 8 -7.287224 -55.36057 -10 -7.287 -55.36 10 -7.287172 55.36017 -10 -7.287224 55.36057 10 -7.149729 -54.31603 0 -7.149729 54.31603 0 -7.1406 -45.4792 -10 -7.1406 -45.4792 10 -7.1406 -34.5208 -10 -7.1406 -34.5208 10 -7.1406 -25.4792 -10 -7.1406 -25.4792 10 -7.140112 -14.5212 -10 -7.1406 -14.5208 10 -7.140112 -5.4788 -10 -7.1406 -5.4792 -4 -7.1406 -5.4792 10 -7.1406 -5.4792 10 -7.140111 5.478801 -10 -7.1406 5.4792 -4 -7.1406 5.4792 10 -7.1406 5.4792 10 -7.1406 14.5208 -10 -7.1406 14.5208 10 -7.1406 25.4792 -10 -7.1406 25.4792 10 -7.1406 34.5208 -10 -7.1406 34.5208 10 -7.1406 45.4792 -10 -7.1406 45.4792 10 -7.136014 -7.136014 -4 -7.136014 -7.136014 10 -7.136014 -7.136014 10 -7.135284 -5.475324 -10 -7.135284 -5.475324 -8 -7.135284 5.475324 -10 -7.135284 5.475324 -8 -7.136014 7.136014 -4 -7.136014 7.136014 10 -7.136014 7.136014 10 -6.93853 -25.89572 -8 -6.93853 -25.89572 8 -6.938549 -25.89456 -8 -6.938549 -25.89456 8 -6.9388 25.8951 -8 -6.9388 25.8951 8 -6.9394 25.8961 -8 -6.9394 25.8961 8 -6.928 -44 -10 -6.928 -44 -10 -6.928 -44 -8 -6.928 -44 -8 -6.928 -44 8 -6.928 -44 8 -6.928 -44 10 -6.928 -44 10 -6.928 -36 -10 -6.928 -36 -10 -6.928 -36 -8 -6.928 -36 -8 -6.928 -36 8 -6.928 -36 8 -6.928 -36 10 -6.928 -36 10 -6.928137 -23.99996 -10 -6.928005 -23.99999 -10 -6.928136 -23.99996 -8 -6.928005 -23.99999 -8 -6.928 -24 8 -6.928 -24 8 -6.928 -24 10 -6.928 -24 10 -6.928137 -16.00004 -10 -6.928005 -16.00001 -10 -6.928136 -16.00004 -8 -6.928005 -16.00001 -8 -6.928 -16 8 -6.928 -16 8 -6.928 -16 10 -6.928 -16 10 -6.928137 -3.999962 -10 -6.928005 -3.999994 -10 -6.928005 -3.999994 -8 -6.928136 -3.999961 -8 -6.928005 3.999994 -10 -6.928137 3.999961 -10 -6.928005 3.999994 -8 -6.928136 3.999961 -8 -6.928 16 -10 -6.928 16 -10 -6.928 16 -8 -6.928 16 -8 -6.928 16 8 -6.928 16 8 -6.928 16 10 -6.928 16 10 -6.928 24 -10 -6.928 24 -10 -6.928 24 -8 -6.928 24 -8 -6.928 24 8 -6.928 24 8 -6.928 24 10 -6.928 24 10 -6.928 36 -10 -6.928 36 -10 -6.928 36 -8 -6.928 36 -8 -6.928 36 8 -6.928 36 8 -6.928 36 10 -6.928 36 10 -6.928 44 -10 -6.928 44 -10 -6.928 44 -8 -6.928 44 -8 -6.928 44 8 -6.928 44 8 -6.928 44 10 -6.928 44 10 -6.908518 -7.395142 -4 -6.908518 -7.395142 10 -6.908518 -7.395142 10 -6.908518 7.395142 -4 -6.908518 7.395142 10 -6.908518 7.395142 10 -6.717137 -7.68195 -4 -6.717137 -7.68195 10 -6.717137 -7.68195 10 -6.717137 7.68195 -4 -6.717137 7.68195 10 -6.717137 7.68195 10 -6.564507 -7.991165 -4 -6.564507 -7.991165 10 -6.564507 -7.991165 10 -6.564507 7.991165 -4 -6.564507 7.991165 10 -6.564507 7.991165 10 -6.531 -24.372 -2 -6.530381 -24.37245 -2 -6.530687 -24.37157 2 -6.530381 -24.37245 2 -6.5312 24.3728 -2 -6.5305 24.3722 -2 -6.531 24.372 2 -6.5312 24.3728 2 -6.453791 -8.317778 -4 -6.453791 -8.317778 10 -6.453791 -8.317778 10 -6.453791 8.317778 -4 -6.453791 8.317778 10 -6.453791 8.317778 10 -6.38657 -8.655989 -4 -6.38657 -8.655989 10 -6.38657 -8.655989 10 -6.38657 8.655989 -4 -6.38657 8.655989 10 -6.38657 8.655989 10 -6.364 -55.6 -10 -6.364 -55.6 -10 -6.364 -55.6 10 -6.364 -55.6 10 -6.364 -55.1 -2 -6.364 -55.1 -2 -6.3639 -55.1001 2 -6.364 -55.1 2 -6.3639 -46.3639 -10 -6.364 -46.364 -10 -6.364 -46.364 -10 -6.364 -46.3638 -2 -6.364 -46.364 -2 -6.364 -46.364 -2 -6.3639 -46.3639 2 -6.364 -46.364 2 -6.364 -46.364 2 -6.3639 -46.3639 10 -6.364 -46.364 10 -6.364 -46.364 10 -6.3639 -33.6361 -10 -6.3639 -33.6361 10 -6.3639 -26.3639 -10 -6.3639 -26.3639 10 -6.3639 -13.6361 -10 -6.3639 -13.6361 10 -6.364 -9 -4 -6.3639 -9 -4 -6.3639 -9 10 -6.3639 -9 10 -6.364 -6.364 -10 -6.3639 -6.3639 -4 -6.3639 -6.3639 10 -6.3639 -6.3639 10 -6.3639 6.3639 -10 -6.3639 6.3639 -4 -6.3639 6.3639 10 -6.3639 6.3639 10 -6.364 9 -4 -6.364 9 -4 -6.364 9 10 -6.3639 9 10 -6.364 13.636 -10 -6.3639 13.6361 10 -6.3639 26.3639 -10 -6.3639 26.3639 10 -6.3639 33.6361 -10 -6.3639 33.6361 10 -6.364 46.364 -10 -6.364 46.364 -10 -6.364 46.364 -10 -6.364 46.364 -2 -6.364 46.364 -2 -6.364 46.364 -2 -6.364 46.364 2 -6.364 46.364 2 -6.3639 46.3639 2 -6.364 46.364 10 -6.3639 46.3639 10 -6.364 46.364 10 -6.364 55.1002 -2 -6.364 55.1 -2 -6.364 55.1 2 -6.3639 55.1001 2 -6.364 55.6 -10 -6.364 55.6 -10 -6.364 55.6 10 -6.364 55.6 10 -6.36 -33.64 -10 -6.36 -33.64 -10 -6.36 -33.64 -10 -6.36 -33.64 -2 -6.36 -33.64 -2 -6.36 -33.64 -2 -6.36 -33.64 2 -6.36 -33.64 2 -6.36 -33.64 2 -6.36 -33.64 10 -6.36 -33.64 10 -6.36 -33.64 10 -6.36 -26.36 -10 -6.36 -26.36 -10 -6.36 -26.36 -10 -6.36 -26.36 -2 -6.36 -26.36 -2 -6.36 -26.36 -2 -6.36 -26.36 2 -6.36 -26.36 2 -6.36 -26.36 2 -6.36 -26.36 10 -6.36 -26.36 10 -6.36 -26.36 10 -6.36 -13.64 -10 -6.36 -13.64 -4 -6.36 -13.64 -4 -6.36 -13.64 -4 -6.36 -13.64 10 -6.36 -13.64 10 -6.36 -13.64 10 -6.36 -6.36 -10 -6.36 -6.36 -10 -6.36 -6.36 -10 -6.36 -6.36 -8 -6.36 -6.36 -8 -6.36 -6.36 -8 -6.36 6.36 -10 -6.36 6.36 -10 -6.36 6.36 -10 -6.36 6.36 -10 -6.36 6.36 -8 -6.36 6.36 -8 -6.36 6.36 -8 -6.36 6.36 -8 -6.36 13.64 -10 -6.36 13.64 -10 -6.36 13.64 -8 -6.36 13.64 -8 -6.36 13.64 -8 -6.36 13.64 -4 -6.36 13.64 -4 -6.36 13.64 -4 -6.36 13.64 10 -6.36 13.64 10 -6.36 26.36 -10 -6.36 26.36 -10 -6.36 26.36 -10 -6.36 26.36 -2 -6.36 26.36 -2 -6.36 26.36 -2 -6.36 26.36 2 -6.36 26.36 2 -6.36 26.36 2 -6.36 26.36 10 -6.36 26.36 10 -6.36 26.36 10 -6.36 33.64 -10 -6.36 33.64 -10 -6.36 33.64 -10 -6.36 33.64 -2 -6.36 33.64 -2 -6.36 33.64 -2 -6.36 33.64 2 -6.36 33.64 2 -6.36 33.64 2 -6.36 33.64 10 -6.36 33.64 10 -6.36 33.64 10 -6.3472 -44.8704 -10 -6.3472 -44.8704 -10 -6.3472 -44.8704 -8 -6.3472 -44.8704 -8 -6.3472 -44.8704 8 -6.3472 -44.8704 8 -6.3472 -44.8704 10 -6.3472 -44.8704 10 -6.3472 -35.1296 -10 -6.3472 -35.1296 -10 -6.3472 -35.1296 -8 -6.3472 -35.1296 -8 -6.3472 -35.1296 8 -6.3472 -35.1296 8 -6.3472 -35.1296 10 -6.3472 -35.1296 10 -6.346476 -24.87003 -10 -6.346766 -24.87004 -10 -6.346476 -24.87003 -8 -6.346766 -24.87005 -8 -6.3472 -24.8704 8 -6.3472 -24.8704 8 -6.3472 -24.8704 10 -6.3472 -24.8704 10 -6.346766 -15.12996 -10 -6.346476 -15.12998 -10 -6.346766 -15.12995 -8 -6.346476 -15.12998 -8 -6.3472 -15.1296 8 -6.3472 -15.1296 8 -6.3472 -15.1296 10 -6.3472 -15.1296 10 -6.346766 -4.870044 -10 -6.346476 -4.870025 -10 -6.346476 -4.870025 -8 -6.346766 -4.870045 -8 -6.346476 4.870025 -10 -6.346766 4.870045 -10 -6.346766 4.870046 -8 -6.346476 4.870025 -8 -6.3472 15.1296 -10 -6.3472 15.1296 -10 -6.3472 15.1296 -8 -6.3472 15.1296 -8 -6.3472 15.1296 8 -6.3472 15.1296 8 -6.3472 15.1296 10 -6.3472 15.1296 10 -6.3472 24.8704 -10 -6.3472 24.8704 -10 -6.3472 24.8704 -8 -6.3472 24.8704 -8 -6.3472 24.8704 8 -6.3472 24.8704 8 -6.3472 24.8704 10 -6.3472 24.8704 10 -6.3472 35.1296 -10 -6.3472 35.1296 -10 -6.3472 35.1296 -8 -6.3472 35.1296 -8 -6.3472 35.1296 8 -6.3472 35.1296 8 -6.3472 35.1296 10 -6.3472 35.1296 10 -6.3472 44.8704 -10 -6.3472 44.8704 -10 -6.3472 44.8704 -8 -6.3472 44.8704 -8 -6.3472 44.8704 8 -6.3472 44.8704 8 -6.3472 44.8704 10 -6.3472 44.8704 10 -6.034 -54.716 -2 -6.034 -54.716 2 -6 -40 -8 -6 -40 -8 -6 -40 8 -6 -40 8 -6 -20 -8 -5.999941 -20 -8 -6 -20 8 -6 -20 8 -5.9999 0 -8 -5.999969 0 -8 -6 0 10 -6 0 10 -6 20 -8 -6 20 -8 -6 20 8 -6 20 8 -6 40 -8 -6 40 -8 -6 40 8 -6 40 8 -5.9484 -40.783 -8 -5.9484 -40.783 -8 -5.9484 -40.783 8 -5.9484 -40.783 8 -5.9484 -39.217 -8 -5.9484 -39.217 -8 -5.9484 -39.217 8 -5.9484 -39.217 8 -5.948611 -20.78315 -8 -5.9484 -20.783 -8 -5.9484 -20.783 8 -5.9484 -20.783 8 -5.948611 -19.21685 -8 -5.9484 -19.217 -8 -5.9484 -19.217 8 -5.9484 -19.217 8 -5.94837 -0.7829961 -8 -5.949 -0.7832 -8 -5.949 -0.7832 10 -5.9484 -0.7830001 10 -5.948611 0.7831498 -8 -5.949 0.7832 -8 -5.94848 0.7831829 10 -5.949 0.7832 10 -5.9484 19.217 -8 -5.9484 19.217 -8 -5.9484 19.217 8 -5.9484 19.217 8 -5.9484 20.783 -8 -5.9484 20.783 -8 -5.9484 20.783 8 -5.9484 20.783 8 -5.9484 39.217 -8 -5.9484 39.217 -8 -5.9484 39.217 8 -5.9484 39.217 8 -5.9484 40.783 -8 -5.9484 40.783 -8 -5.9484 40.783 8 -5.9484 40.783 8 -5.7954 -41.5528 -8 -5.7954 -41.5528 -8 -5.7954 -41.5528 8 -5.7954 -41.5528 8 -5.7954 -38.4472 -8 -5.7954 -38.4472 -8 -5.7954 -38.4472 8 -5.7954 -38.4472 8 -5.7954 -21.5528 -8 -5.795499 -21.5529 -8 -5.7954 -21.5528 8 -5.7954 -21.5528 8 -5.7954 -18.4472 -8 -5.795499 -18.4471 -8 -5.7954 -18.4472 8 -5.7954 -18.4472 8 -5.795371 -1.552792 -8 -5.7954 -1.5528 -8 -5.7954 -1.5528 10 -5.7954 -1.5528 10 -5.795499 1.552899 -8 -5.7954 1.5528 -8 -5.7954 1.5528 10 -5.7954 1.5528 10 -5.7954 18.4472 -8 -5.7954 18.4472 -8 -5.7954 18.4472 8 -5.7954 18.4472 8 -5.7954 21.5528 -8 -5.7954 21.5528 -8 -5.7954 21.5528 8 -5.7954 21.5528 8 -5.7954 38.4472 -8 -5.7954 38.4472 -8 -5.7954 38.4472 8 -5.7954 38.4472 8 -5.7954 41.5528 -8 -5.7954 41.5528 -8 -5.7954 41.5528 8 -5.7954 41.5528 8 -5.6568 -45.6568 -10 -5.6568 -45.6568 -10 -5.6568 -45.6568 -8 -5.6568 -45.6568 -8 -5.6568 -45.6568 8 -5.6568 -45.6568 8 -5.6568 -45.6568 10 -5.6568 -45.6568 10 -5.6568 -34.3432 -10 -5.6568 -34.3432 -10 -5.6568 -34.3432 -8 -5.6568 -34.3432 -8 -5.6568 -34.3432 8 -5.6568 -34.3432 8 -5.6568 -34.3432 10 -5.6568 -34.3432 10 -5.656799 -25.6568 -10 -5.6569 -25.6569 -10 -5.656799 -25.6568 -8 -5.6569 -25.6569 -8 -5.6568 -25.6568 8 -5.6568 -25.6568 8 -5.6568 -25.6568 10 -5.6568 -25.6568 10 -5.6569 -14.3431 -10 -5.6568 -14.3432 -10 -5.6569 -14.3431 -10 -5.6569 -14.3431 -8 -5.657 -14.343 -8 -5.6569 -14.3431 -8 -5.6568 -14.3432 8 -5.6568 -14.3432 8 -5.6568 -14.3432 10 -5.6568 -14.3432 10 -5.657 -5.657 -10 -5.6569 -5.6569 -10 -5.6569 -5.6569 -10 -5.6569 -5.6569 -8 -5.6569 -5.6569 -8 -5.657 -5.657 -8 -5.656799 5.6568 -10 -5.6569 5.6569 -10 -5.6569 5.6569 -8 -5.656799 5.6568 -8 -5.6568 14.3432 -10 -5.6568 14.3432 -10 -5.6568 14.3432 -8 -5.6568 14.3432 -8 -5.6568 14.3432 8 -5.6568 14.3432 8 -5.6568 14.3432 10 -5.6568 14.3432 10 -5.6568 25.6568 -10 -5.6568 25.6568 -10 -5.6568 25.6568 -8 -5.6568 25.6568 -8 -5.6568 25.6568 8 -5.6568 25.6568 8 -5.6568 25.6568 10 -5.6568 25.6568 10 -5.6568 34.3432 -10 -5.6568 34.3432 -10 -5.6568 34.3432 -8 -5.6568 34.3432 -8 -5.6568 34.3432 8 -5.6568 34.3432 8 -5.6568 34.3432 10 -5.6568 34.3432 10 -5.6568 45.6568 -10 -5.6568 45.6568 -10 -5.6568 45.6568 -8 -5.6568 45.6568 -8 -5.6568 45.6568 8 -5.6568 45.6568 8 -5.6568 45.6568 10 -5.6568 45.6568 10 -5.644 -2 -8 -5.644 -2 -8 -5.644 -2 -8 -5.644 -2 10 -5.644 -2 10 -5.644 -2 10 -5.5434 -42.2962 -8 -5.5434 -42.2962 -8 -5.5434 -42.2962 8 -5.5434 -42.2962 8 -5.5434 -37.7038 -8 -5.5434 -37.7038 -8 -5.5434 -37.7038 8 -5.5434 -37.7038 8 -5.543222 -22.29608 -8 -5.5434 -22.2962 -8 -5.5434 -22.2962 8 -5.5434 -22.2962 8 -5.5434 -17.7038 -8 -5.543222 -17.70392 -8 -5.5434 -17.7038 8 -5.5434 -17.7038 8 -5.543 -2.296 -8 -5.5434 -2.2962 10 -5.543381 2.296095 -8 -5.5434 2.2961 -8 -5.5434 2.2962 10 -5.543 2.296 10 -5.5434 17.7038 -8 -5.5434 17.7038 -8 -5.5434 17.7038 8 -5.5434 17.7038 8 -5.5434 22.2962 -8 -5.5434 22.2962 -8 -5.5434 22.2962 8 -5.5434 22.2962 8 -5.5434 37.7038 -8 -5.5434 37.7038 -8 -5.5434 37.7038 8 -5.5434 37.7038 8 -5.5434 42.2962 -8 -5.5434 42.2962 -8 -5.5434 42.2962 8 -5.5434 42.2962 8 -5.492 -59.933 -17.5 -5.492 -59.933 17.5 -5.478767 -47.13977 -10 -5.4792 -47.1406 -10 -5.478767 -47.13977 -2 -5.478767 -47.13977 2 -5.478767 -47.13977 10 -5.4792 -47.1406 10 -5.4792 -32.8594 -10 -5.4792 -32.8594 10 -5.4788 -27.14011 -10 -5.4792 -27.1406 10 -5.4792 -12.8594 10 -5.4792 -7.1406 -4 -5.4792 -7.1406 10 -5.4792 -7.1406 10 -5.4788 7.140112 -10 -5.4792 7.1406 -4 -5.4792 7.1406 10 -5.4792 7.1406 10 -5.4792 12.8594 -10 -5.4792 12.8594 10 -5.4792 27.1406 -10 -5.4792 27.1406 10 -5.4792 32.8594 -10 -5.4792 32.8594 10 -5.478767 47.13977 -10 -5.4792 47.1406 -10 -5.478767 47.13977 -2 -5.478767 47.13977 2 -5.478767 47.13977 10 -5.4792 47.1406 10 -5.475324 -32.86472 -10 -5.475324 -32.86472 -2 -5.475324 -32.86472 2 -5.475324 -32.86472 10 -5.475324 -27.13528 -10 -5.475324 -27.13528 -2 -5.475324 -27.13528 2 -5.475324 -27.13528 10 -5.475324 -12.86472 -4 -5.475324 -12.86472 10 -5.475324 7.135284 -10 -5.475324 7.135284 -8 -5.475324 12.86472 -10 -5.475324 12.86472 -8 -5.475324 12.86472 -4 -5.475324 12.86472 10 -5.475324 27.13528 -10 -5.475324 27.13528 -2 -5.475324 27.13528 2 -5.475324 27.13528 10 -5.475324 32.86472 -10 -5.475324 32.86472 -2 -5.475324 32.86472 2 -5.475324 32.86472 10 -5.379 -57.492 -17.5 -5.379 -57.492 -17.5 -5.379 -57.492 -17.5 -5.379 -57.492 17.5 -5.379 -57.492 17.5 -5.379 -57.492 17.5 -5.294 2.802 -8 -5.294 2.802 -8 -5.294 2.802 -8 -5.294 2.802 10 -5.294 2.802 10 -5.294 2.802 10 -5.196 -43 -8 -5.196 -43 -8 -5.196 -43 8 -5.196 -43 8 -5.196 -37 -8 -5.196 -37 -8 -5.196 -37 8 -5.196 -37 8 -5.196 -23 -8 -5.196103 -22.99997 -8 -5.196 -23 8 -5.196 -23 8 -5.196 -17 -8 -5.196103 -17.00003 -8 -5.196 -17 8 -5.196 -17 8 -5.196 -3 -8 -5.196 -3 10 -5.196103 2.999972 -8 -5.195986 2.999985 10 -5.196 17 -8 -5.196 17 -8 -5.196 17 8 -5.196 17 8 -5.196 23 -8 -5.196 23 -8 -5.196 23 8 -5.196 23 8 -5.196 37 -8 -5.196 37 -8 -5.196 37 8 -5.196 37 8 -5.196 43 -8 -5.196 43 -8 -5.196 43 8 -5.196 43 8 -5.194671 -53.98046 -2 -5.194671 -53.98046 2 -4.8704 -46.3472 -10 -4.8704 -46.3472 -10 -4.8704 -46.3472 -8 -4.8704 -46.3472 -8 -4.8704 -46.3472 8 -4.8704 -46.3472 8 -4.8704 -46.3472 10 -4.8704 -46.3472 10 -4.8704 -33.6528 -10 -4.8704 -33.6528 -10 -4.8704 -33.6528 -8 -4.8704 -33.6528 -8 -4.8704 -33.6528 8 -4.8704 -33.6528 8 -4.8704 -33.6528 10 -4.8704 -33.6528 10 -4.870025 -26.34648 -10 -4.870044 -26.34677 -10 -4.870025 -26.34648 -8 -4.870045 -26.34677 -8 -4.8704 -26.3472 8 -4.8704 -26.3472 8 -4.8704 -26.3472 10 -4.8704 -26.3472 10 -4.8704 -13.6528 8 -4.8704 -13.6528 8 -4.8704 -13.6528 10 -4.8704 -13.6528 10 -4.870044 6.346766 -10 -4.870025 6.346476 -10 -4.870025 6.346476 -8 -4.870045 6.346766 -8 -4.8704 13.6528 -10 -4.8704 13.6528 -10 -4.8704 13.6528 -8 -4.8704 13.6528 -8 -4.8704 13.6528 8 -4.8704 13.6528 8 -4.8704 13.6528 10 -4.8704 13.6528 10 -4.8704 26.3472 -10 -4.8704 26.3472 -10 -4.8704 26.3472 -8 -4.8704 26.3472 -8 -4.8704 26.3472 8 -4.8704 26.3472 8 -4.8704 26.3472 10 -4.8704 26.3472 10 -4.8704 33.6528 -10 -4.8704 33.6528 -10 -4.8704 33.6528 -8 -4.8704 33.6528 -8 -4.8704 33.6528 8 -4.8704 33.6528 8 -4.8704 33.6528 10 -4.8704 33.6528 10 -4.8704 46.3472 -10 -4.8704 46.3472 -10 -4.8704 46.3472 -8 -4.8704 46.3472 -8 -4.8704 46.3472 8 -4.8704 46.3472 8 -4.8704 46.3472 10 -4.8704 46.3472 10 -4.7604 -43.6528 -8 -4.7604 -43.6528 -8 -4.7604 -43.6528 8 -4.7604 -43.6528 8 -4.7604 -36.3472 -8 -4.7604 -36.3472 -8 -4.7604 -36.3472 8 -4.7604 -36.3472 8 -4.7604 -23.6528 -8 -4.760075 -23.65253 -8 -4.7604 -23.6528 8 -4.7604 -23.6528 8 -4.7604 -16.3472 -8 -4.760075 -16.34747 -8 -4.7604 -16.3472 8 -4.7604 -16.3472 8 -4.760075 -3.652534 -8 -4.760029 -3.652384 10 -4.760075 3.652534 -8 -4.7604 3.6528 10 -4.7604 16.3472 -8 -4.7604 16.3472 -8 -4.7604 16.3472 8 -4.7604 16.3472 8 -4.7604 23.6528 -8 -4.7604 23.6528 -8 -4.7604 23.6528 8 -4.7604 23.6528 8 -4.7604 36.3472 -8 -4.7604 36.3472 -8 -4.7604 36.3472 8 -4.7604 36.3472 8 -4.7604 43.6528 -8 -4.7604 43.6528 -8 -4.7604 43.6528 8 -4.7604 43.6528 8 -4.526 -56.225 -17.5 -4.5255 -56.2245 -17.5 -4.526 -56.225 17.5 -4.526 -56.225 17.5 -4.5 -47.794 -10 -4.499984 -47.79399 -10 -4.499984 -47.79399 -2 -4.499984 -47.79399 2 -4.5 -47.794 10 -4.499984 -47.79399 10 -4.5 -32.206 -10 -4.5 -32.206 10 -4.499957 -27.79415 -10 -4.5 -27.794 10 -4.5 -12.206 10 -4.5 -7.794 -4 -4.5 -7.794 10 -4.5 -7.794 10 -4.499957 7.794154 -10 -4.5 7.794 -4 -4.5 7.794 10 -4.5 7.794 10 -4.5 12.206 -10 -4.5 12.206 10 -4.5 27.794 -10 -4.5 27.794 10 -4.5 32.206 -10 -4.5 32.206 10 -4.499984 47.79399 -10 -4.5 47.794 -10 -4.499984 47.79399 -2 -4.499984 47.79399 2 -4.499984 47.79399 10 -4.5 47.794 10 -4.497156 -32.21091 -10 -4.497156 -32.21091 -2 -4.497156 -32.21091 2 -4.497156 -32.21091 10 -4.497156 -27.78909 -10 -4.497156 -27.78909 -2 -4.497156 -27.78909 2 -4.497156 -27.78909 10 -4.497156 -12.21091 -4 -4.497156 -12.21091 10 -4.497156 7.789092 -10 -4.497156 7.789092 -8 -4.497156 12.21091 -10 -4.497156 12.21091 -8 -4.497156 12.21091 -4 -4.497156 12.21091 10 -4.497156 27.78909 -10 -4.497156 27.78909 -2 -4.497156 27.78909 2 -4.497156 27.78909 10 -4.497156 32.21091 -10 -4.497156 32.21091 -2 -4.497156 32.21091 2 -4.497156 32.21091 10 -4.435 -58.913 -17.5 -4.435 -58.913 17.5 -4.266641 -53.36016 -2 -4.266641 -53.36016 2 -4.2426 -44.2426 -8 -4.2426 -44.2426 -8 -4.2426 -44.2426 8 -4.2426 -44.2426 8 -4.2426 -35.7574 -8 -4.2426 -35.7574 -8 -4.2426 -35.7574 8 -4.2426 -35.7574 8 -4.242599 -24.2426 -8 -4.2426 -24.2426 -8 -4.2426 -24.2426 8 -4.2426 -24.2426 8 -4.243 -15.757 -8 -4.2426 -15.7574 -8 -4.2426 -15.7574 8 -4.2426 -15.7574 8 -4.243 -4.243 -8 -4.243 -4.243 10 -4.242599 4.2426 -8 -4.243 4.243 10 -4.2426 15.7574 -8 -4.2426 15.7574 -8 -4.2426 15.7574 8 -4.2426 15.7574 8 -4.2426 24.2426 -8 -4.2426 24.2426 -8 -4.2426 24.2426 8 -4.2426 24.2426 8 -4.2426 35.7574 -8 -4.2426 35.7574 -8 -4.2426 35.7574 8 -4.2426 35.7574 8 -4.2426 44.2426 -8 -4.2426 44.2426 -8 -4.2426 44.2426 8 -4.2426 44.2426 8 -4 -46.928 -10 -4 -46.928 -10 -4 -46.928 -8 -4 -46.928 -8 -4 -46.928 8 -4 -46.928 8 -4 -46.928 10 -4 -46.928 10 -4 -33.072 -10 -4 -33.072 -10 -4 -33.072 -8 -4 -33.072 -8 -4 -33.072 8 -4 -33.072 8 -4 -33.072 10 -4 -33.072 10 -3.999994 -26.92801 -10 -3.999961 -26.92814 -10 -3.99996 -26.92814 -8 -3.999994 -26.92801 -8 -4 -26.928 8 -4 -26.928 8 -4 -26.928 10 -4 -26.928 10 -4 -13.072 8 -4 -13.072 8 -4 -13.072 10 -4 -13.072 10 -4 -2 -8 -4 -2 -8 -4 -2 10 -4 -2 10 -3.999994 6.928005 -10 -3.999961 6.928137 -10 -3.999994 6.928005 -8 -3.99996 6.928137 -8 -4 13.072 -10 -4 13.072 -10 -4 13.072 -8 -4 13.072 -8 -4 13.072 8 -4 13.072 8 -4 13.072 10 -4 13.072 10 -4 26.928 -10 -4 26.928 -10 -4 26.928 -8 -4 26.928 -8 -4 26.928 8 -4 26.928 8 -4 26.928 10 -4 26.928 10 -4 33.072 -10 -4 33.072 -10 -4 33.072 -8 -4 33.072 -8 -4 33.072 8 -4 33.072 8 -4 33.072 10 -4 33.072 10 -4 46.928 -10 -4 46.928 -10 -4 46.928 -8 -4 46.928 -8 -4 46.928 8 -4 46.928 8 -4 46.928 10 -4 46.928 10 -3.896003 -55.67284 -17.5 -3.896089 -55.67273 -17.5 -3.896089 -55.67273 17.5 -3.896003 -55.67284 17.5 -3.6528 -44.7604 -8 -3.6528 -44.7604 -8 -3.6528 -44.7604 8 -3.6528 -44.7604 8 -3.6528 -35.2396 -8 -3.6528 -35.2396 -8 -3.6528 -35.2396 8 -3.6528 -35.2396 8 -3.6528 -24.7604 -8 -3.652534 -24.76007 -8 -3.6528 -24.7604 8 -3.6528 -24.7604 8 -3.652454 -15.24023 -8 -3.6528 -15.2396 -8 -3.6528 -15.2396 8 -3.6528 -15.2396 8 -3.6525 -4.7598 -8 -3.6525 -4.7598 10 -3.652534 4.760075 -8 -3.6528 4.7604 10 -3.6528 15.2396 -8 -3.6528 15.2396 -8 -3.6528 15.2396 8 -3.6528 15.2396 8 -3.6528 24.7604 -8 -3.6528 24.7604 -8 -3.6528 24.7604 8 -3.6528 24.7604 8 -3.6528 35.2396 -8 -3.6528 35.2396 -8 -3.6528 35.2396 8 -3.6528 35.2396 8 -3.6528 44.7604 -8 -3.6528 44.7604 -8 -3.6528 44.7604 8 -3.6528 44.7604 8 -3.444197 -48.3152 -10 -3.4443 -48.3151 -10 -3.444197 -48.3152 -2 -3.444197 -48.3152 2 -3.4443 -48.3151 10 -3.444197 -48.3152 10 -3.4443 -31.6849 -10 -3.4443 -31.6849 10 -3.444117 -28.31484 -10 -3.4443 -28.3151 10 -3.4443 -11.6849 10 -3.4443 -8.3151 -4 -3.4443 -8.3151 10 -3.4443 -8.3151 10 -3.444117 8.314838 -10 -3.4443 8.3151 -4 -3.4443 8.3151 10 -3.4443 8.3151 10 -3.4443 11.6849 -10 -3.4443 11.6849 10 -3.4443 28.3151 -10 -3.4443 28.3151 10 -3.4443 31.6849 -10 -3.4443 31.6849 10 -3.4443 48.3151 -10 -3.444197 48.3152 -10 -3.444197 48.3152 -2 -3.444197 48.3152 2 -3.4443 48.3151 10 -3.444197 48.3152 10 -3.442032 -31.69002 -10 -3.442 -31.69 -2 -3.442032 -31.69002 -2 -3.442032 -31.69002 2 -3.442 -31.69 2 -3.442032 -31.69002 10 -3.442032 -28.30998 -10 -3.442032 -28.30998 -2 -3.442 -28.31 -2 -3.442032 -28.30998 2 -3.442 -28.31 2 -3.442032 -28.30998 10 -3.442032 -11.69002 -4 -3.442032 -11.69002 10 -3.442032 8.309977 -10 -3.442 8.309999 -8 -3.442032 8.309977 -8 -3.442032 11.69002 -10 -3.442 11.69 -8 -3.442032 11.69002 -8 -3.442032 11.69002 -4 -3.442032 11.69002 10 -3.442032 28.30998 -10 -3.442032 28.30998 -2 -3.442 28.31 -2 -3.442032 28.30998 2 -3.442 28.31 2 -3.442032 28.30998 10 -3.442032 31.69002 -10 -3.442032 31.69002 -2 -3.442 31.69 -2 -3.442032 31.69002 2 -3.442 31.69 2 -3.442032 31.69002 10 -3.3942 -57.3558 -17.5 -3.394 -57.356 17.5 -3.265601 -52.86597 -2 -3.265601 -52.86597 2 -3.199981 -55.20762 -17.5 -3.200052 -55.2075 -17.5 -3.200052 -55.2075 17.5 -3.199981 -55.20762 17.5 -3.0616 -47.3912 -10 -3.0616 -47.3912 -10 -3.0616 -47.3912 -8 -3.0616 -47.3912 -8 -3.0616 -47.3912 8 -3.0616 -47.3912 8 -3.0616 -47.3912 10 -3.0616 -47.3912 10 -3.0616 -32.6088 -10 -3.0616 -32.6088 -10 -3.0616 -32.6088 -8 -3.0616 -32.6088 -8 -3.0616 -32.6088 8 -3.0616 -32.6088 8 -3.0616 -32.6088 10 -3.0616 -32.6088 10 -3.061438 -27.39096 -10 -3.061514 -27.39131 -10 -3.061514 -27.39131 -8 -3.061438 -27.39096 -8 -3.0616 -27.3912 8 -3.0616 -27.3912 8 -3.0616 -27.3912 10 -3.0616 -27.3912 10 -3.0616 -12.6088 8 -3.0616 -12.6088 8 -3.0616 -12.6088 10 -3.0616 -12.6088 10 -3.061514 7.391305 -10 -3.061438 7.390965 -10 -3.061514 7.391305 -8 -3.061438 7.390965 -8 -3.0616 12.6088 -10 -3.0616 12.6088 -10 -3.0616 12.6088 -8 -3.0616 12.6088 -8 -3.0616 12.6088 8 -3.0616 12.6088 8 -3.0616 12.6088 10 -3.0616 12.6088 10 -3.0616 27.3912 -10 -3.0616 27.3912 -10 -3.0616 27.3912 -8 -3.0616 27.3912 -8 -3.0616 27.3912 8 -3.0616 27.3912 8 -3.0616 27.3912 10 -3.0616 27.3912 10 -3.0616 32.6088 -10 -3.0616 32.6088 -10 -3.0616 32.6088 -8 -3.0616 32.6088 -8 -3.0616 32.6088 8 -3.0616 32.6088 8 -3.0616 32.6088 10 -3.0616 32.6088 10 -3.0616 47.3912 -10 -3.0616 47.3912 -10 -3.0616 47.3912 -8 -3.0616 47.3912 -8 -3.0616 47.3912 8 -3.0616 47.3912 8 -3.0616 47.3912 10 -3.0616 47.3912 10 -3 -45.196 -8 -3 -45.196 -8 -3 -45.196 8 -3 -45.196 8 -3 -34.804 -8 -3 -34.804 -8 -3 -34.804 8 -3 -34.804 8 -2.999971 -25.1961 -8 -3 -25.196 -8 -3 -25.196 8 -3 -25.196 8 -2.999943 -14.80409 -8 -3 -14.804 -8 -3 -14.804 8 -3 -14.804 8 -3 -5.196 -8 -2.999985 -5.195986 10 -2.999738 5.195899 -8 -2.999732 5.195969 10 -3 14.804 -8 -3 14.804 -8 -3 14.804 8 -3 14.804 8 -3 25.196 -8 -3 25.196 -8 -3 25.196 8 -3 25.196 8 -3 34.804 -8 -3 34.804 -8 -3 34.804 8 -3 34.804 8 -3 45.196 -8 -3 45.196 -8 -3 45.196 8 -3 45.196 8 -2.922067 -56.94205 -17.5 -2.922067 -56.94205 17.5 -2.802 5.294 -8 -2.802 5.294 -8 -2.802 5.294 -8 -2.802 5.294 10 -2.802 5.294 10 -2.802 5.294 10 -2.5 -2.5 -8 -2.5 -2.5 -8 -2.5 -2.5 -8 -2.5 -2.5 10 -2.5 -2.5 10 -2.5 -2.5 10 -2.5 2.5 -8 -2.5 2.5 -8 -2.5 2.5 -8 -2.5 2.5 10 -2.5 2.5 10 -2.5 2.5 10 -2.449255 -54.83685 -17.5 -2.4492 -54.83698 -17.5 -2.4492 -54.83698 17.5 -2.449255 -54.83685 17.5 -2.400039 -56.59312 -17.5 -2.400039 -56.59312 17.5 -2.3292 -48.6931 -10 -2.329224 -48.69322 -10 -2.329224 -48.69322 -2 -2.329224 -48.69322 2 -2.3292 -48.6931 10 -2.329224 -48.69322 10 -2.3292 -31.3069 -10 -2.3292 -31.3069 10 -2.329349 -28.69325 -10 -2.3292 -28.6931 10 -2.3292 -11.3069 10 -2.3292 -8.6931 -4 -2.3292 -8.6931 10 -2.3292 -8.6931 10 -2.329349 8.693249 -10 -2.3292 8.6931 -4 -2.3292 8.6931 10 -2.3292 8.6931 10 -2.3292 11.3069 -10 -2.3292 11.3069 10 -2.3292 28.6931 -10 -2.3292 28.6931 10 -2.3292 31.3069 -10 -2.3292 31.3069 10 -2.329224 48.69322 -10 -2.3292 48.6931 -10 -2.329224 48.69322 -2 -2.329224 48.69322 2 -2.3292 48.6931 10 -2.329224 48.69322 10 -2.32776 -31.31224 -10 -2.32776 -31.31224 -2 -2.32776 -31.31224 2 -2.32776 -31.31224 10 -2.32776 -28.68776 -10 -2.32776 -28.68776 -2 -2.32776 -28.68776 2 -2.32776 -28.68776 10 -2.32776 -11.31224 -4 -2.32776 -11.31224 10 -2.32776 8.68776 -10 -2.32776 8.68776 -8 -2.32776 11.31224 -10 -2.32776 11.31224 -8 -2.32776 11.31224 -4 -2.32776 11.31224 10 -2.32776 28.68776 -10 -2.32776 28.68776 -2 -2.32776 28.68776 2 -2.32776 28.68776 10 -2.32776 31.31224 -10 -2.32776 31.31224 -2 -2.32776 31.31224 2 -2.32776 31.31224 10 -2.2962 -45.5434 -8 -2.2962 -45.5434 -8 -2.2962 -45.5434 8 -2.2962 -45.5434 8 -2.2962 -34.4566 -8 -2.2962 -34.4566 -8 -2.2962 -34.4566 8 -2.2962 -34.4566 8 -2.2962 -25.5434 -8 -2.296077 -25.54322 -8 -2.2962 -25.5434 8 -2.2962 -25.5434 8 -2.2962 -14.4566 -8 -2.296095 -14.45662 -8 -2.2962 -14.4566 8 -2.2962 -14.4566 8 -2.296 -5.543 -8 -2.296128 -5.543459 10 -2.296095 5.543211 -8 -2.2961 5.5434 -8 -2.2961 5.5434 10 -2.2962 5.5434 10 -2.2962 14.4566 -8 -2.2962 14.4566 -8 -2.2962 14.4566 8 -2.2962 14.4566 8 -2.2962 25.5434 -8 -2.2962 25.5434 -8 -2.2962 25.5434 8 -2.2962 25.5434 8 -2.2962 34.4566 -8 -2.2962 34.4566 -8 -2.2962 34.4566 8 -2.2962 34.4566 8 -2.2962 45.5434 -8 -2.2962 45.5434 -8 -2.2962 45.5434 8 -2.2962 45.5434 8 -2.208444 -52.50756 -2 -2.208444 -52.50756 2 -2.0704 -47.7272 -10 -2.0704 -47.7272 -10 -2.0704 -47.7272 -8 -2.0704 -47.7272 -8 -2.0704 -47.7272 8 -2.0704 -47.7272 8 -2.0704 -47.7272 10 -2.0704 -47.7272 10 -2.0704 -32.2728 -10 -2.0704 -32.2728 -10 -2.0704 -32.2728 -8 -2.0704 -32.2728 -8 -2.0704 -32.2728 8 -2.0704 -32.2728 8 -2.0704 -32.2728 10 -2.0704 -32.2728 10 -2.070532 -27.72733 -10 -2.070425 -27.72733 -10 -2.070533 -27.72733 -8 -2.070425 -27.72733 -8 -2.0704 -27.7272 8 -2.0704 -27.7272 8 -2.0704 -27.7272 10 -2.0704 -27.7272 10 -2.0704 -12.2728 8 -2.0704 -12.2728 8 -2.0704 -12.2728 10 -2.0704 -12.2728 10 -2.070425 7.727325 -10 -2.070532 7.727332 -10 -2.070425 7.727325 -8 -2.070533 7.727333 -8 -2.0704 12.2728 -10 -2.0704 12.2728 -10 -2.0704 12.2728 -8 -2.0704 12.2728 -8 -2.0704 12.2728 8 -2.0704 12.2728 8 -2.0704 12.2728 10 -2.0704 12.2728 10 -2.0704 27.7272 -10 -2.0704 27.7272 -10 -2.0704 27.7272 -8 -2.0704 27.7272 -8 -2.0704 27.7272 8 -2.0704 27.7272 8 -2.0704 27.7272 10 -2.0704 27.7272 10 -2.0704 32.2728 -10 -2.0704 32.2728 -10 -2.0704 32.2728 -8 -2.0704 32.2728 -8 -2.0704 32.2728 8 -2.0704 32.2728 8 -2.0704 32.2728 10 -2.0704 32.2728 10 -2.0704 47.7272 -10 -2.0704 47.7272 -10 -2.0704 47.7272 -8 -2.0704 47.7272 -8 -2.0704 47.7272 8 -2.0704 47.7272 8 -2.0704 47.7272 10 -2.0704 47.7272 10 -2 -5.644 -8 -2 -5.644 -8 -2 -5.644 -8 -2 -5.644 10 -2 -5.644 10 -2 -5.644 10 -2 -5.602 -8 -2 -4 -8 -2 -4 -8 -2 -4 10 -2 -4 10 -1.836941 -56.31514 -17.5 -1.836941 -56.31514 17.5 -1.65637 -54.56803 -17.5 -1.656333 -54.56817 -17.5 -1.65637 -54.56803 17.5 -1.656333 -54.56817 17.5 -1.5528 -45.7954 -8 -1.5528 -45.7954 -8 -1.5528 -45.7954 8 -1.5528 -45.7954 8 -1.5528 -34.2046 -8 -1.5528 -34.2046 -8 -1.5528 -34.2046 8 -1.5528 -34.2046 8 -1.552899 -25.7955 -8 -1.5528 -25.7954 -8 -1.5528 -25.7954 8 -1.5528 -25.7954 8 -1.552792 -14.20461 -8 -1.5528 -14.2046 -8 -1.5528 -14.2046 8 -1.5528 -14.2046 8 -1.5528 -5.7954 -8 -1.552936 -5.795246 10 -1.5528 -5.7954 10 -1.552899 5.795499 -8 -1.5528 5.7954 -8 -1.5528 5.7954 10 -1.5528 5.7954 10 -1.5528 14.2046 -8 -1.5528 14.2046 -8 -1.5528 14.2046 8 -1.5528 14.2046 8 -1.5528 25.7954 -8 -1.5528 25.7954 -8 -1.5528 25.7954 8 -1.5528 25.7954 8 -1.5528 34.2046 -8 -1.5528 34.2046 -8 -1.5528 34.2046 8 -1.5528 34.2046 8 -1.5528 45.7954 -8 -1.5528 45.7954 -8 -1.5528 45.7954 8 -1.5528 45.7954 8 -1.242277 -56.11352 -17.5 -1.242277 -56.11352 17.5 -1.1745 -48.9226 -10 -1.174794 -48.9236 -10 -1.174794 -48.9236 -2 -1.174794 -48.9236 2 -1.1745 -48.9226 10 -1.174794 -48.9236 10 -1.174056 -31.08201 -10 -1.174056 -31.08201 -2 -1.174056 -31.08201 2 -1.174056 -31.08201 10 -1.1745 -31.0774 -10 -1.1745 -31.0774 10 -1.174724 -28.92292 -10 -1.1745 -28.9226 10 -1.174056 -28.91799 -10 -1.174056 -28.91799 -2 -1.174056 -28.91799 2 -1.174056 -28.91799 10 -1.174056 -11.08201 -4 -1.174056 -11.08201 10 -1.1745 -11.0774 10 -1.1745 -8.9226 -4 -1.1745 -8.9226 10 -1.1745 -8.9226 10 -1.174056 8.917992 -10 -1.174056 8.917992 -8 -1.174724 8.922919 -10 -1.1745 8.9226 -4 -1.1745 8.9226 10 -1.1745 8.9226 10 -1.1745 11.0774 -10 -1.1745 11.0774 10 -1.174056 11.08201 -10 -1.174056 11.08201 -8 -1.174056 11.08201 -4 -1.174056 11.08201 10 -1.174056 28.91799 -10 -1.174056 28.91799 -2 -1.174056 28.91799 2 -1.174056 28.91799 10 -1.1745 28.9226 -10 -1.1745 28.9226 10 -1.1745 31.0774 -10 -1.1745 31.0774 10 -1.174056 31.08201 -10 -1.174056 31.08201 -2 -1.174056 31.08201 2 -1.174056 31.08201 10 -1.1745 48.9226 -10 -1.174794 48.9236 -10 -1.174794 48.9236 -2 -1.174794 48.9236 2 -1.174794 48.9236 10 -1.1745 48.9226 10 -1.113876 -52.28912 -2 -1.113876 -52.28912 2 -1.044 -47.9312 -10 -1.044 -47.9312 -10 -1.044 -47.9312 -8 -1.044 -47.9312 -8 -1.044 -47.9312 8 -1.044 -47.9312 8 -1.044 -47.9312 10 -1.044 -47.9312 10 -1.044 -32.0688 -10 -1.044 -32.0688 -10 -1.044 -32.0688 -8 -1.044 -32.0688 -8 -1.044 -32.0688 8 -1.044 -32.0688 8 -1.044 -32.0688 10 -1.044 -32.0688 10 -1.0442 -27.93148 -10 -1.044264 -27.9321 -10 -1.044264 -27.9321 -8 -1.044199 -27.93148 -8 -1.044 -27.9312 8 -1.044 -27.9312 8 -1.044 -27.9312 10 -1.044 -27.9312 10 -1.044 -12.0688 8 -1.044 -12.0688 8 -1.044 -12.0688 10 -1.044 -12.0688 10 -1.044264 7.932105 -10 -1.0442 7.931482 -10 -1.044199 7.931482 -8 -1.044264 7.932105 -8 -1.044 12.0688 -10 -1.044 12.0688 -10 -1.044 12.0688 -8 -1.044 12.0688 -8 -1.044 12.0688 8 -1.044 12.0688 8 -1.044 12.0688 10 -1.044 12.0688 10 -1.044 27.9312 -10 -1.044 27.9312 -10 -1.044 27.9312 -8 -1.044 27.9312 -8 -1.044 27.9312 8 -1.044 27.9312 8 -1.044 27.9312 10 -1.044 27.9312 10 -1.044 32.0688 -10 -1.044 32.0688 -10 -1.044 32.0688 -8 -1.044 32.0688 -8 -1.044 32.0688 8 -1.044 32.0688 8 -1.044 32.0688 10 -1.044 32.0688 10 -1.044 47.9312 -10 -1.044 47.9312 -10 -1.044 47.9312 -8 -1.044 47.9312 -8 -1.044 47.9312 8 -1.044 47.9312 8 -1.044 47.9312 10 -1.044 47.9312 10 -0.8354071 -54.40434 -17.5 -0.8354257 -54.40421 -17.5 -0.8354257 -54.40421 17.5 -0.8354071 -54.40434 17.5 -0.7830001 -45.9484 -8 -0.7830001 -45.9484 -8 -0.7830001 -45.9484 8 -0.7830001 -45.9484 8 -0.7830001 -34.0516 -8 -0.7830001 -34.0516 -8 -0.7830001 -34.0516 8 -0.7830001 -34.0516 8 -0.7830001 -25.9484 -8 -0.7831498 -25.94861 -8 -0.7830001 -25.9484 8 -0.7830001 -25.9484 8 -0.7831839 -14.05103 -8 -0.7830001 -14.0516 -8 -0.7830001 -14.0516 8 -0.7830001 -14.0516 8 -0.7832 -5.949 -8 -0.7832 -5.949 10 -0.7831829 -5.94848 10 -0.7829961 5.94837 -8 -0.7832 5.949 -8 -0.7830001 5.9484 10 -0.7832 5.949 10 -0.7830001 14.0516 -8 -0.7830001 14.0516 -8 -0.7830001 14.0516 8 -0.7830001 14.0516 8 -0.7830001 25.9484 -8 -0.7830001 25.9484 -8 -0.7830001 25.9484 8 -0.7830001 25.9484 8 -0.7830001 34.0516 -8 -0.7830001 34.0516 -8 -0.7830001 34.0516 8 -0.7830001 34.0516 8 -0.7830001 45.9484 -8 -0.7830001 45.9484 -8 -0.7830001 45.9484 8 -0.7830001 45.9484 8 -0.6265692 -55.99065 -17.5 -0.6265692 -55.99065 17.5 0 -55.94992 -17.5 0 -55.94992 17.5 0 -55.8408 -10 0 -55.84 10 0 -54.7872 0 0 -54.3499 -17.5 0 -54.35004 -17.5 0 -54.3499 17.5 0 -54.35004 17.5 0 -52.21672 -2 0 -52.21672 2 0 -49 -10 0 -48.99997 -10 0 -48.99997 -2 0 -48.99997 2 0 -48.99997 10 0 -49 10 0 -48 -10 0 -48 -10 0 -48 -8 0 -48 -8 0 -48 8 0 -48 8 0 -48 10 0 -48 10 0 -46 -8 0 -46 -8 0 -46 8 0 -46 8 0 -34 -8 0 -34 -8 0 -34 8 0 -34 8 0 -32 -10 0 -32 -10 0 -32 -8 0 -32 -8 0 -32 8 0 -32 8 0 -32 10 0 -32 10 0 -31.00569 -10 0 -31.0057 -2 0 -31.00569 -2 0 -31.0057 2 0 -31.00569 2 0 -31.00569 10 0 -31 -10 0 -31 10 0 -28.99991 -10 0 -29 10 0 -28.99431 -10 0 -28.99431 -2 0 -28.9943 -2 0 -28.99431 2 0 -28.9943 2 0 -28.99431 10 0 -27.99999 -10 0 -27.99992 -10 0 -27.99992 -8 0 -27.99999 -8 0 -28 8 0 -28 8 0 -28 10 0 -28 10 0 -26 -8 0 -25.99994 -8 0 -26 8 0 -26 8 0 -14.00012 -8 0 -14 -8 0 -14 8 0 -14 8 0 -12 8 0 -12 8 0 -12 10 0 -12 10 0 -11.5148 -8 0 -11.00569 -4 0 -11.00569 10 0 -11 10 0 -9 -4 0 -9 -4 0 -9 10 0 -9 10 0 -6 -8 0 -5.9999 -8 0 -6 10 0 -6 10 0 5.9999 -8 0 5.999941 -8 0 6 10 0 5.9999 10 0 7.999988 -10 0 7.999923 -10 0 7.999988 -8 0 7.999923 -8 0 8.994313 -10 0 8.994313 -8 0 8.9943 -8 0 8.999914 -10 0 9 -4 0 9 -4 0 9 10 0 9 10 0 11 -10 0 11 10 0 11.00569 -10 0 11.0057 -8 0 11.00569 -8 0 11.00569 -4 0 11.00569 10 0 12 -10 0 12 -10 0 12 -8 0 12 -8 0 12 8 0 12 8 0 12 10 0 12 10 0 14 -8 0 14 -8 0 14 8 0 14 8 0 26 -8 0 26 -8 0 26 8 0 26 8 0 28 -10 0 28 -10 0 28 -8 0 28 -8 0 28 8 0 28 8 0 28 10 0 28 10 0 28.99431 -10 0 28.9943 -2 0 28.99431 -2 0 28.9943 2 0 28.99431 2 0 28.99431 10 0 29 -10 0 29 10 0 31 -10 0 31 10 0 31.00569 -10 0 31.00569 -2 0 31.0057 -2 0 31.0057 2 0 31.00569 2 0 31.00569 10 0 32 -10 0 32 -10 0 32 -8 0 32 -8 0 32 8 0 32 8 0 32 10 0 32 10 0 34 -8 0 34 -8 0 34 8 0 34 8 0 46 -8 0 46 -8 0 46 8 0 46 8 0 48 -10 0 48 -10 0 48 -8 0 48 -8 0 48 8 0 48 8 0 48 10 0 48 10 0 49 -10 0 48.99997 -10 0 48.99997 -2 0 48.99997 2 0 49 10 0 48.99997 10 0 54.7872 0 0 55.8408 -10 0 55.8408 10 0 57.834 -17.5 0 57.8347 -17.5 0 57.834 17.5 0 57.8347 17.5 0 60.7257 -17.5 0 60.7257 17.5 0.6265692 -55.99065 -17.5 0.6265692 -55.99065 17.5 0.7830001 -45.9484 -8 0.7830001 -45.9484 -8 0.7830001 -45.9484 8 0.7830001 -45.9484 8 0.7830001 -34.0516 -8 0.7830001 -34.0516 -8 0.7830001 -34.0516 8 0.7830001 -34.0516 8 0.7830001 -25.9484 -8 0.7831498 -25.94861 -8 0.7830001 -25.9484 8 0.7830001 -25.9484 8 0.7830001 -14.0516 -8 0.7831839 -14.05103 -8 0.7830001 -14.0516 8 0.7830001 -14.0516 8 0.7832 -5.949 -8 0.7830001 -5.9484 10 0.7832 -5.949 10 0.7831498 5.948611 -8 0.7832 5.949 -8 0.7832 5.949 10 0.7831829 5.94848 10 0.7830001 14.0516 -8 0.7830001 14.0516 -8 0.7830001 14.0516 8 0.7830001 14.0516 8 0.7830001 25.9484 -8 0.7830001 25.9484 -8 0.7830001 25.9484 8 0.7830001 25.9484 8 0.7830001 34.0516 -8 0.7830001 34.0516 -8 0.7830001 34.0516 8 0.7830001 34.0516 8 0.7830001 45.9484 -8 0.7830001 45.9484 -8 0.7830001 45.9484 8 0.7830001 45.9484 8 0.8354257 -54.40421 -17.5 0.8354071 -54.40434 -17.5 0.8354071 -54.40434 17.5 0.8354257 -54.40421 17.5 1.044 -47.9312 -10 1.044 -47.9312 -10 1.044 -47.9312 -8 1.044 -47.9312 -8 1.044 -47.9312 8 1.044 -47.9312 8 1.044 -47.9312 10 1.044 -47.9312 10 1.044 -32.0688 -10 1.044 -32.0688 -10 1.044 -32.0688 -8 1.044 -32.0688 -8 1.044 -32.0688 8 1.044 -32.0688 8 1.044 -32.0688 10 1.044 -32.0688 10 1.044264 -27.9321 -10 1.0442 -27.93148 -10 1.044264 -27.9321 -8 1.044199 -27.93148 -8 1.044 -27.9312 8 1.044 -27.9312 8 1.044 -27.9312 10 1.044 -27.9312 10 1.044 -12.0688 8 1.044 -12.0688 8 1.044 -12.0688 10 1.044 -12.0688 10 1.0442 7.931482 -10 1.044264 7.932105 -10 1.044199 7.931482 -8 1.044264 7.932105 -8 1.044 12.0688 -10 1.044 12.0688 -10 1.044 12.0688 -8 1.044 12.0688 -8 1.044 12.0688 8 1.044 12.0688 8 1.044 12.0688 10 1.044 12.0688 10 1.044 27.9312 -10 1.044 27.9312 -10 1.044 27.9312 -8 1.044 27.9312 -8 1.044 27.9312 8 1.044 27.9312 8 1.044 27.9312 10 1.044 27.9312 10 1.044 32.0688 -10 1.044 32.0688 -10 1.044 32.0688 -8 1.044 32.0688 -8 1.044 32.0688 8 1.044 32.0688 8 1.044 32.0688 10 1.044 32.0688 10 1.044 47.9312 -10 1.044 47.9312 -10 1.044 47.9312 -8 1.044 47.9312 -8 1.044 47.9312 8 1.044 47.9312 8 1.044 47.9312 10 1.044 47.9312 10 1.113876 -52.28912 -2 1.113876 -52.28912 2 1.1745 -48.9226 -10 1.174794 -48.9236 -10 1.174794 -48.9236 -2 1.174794 -48.9236 2 1.1745 -48.9226 10 1.174794 -48.9236 10 1.174056 -31.08201 -10 1.174056 -31.08201 -2 1.174056 -31.08201 2 1.174056 -31.08201 10 1.1745 -31.0774 -10 1.1745 -31.0774 10 1.174724 -28.92292 -10 1.1745 -28.9226 10 1.174056 -28.91799 -10 1.174056 -28.91799 -2 1.174056 -28.91799 2 1.174056 -28.91799 10 1.174056 -11.08201 -4 1.174056 -11.08201 10 1.1745 -11.0774 10 1.1745 -8.9226 -4 1.1745 -8.9226 10 1.1745 -8.9226 10 1.174056 8.917992 -10 1.174056 8.917992 -8 1.174724 8.922919 -10 1.1745 8.9226 -4 1.1745 8.9226 10 1.1745 8.9226 10 1.1745 11.0774 -10 1.1745 11.0774 10 1.174056 11.08201 -10 1.174056 11.08201 -8 1.174056 11.08201 -4 1.174056 11.08201 10 1.174056 28.91799 -10 1.174056 28.91799 -2 1.174056 28.91799 2 1.174056 28.91799 10 1.1745 28.9226 -10 1.1745 28.9226 10 1.1745 31.0774 -10 1.1745 31.0774 10 1.174056 31.08201 -10 1.174056 31.08201 -2 1.174056 31.08201 2 1.174056 31.08201 10 1.174794 48.9236 -10 1.1745 48.9226 -10 1.174794 48.9236 -2 1.174794 48.9236 2 1.1745 48.9226 10 1.174794 48.9236 10 1.242277 -56.11352 -17.5 1.242277 -56.11352 17.5 1.5528 -45.7954 -8 1.5528 -45.7954 -8 1.5528 -45.7954 8 1.5528 -45.7954 8 1.5528 -34.2046 -8 1.5528 -34.2046 -8 1.5528 -34.2046 8 1.5528 -34.2046 8 1.5528 -25.7954 -8 1.552899 -25.7955 -8 1.5528 -25.7954 8 1.5528 -25.7954 8 1.552792 -14.20461 -8 1.5528 -14.2046 -8 1.5528 -14.2046 8 1.5528 -14.2046 8 1.5528 -5.7954 -8 1.5528 -5.7954 10 1.5528 -5.7954 10 1.552959 5.79518 -8 1.5528 5.7954 -8 1.552936 5.795246 10 1.5528 5.7954 10 1.5528 14.2046 -8 1.5528 14.2046 -8 1.5528 14.2046 8 1.5528 14.2046 8 1.5528 25.7954 -8 1.5528 25.7954 -8 1.5528 25.7954 8 1.5528 25.7954 8 1.5528 34.2046 -8 1.5528 34.2046 -8 1.5528 34.2046 8 1.5528 34.2046 8 1.5528 45.7954 -8 1.5528 45.7954 -8 1.5528 45.7954 8 1.5528 45.7954 8 1.65637 -54.56803 -17.5 1.656333 -54.56817 -17.5 1.65637 -54.56803 17.5 1.656333 -54.56817 17.5 1.836941 -56.31514 -17.5 1.836941 -56.31514 17.5 2 -5.602 -8 2 4 -8 2 4 -8 2 4 10 2 4 10 2 5.644 -8 2 5.644 -8 2 5.644 -8 2 5.644 10 2 5.644 10 2 5.644 10 2.0704 -47.7272 -10 2.0704 -47.7272 -10 2.0704 -47.7272 -8 2.0704 -47.7272 -8 2.0704 -47.7272 8 2.0704 -47.7272 8 2.0704 -47.7272 10 2.0704 -47.7272 10 2.0704 -32.2728 -10 2.0704 -32.2728 -10 2.0704 -32.2728 -8 2.0704 -32.2728 -8 2.0704 -32.2728 8 2.0704 -32.2728 8 2.0704 -32.2728 10 2.0704 -32.2728 10 2.070425 -27.72733 -10 2.070532 -27.72733 -10 2.070533 -27.72733 -8 2.070425 -27.72733 -8 2.0704 -27.7272 8 2.0704 -27.7272 8 2.0704 -27.7272 10 2.0704 -27.7272 10 2.0704 -12.2728 8 2.0704 -12.2728 8 2.0704 -12.2728 10 2.0704 -12.2728 10 2.070532 7.727332 -10 2.070425 7.727325 -10 2.070533 7.727333 -8 2.070425 7.727325 -8 2.0704 12.2728 -10 2.0704 12.2728 -10 2.0704 12.2728 -8 2.0704 12.2728 -8 2.0704 12.2728 8 2.0704 12.2728 8 2.0704 12.2728 10 2.0704 12.2728 10 2.0704 27.7272 -10 2.0704 27.7272 -10 2.0704 27.7272 -8 2.0704 27.7272 -8 2.0704 27.7272 8 2.0704 27.7272 8 2.0704 27.7272 10 2.0704 27.7272 10 2.0704 32.2728 -10 2.0704 32.2728 -10 2.0704 32.2728 -8 2.0704 32.2728 -8 2.0704 32.2728 8 2.0704 32.2728 8 2.0704 32.2728 10 2.0704 32.2728 10 2.0704 47.7272 -10 2.0704 47.7272 -10 2.0704 47.7272 -8 2.0704 47.7272 -8 2.0704 47.7272 8 2.0704 47.7272 8 2.0704 47.7272 10 2.0704 47.7272 10 2.208444 -52.50756 -2 2.208444 -52.50756 2 2.2962 -45.5434 -8 2.2962 -45.5434 -8 2.2962 -45.5434 8 2.2962 -45.5434 8 2.2962 -34.4566 -8 2.2962 -34.4566 -8 2.2962 -34.4566 8 2.2962 -34.4566 8 2.2962 -25.5434 -8 2.29608 -25.54322 -8 2.2962 -25.5434 8 2.2962 -25.5434 8 2.2962 -14.4566 -8 2.296095 -14.45662 -8 2.2962 -14.4566 8 2.2962 -14.4566 8 2.296 -5.543 -8 2.296 -5.543 -8 2.29608 -5.54328 10 2.2961 -5.5434 10 2.29608 5.543224 -8 2.29608 5.54328 10 2.2962 14.4566 -8 2.2962 14.4566 -8 2.2962 14.4566 8 2.2962 14.4566 8 2.2962 25.5434 -8 2.2962 25.5434 -8 2.2962 25.5434 8 2.2962 25.5434 8 2.2962 34.4566 -8 2.2962 34.4566 -8 2.2962 34.4566 8 2.2962 34.4566 8 2.2962 45.5434 -8 2.2962 45.5434 -8 2.2962 45.5434 8 2.2962 45.5434 8 2.32776 -31.31224 -10 2.32776 -31.31224 -2 2.32776 -31.31224 2 2.32776 -31.31224 10 2.32776 -28.68776 -10 2.32776 -28.68776 -2 2.32776 -28.68776 2 2.32776 -28.68776 10 2.32776 -11.31224 -4 2.32776 -11.31224 10 2.32776 8.68776 -10 2.32776 8.68776 -8 2.32776 11.31224 -10 2.32776 11.31224 -8 2.32776 11.31224 -4 2.32776 11.31224 10 2.32776 28.68776 -10 2.32776 28.68776 -2 2.32776 28.68776 2 2.32776 28.68776 10 2.32776 31.31224 -10 2.32776 31.31224 -2 2.32776 31.31224 2 2.32776 31.31224 10 2.3292 -48.6931 -10 2.329224 -48.69322 -10 2.329224 -48.69322 -2 2.329224 -48.69322 2 2.3292 -48.6931 10 2.329224 -48.69322 10 2.3292 -31.3069 -10 2.3292 -31.3069 10 2.329349 -28.69325 -10 2.3292 -28.6931 10 2.3292 -11.3069 10 2.3292 -8.6931 -4 2.3292 -8.6931 10 2.3292 -8.6931 10 2.329349 8.693249 -10 2.3292 8.6931 -4 2.3292 8.6931 10 2.3292 8.6931 10 2.3292 11.3069 -10 2.3292 11.3069 10 2.3292 28.6931 -10 2.3292 28.6931 10 2.3292 31.3069 -10 2.3292 31.3069 10 2.3292 48.6931 -10 2.329224 48.69322 -10 2.329224 48.69322 -2 2.329224 48.69322 2 2.3292 48.6931 10 2.329224 48.69322 10 2.400039 -56.59312 -17.5 2.400039 -56.59312 17.5 2.449255 -54.83685 -17.5 2.4492 -54.83698 -17.5 2.449255 -54.83685 17.5 2.4492 -54.83698 17.5 2.5 -2.5 -8 2.5 -2.5 -8 2.5 -2.5 -8 2.5 -2.5 10 2.5 -2.5 10 2.5 -2.5 10 2.5 2.5 -8 2.5 2.5 -8 2.5 2.5 -8 2.5 2.5 10 2.5 2.5 10 2.5 2.5 10 2.802 -5.294 -8 2.802 -5.294 -8 2.802 -5.294 -8 2.802 -5.294 10 2.802 -5.294 10 2.802 -5.294 10 2.922067 -56.94205 -17.5 2.922067 -56.94205 17.5 3 -45.196 -8 3 -45.196 -8 3 -45.196 8 3 -45.196 8 3 -34.804 -8 3 -34.804 -8 3 -34.804 8 3 -34.804 8 2.999972 -25.1961 -8 3 -25.196 -8 3 -25.196 8 3 -25.196 8 2.999943 -14.80409 -8 3 -14.804 -8 3 -14.804 8 3 -14.804 8 2.999732 -5.195969 10 3 5.196 -8 3 5.196 10 3 14.804 -8 3 14.804 -8 3 14.804 8 3 14.804 8 3 25.196 -8 3 25.196 -8 3 25.196 8 3 25.196 8 3 34.804 -8 3 34.804 -8 3 34.804 8 3 34.804 8 3 45.196 -8 3 45.196 -8 3 45.196 8 3 45.196 8 3.0616 -47.3912 -10 3.0616 -47.3912 -10 3.0616 -47.3912 -8 3.0616 -47.3912 -8 3.0616 -47.3912 8 3.0616 -47.3912 8 3.0616 -47.3912 10 3.0616 -47.3912 10 3.0616 -32.6088 -10 3.0616 -32.6088 -10 3.0616 -32.6088 -8 3.0616 -32.6088 -8 3.0616 -32.6088 8 3.0616 -32.6088 8 3.0616 -32.6088 10 3.0616 -32.6088 10 3.06144 -27.39096 -10 3.061514 -27.39131 -10 3.061439 -27.39096 -8 3.061514 -27.39131 -8 3.0616 -27.3912 8 3.0616 -27.3912 8 3.0616 -27.3912 10 3.0616 -27.3912 10 3.0616 -12.6088 8 3.0616 -12.6088 8 3.0616 -12.6088 10 3.0616 -12.6088 10 3.061514 7.391305 -10 3.06144 7.390965 -10 3.061439 7.390964 -8 3.061514 7.391305 -8 3.0616 12.6088 -10 3.0616 12.6088 -10 3.0616 12.6088 -8 3.0616 12.6088 -8 3.0616 12.6088 8 3.0616 12.6088 8 3.0616 12.6088 10 3.0616 12.6088 10 3.0616 27.3912 -10 3.0616 27.3912 -10 3.0616 27.3912 -8 3.0616 27.3912 -8 3.0616 27.3912 8 3.0616 27.3912 8 3.0616 27.3912 10 3.0616 27.3912 10 3.0616 32.6088 -10 3.0616 32.6088 -10 3.0616 32.6088 -8 3.0616 32.6088 -8 3.0616 32.6088 8 3.0616 32.6088 8 3.0616 32.6088 10 3.0616 32.6088 10 3.0616 47.3912 -10 3.0616 47.3912 -10 3.0616 47.3912 -8 3.0616 47.3912 -8 3.0616 47.3912 8 3.0616 47.3912 8 3.0616 47.3912 10 3.0616 47.3912 10 3.199981 -55.20762 -17.5 3.200052 -55.2075 -17.5 3.199981 -55.20762 17.5 3.200052 -55.2075 17.5 3.265601 -52.86597 -2 3.265601 -52.86597 2 3.3942 -57.3558 -17.5 3.3942 -57.3558 17.5 3.442032 -31.69002 -10 3.442 -31.69 -2 3.442032 -31.69002 -2 3.442032 -31.69002 2 3.442 -31.69 2 3.442032 -31.69002 10 3.442032 -28.30998 -10 3.442032 -28.30998 -2 3.442 -28.31 -2 3.442 -28.31 2 3.442032 -28.30998 2 3.442032 -28.30998 10 3.442032 -11.69002 -4 3.442032 -11.69002 10 3.442032 8.309977 -10 3.442032 8.309977 -8 3.442 8.309999 -8 3.442032 11.69002 -10 3.442032 11.69002 -8 3.442 11.69 -8 3.442032 11.69002 -4 3.442032 11.69002 10 3.442032 28.30998 -10 3.442 28.31 -2 3.442032 28.30998 -2 3.442032 28.30998 2 3.442 28.31 2 3.442032 28.30998 10 3.442032 31.69002 -10 3.442032 31.69002 -2 3.442 31.69 -2 3.442 31.69 2 3.442032 31.69002 2 3.442032 31.69002 10 3.444197 -48.3152 -10 3.4443 -48.3151 -10 3.444197 -48.3152 -2 3.444197 -48.3152 2 3.4443 -48.3151 10 3.444197 -48.3152 10 3.4443 -31.6849 -10 3.4443 -31.6849 10 3.44412 -28.31483 -10 3.4443 -28.3151 10 3.4443 -11.6849 10 3.4443 -8.3151 -4 3.4443 -8.3151 10 3.4443 -8.3151 10 3.44412 8.314835 -10 3.4443 8.3151 -4 3.4443 8.3151 10 3.4443 8.3151 10 3.4443 11.6849 -10 3.4443 11.6849 10 3.4443 28.3151 -10 3.4443 28.3151 10 3.4443 31.6849 -10 3.4443 31.6849 10 3.4443 48.3151 -10 3.444197 48.3152 -10 3.444197 48.3152 -2 3.444197 48.3152 2 3.444197 48.3152 10 3.4443 48.3151 10 3.6528 -44.7604 -8 3.6528 -44.7604 -8 3.6528 -44.7604 8 3.6528 -44.7604 8 3.6528 -35.2396 -8 3.6528 -35.2396 -8 3.6528 -35.2396 8 3.6528 -35.2396 8 3.6528 -24.7604 -8 3.652534 -24.76007 -8 3.6528 -24.7604 8 3.6528 -24.7604 8 3.6528 -15.2396 -8 3.652454 -15.24023 -8 3.6528 -15.2396 8 3.6528 -15.2396 8 3.6528 -4.7604 10 3.6525 4.7598 -8 3.6528 4.7604 10 3.6528 15.2396 -8 3.6528 15.2396 -8 3.6528 15.2396 8 3.6528 15.2396 8 3.6528 24.7604 -8 3.6528 24.7604 -8 3.6528 24.7604 8 3.6528 24.7604 8 3.6528 35.2396 -8 3.6528 35.2396 -8 3.6528 35.2396 8 3.6528 35.2396 8 3.6528 44.7604 -8 3.6528 44.7604 -8 3.6528 44.7604 8 3.6528 44.7604 8 3.896003 -55.67284 -17.5 3.896089 -55.67273 -17.5 3.896003 -55.67284 17.5 3.896089 -55.67273 17.5 4 -46.928 -10 4 -46.928 -10 4 -46.928 -8 4 -46.928 -8 4 -46.928 8 4 -46.928 8 4 -46.928 10 4 -46.928 10 4 -33.072 -10 4 -33.072 -10 4 -33.072 -8 4 -33.072 -8 4 -33.072 8 4 -33.072 8 4 -33.072 10 4 -33.072 10 3.999994 -26.92801 -10 3.999963 -26.92813 -10 3.999961 -26.92814 -8 3.999994 -26.92801 -8 4 -26.928 8 4 -26.928 8 4 -26.928 10 4 -26.928 10 4 -13.072 8 4 -13.072 8 4 -13.072 10 4 -13.072 10 4 2 -8 4 2 -8 4 2 10 4 2 10 3.999963 6.928136 -10 3.999994 6.928005 -10 3.999994 6.928005 -8 3.999961 6.928136 -8 4 13.072 -10 4 13.072 -10 4 13.072 -8 4 13.072 -8 4 13.072 8 4 13.072 8 4 13.072 10 4 13.072 10 4 26.928 -10 4 26.928 -10 4 26.928 -8 4 26.928 -8 4 26.928 8 4 26.928 8 4 26.928 10 4 26.928 10 4 33.072 -10 4 33.072 -10 4 33.072 -8 4 33.072 -8 4 33.072 8 4 33.072 8 4 33.072 10 4 33.072 10 4 46.928 -10 4 46.928 -10 4 46.928 -8 4 46.928 -8 4 46.928 8 4 46.928 8 4 46.928 10 4 46.928 10 4.2426 -44.2426 -8 4.2426 -44.2426 -8 4.2426 -44.2426 8 4.2426 -44.2426 8 4.2426 -35.7574 -8 4.2426 -35.7574 -8 4.2426 -35.7574 8 4.2426 -35.7574 8 4.2426 -24.2426 -8 4.2426 -24.2426 -8 4.2426 -24.2426 8 4.2426 -24.2426 8 4.243 -15.757 -8 4.2426 -15.7574 -8 4.2426 -15.7574 8 4.2426 -15.7574 8 4.2426 -4.2426 -8 4.243 -4.243 10 4.2426 4.242599 -8 4.243 4.243 10 4.2426 15.7574 -8 4.2426 15.7574 -8 4.2426 15.7574 8 4.2426 15.7574 8 4.2426 24.2426 -8 4.2426 24.2426 -8 4.2426 24.2426 8 4.2426 24.2426 8 4.2426 35.7574 -8 4.2426 35.7574 -8 4.2426 35.7574 8 4.2426 35.7574 8 4.2426 44.2426 -8 4.2426 44.2426 -8 4.2426 44.2426 8 4.2426 44.2426 8 4.266641 -53.36016 -2 4.266641 -53.36016 2 4.435 -58.913 -17.5 4.435 -58.913 17.5 4.497156 -32.21091 -10 4.497156 -32.21091 -2 4.497156 -32.21091 2 4.497156 -32.21091 10 4.497156 -27.78909 -10 4.497156 -27.78909 -2 4.497156 -27.78909 2 4.497156 -27.78909 10 4.497156 -12.21091 -4 4.497156 -12.21091 10 4.497156 7.789092 -10 4.497156 7.789092 -8 4.497156 12.21091 -10 4.497156 12.21091 -8 4.497156 12.21091 -4 4.497156 12.21091 10 4.497156 27.78909 -10 4.497156 27.78909 -2 4.497156 27.78909 2 4.497156 27.78909 10 4.497156 32.21091 -10 4.497156 32.21091 -2 4.497156 32.21091 2 4.497156 32.21091 10 4.499984 -47.79399 -10 4.5 -47.794 -10 4.499984 -47.79399 -2 4.499984 -47.79399 2 4.5 -47.794 10 4.499984 -47.79399 10 4.5 -32.206 -10 4.5 -32.206 10 4.499958 -27.79415 -10 4.5 -27.794 10 4.5 -12.206 10 4.5 -7.794 -4 4.5 -7.794 10 4.5 -7.794 10 4.499958 7.794153 -10 4.5 7.794 -4 4.5 7.794 10 4.5 7.794 10 4.5 12.206 -10 4.5 12.206 10 4.5 27.794 -10 4.5 27.794 10 4.5 32.206 -10 4.5 32.206 10 4.499984 47.79399 -10 4.5 47.794 -10 4.499984 47.79399 -2 4.499984 47.79399 2 4.5 47.794 10 4.499984 47.79399 10 4.526 -56.225 -17.5 4.5255 -56.2245 -17.5 4.526 -56.225 17.5 4.526 -56.225 17.5 4.7604 -43.6528 -8 4.7604 -43.6528 -8 4.7604 -43.6528 8 4.7604 -43.6528 8 4.7604 -36.3472 -8 4.7604 -36.3472 -8 4.7604 -36.3472 8 4.7604 -36.3472 8 4.760074 -23.65253 -8 4.7604 -23.6528 -8 4.7604 -23.6528 8 4.7604 -23.6528 8 4.7604 -16.3472 -8 4.760074 -16.34747 -8 4.7604 -16.3472 8 4.7604 -16.3472 8 4.760074 -3.652535 -8 4.7604 -3.6528 10 4.7598 3.6525 -8 4.760029 3.652384 10 4.7604 16.3472 -8 4.7604 16.3472 -8 4.7604 16.3472 8 4.7604 16.3472 8 4.7604 23.6528 -8 4.7604 23.6528 -8 4.7604 23.6528 8 4.7604 23.6528 8 4.7604 36.3472 -8 4.7604 36.3472 -8 4.7604 36.3472 8 4.7604 36.3472 8 4.7604 43.6528 -8 4.7604 43.6528 -8 4.7604 43.6528 8 4.7604 43.6528 8 4.8704 -46.3472 -10 4.8704 -46.3472 -10 4.8704 -46.3472 -8 4.8704 -46.3472 -8 4.8704 -46.3472 8 4.8704 -46.3472 8 4.8704 -46.3472 10 4.8704 -46.3472 10 4.8704 -33.6528 -10 4.8704 -33.6528 -10 4.8704 -33.6528 -8 4.8704 -33.6528 -8 4.8704 -33.6528 8 4.8704 -33.6528 8 4.8704 -33.6528 10 4.8704 -33.6528 10 4.870025 -26.34648 -10 4.870045 -26.34677 -10 4.870046 -26.34677 -8 4.870025 -26.34648 -8 4.8704 -26.3472 8 4.8704 -26.3472 8 4.8704 -26.3472 10 4.8704 -26.3472 10 4.8704 -13.6528 8 4.8704 -13.6528 8 4.8704 -13.6528 10 4.8704 -13.6528 10 4.870025 6.346476 -10 4.870045 6.346766 -10 4.870025 6.346476 -8 4.870046 6.346766 -8 4.8704 13.6528 -10 4.8704 13.6528 -10 4.8704 13.6528 -8 4.8704 13.6528 -8 4.8704 13.6528 8 4.8704 13.6528 8 4.8704 13.6528 10 4.8704 13.6528 10 4.8704 26.3472 -10 4.8704 26.3472 -10 4.8704 26.3472 -8 4.8704 26.3472 -8 4.8704 26.3472 8 4.8704 26.3472 8 4.8704 26.3472 10 4.8704 26.3472 10 4.8704 33.6528 -10 4.8704 33.6528 -10 4.8704 33.6528 -8 4.8704 33.6528 -8 4.8704 33.6528 8 4.8704 33.6528 8 4.8704 33.6528 10 4.8704 33.6528 10 4.8704 46.3472 -10 4.8704 46.3472 -10 4.8704 46.3472 -8 4.8704 46.3472 -8 4.8704 46.3472 8 4.8704 46.3472 8 4.8704 46.3472 10 4.8704 46.3472 10 5.194671 -53.98046 -2 5.194671 -53.98046 2 5.196 -43 -8 5.196 -43 -8 5.196 -43 8 5.196 -43 8 5.196 -37 -8 5.196 -37 -8 5.196 -37 8 5.196 -37 8 5.196 -23 -8 5.196103 -22.99997 -8 5.196 -23 8 5.196 -23 8 5.196103 -17.00003 -8 5.196 -17 -8 5.196 -17 8 5.196 -17 8 5.196103 -2.999972 -8 5.196 -3 10 5.196103 2.999972 -8 5.196 3 10 5.196 17 -8 5.196 17 -8 5.196 17 8 5.196 17 8 5.196 23 -8 5.196 23 -8 5.196 23 8 5.196 23 8 5.196 37 -8 5.196 37 -8 5.196 37 8 5.196 37 8 5.196 43 -8 5.196 43 -8 5.196 43 8 5.196 43 8 5.294 -2.802 -8 5.294 -2.802 -8 5.294 -2.802 -8 5.294 -2.802 10 5.294 -2.802 10 5.294 -2.802 10 5.379 -57.492 -17.5 5.379 -57.492 -17.5 5.379 -57.492 -17.5 5.379 -57.492 17.5 5.379 -57.492 17.5 5.379 -57.492 17.5 5.475324 -32.86472 -10 5.475324 -32.86472 -2 5.475324 -32.86472 2 5.475324 -32.86472 10 5.475324 -27.13528 -10 5.475324 -27.13528 -2 5.475324 -27.13528 2 5.475324 -27.13528 10 5.475324 -12.86472 -4 5.475324 -12.86472 10 5.475324 7.135284 -10 5.475324 7.135284 -8 5.475324 12.86472 -10 5.475324 12.86472 -8 5.475324 12.86472 -4 5.475324 12.86472 10 5.475324 27.13528 -10 5.475324 27.13528 -2 5.475324 27.13528 2 5.475324 27.13528 10 5.475324 32.86472 -10 5.475324 32.86472 -2 5.475324 32.86472 2 5.475324 32.86472 10 5.4792 -47.1406 -10 5.478767 -47.13977 -10 5.478767 -47.13977 -2 5.478767 -47.13977 2 5.478767 -47.13977 10 5.4792 -47.1406 10 5.4792 -32.8594 -10 5.4792 -32.8594 10 5.478801 -27.14011 -10 5.4792 -27.1406 10 5.4792 -12.8594 10 5.4792 -7.1406 -4 5.4792 -7.1406 10 5.4792 -7.1406 10 5.478801 7.140111 -10 5.4792 7.1406 -4 5.4792 7.1406 10 5.4792 7.1406 10 5.4792 12.8594 -10 5.4792 12.8594 10 5.4792 27.1406 -10 5.4792 27.1406 10 5.4792 32.8594 -10 5.4792 32.8594 10 5.478767 47.13977 -10 5.4792 47.1406 -10 5.478767 47.13977 -2 5.478767 47.13977 2 5.4792 47.1406 10 5.478767 47.13977 10 5.492 -59.933 -17.5 5.492 -59.933 17.5 5.5434 -42.2962 -8 5.5434 -42.2962 -8 5.5434 -42.2962 8 5.5434 -42.2962 8 5.5434 -37.7038 -8 5.5434 -37.7038 -8 5.5434 -37.7038 8 5.5434 -37.7038 8 5.5434 -22.2962 -8 5.543222 -22.29608 -8 5.5434 -22.2962 8 5.5434 -22.2962 8 5.5434 -17.7038 -8 5.543223 -17.70392 -8 5.5434 -17.7038 8 5.5434 -17.7038 8 5.543223 -2.296081 -8 5.543 -2.296 -8 5.5434 -2.2962 10 5.5434 -2.2961 10 5.543222 2.296078 -8 5.5434 2.2961 10 5.5434 17.7038 -8 5.5434 17.7038 -8 5.5434 17.7038 8 5.5434 17.7038 8 5.5434 22.2962 -8 5.5434 22.2962 -8 5.5434 22.2962 8 5.5434 22.2962 8 5.5434 37.7038 -8 5.5434 37.7038 -8 5.5434 37.7038 8 5.5434 37.7038 8 5.5434 42.2962 -8 5.5434 42.2962 -8 5.5434 42.2962 8 5.5434 42.2962 8 5.644 2 -8 5.644 2 -8 5.644 2 -8 5.644 2 10 5.644 2 10 5.644 2 10 5.6568 -45.6568 -10 5.6568 -45.6568 -10 5.6568 -45.6568 -8 5.6568 -45.6568 -8 5.6568 -45.6568 8 5.6568 -45.6568 8 5.6568 -45.6568 10 5.6568 -45.6568 10 5.6568 -34.3432 -10 5.6568 -34.3432 -10 5.6568 -34.3432 -8 5.6568 -34.3432 -8 5.6568 -34.3432 8 5.6568 -34.3432 8 5.6568 -34.3432 10 5.6568 -34.3432 10 5.6568 -25.6568 -10 5.6569 -25.6569 -10 5.6568 -25.6568 -8 5.6569 -25.6569 -8 5.6568 -25.6568 8 5.6568 -25.6568 8 5.6568 -25.6568 10 5.6568 -25.6568 10 5.657 -14.343 -10 5.6569 -14.3431 -10 5.6569 -14.3431 -10 5.6569 -14.3431 -8 5.657 -14.343 -8 5.6569 -14.3431 -8 5.6568 -14.3432 8 5.6568 -14.3432 8 5.6568 -14.3432 10 5.6568 -14.3432 10 5.6568 -5.6568 -10 5.6569 -5.6569 -10 5.6569 -5.6569 -10 5.6569 -5.6569 -8 5.657 -5.657 -8 5.6569 -5.6569 -8 5.6569 5.6569 -10 5.6568 5.656799 -10 5.6568 5.656799 -8 5.6569 5.6569 -8 5.6568 14.3432 -10 5.6568 14.3432 -10 5.6568 14.3432 -8 5.6568 14.3432 -8 5.6568 14.3432 8 5.6568 14.3432 8 5.6568 14.3432 10 5.6568 14.3432 10 5.6568 25.6568 -10 5.6568 25.6568 -10 5.6568 25.6568 -8 5.6568 25.6568 -8 5.6568 25.6568 8 5.6568 25.6568 8 5.6568 25.6568 10 5.6568 25.6568 10 5.6568 34.3432 -10 5.6568 34.3432 -10 5.6568 34.3432 -8 5.6568 34.3432 -8 5.6568 34.3432 8 5.6568 34.3432 8 5.6568 34.3432 10 5.6568 34.3432 10 5.6568 45.6568 -10 5.6568 45.6568 -10 5.6568 45.6568 -8 5.6568 45.6568 -8 5.6568 45.6568 8 5.6568 45.6568 8 5.6568 45.6568 10 5.6568 45.6568 10 5.7954 -41.5528 -8 5.7954 -41.5528 -8 5.7954 -41.5528 8 5.7954 -41.5528 8 5.7954 -38.4472 -8 5.7954 -38.4472 -8 5.7954 -38.4472 8 5.7954 -38.4472 8 5.7954 -21.5528 -8 5.795499 -21.5529 -8 5.7954 -21.5528 8 5.7954 -21.5528 8 5.7954 -18.4472 -8 5.795499 -18.4471 -8 5.7954 -18.4472 8 5.7954 -18.4472 8 5.79518 -1.552959 -8 5.7954 -1.5528 -8 5.795246 -1.552936 10 5.7954 -1.5528 10 5.795499 1.552899 -8 5.7954 1.5528 -8 5.7954 1.5528 10 5.7954 1.5528 10 5.7954 18.4472 -8 5.7954 18.4472 -8 5.7954 18.4472 8 5.7954 18.4472 8 5.7954 21.5528 -8 5.7954 21.5528 -8 5.7954 21.5528 8 5.7954 21.5528 8 5.7954 38.4472 -8 5.7954 38.4472 -8 5.7954 38.4472 8 5.7954 38.4472 8 5.7954 41.5528 -8 5.7954 41.5528 -8 5.7954 41.5528 8 5.7954 41.5528 8 5.9484 -40.783 -8 5.9484 -40.783 -8 5.9484 -40.783 8 5.9484 -40.783 8 5.9484 -39.217 -8 5.9484 -39.217 -8 5.9484 -39.217 8 5.9484 -39.217 8 5.9484 -20.783 -8 5.948613 -20.78315 -8 5.9484 -20.783 8 5.9484 -20.783 8 5.9484 -19.217 -8 5.948611 -19.21685 -8 5.9484 -19.217 8 5.9484 -19.217 8 5.949 -0.7832 -8 5.948611 -0.7831498 -8 5.949 -0.7832 10 5.94848 -0.7831829 10 5.948613 0.7831485 -8 5.949 0.7832 -8 5.949 0.7832 10 5.9484 0.7830001 10 5.9484 19.217 -8 5.9484 19.217 -8 5.9484 19.217 8 5.9484 19.217 8 5.9484 20.783 -8 5.9484 20.783 -8 5.9484 20.783 8 5.9484 20.783 8 5.9484 39.217 -8 5.9484 39.217 -8 5.9484 39.217 8 5.9484 39.217 8 5.9484 40.783 -8 5.9484 40.783 -8 5.9484 40.783 8 5.9484 40.783 8 6 -40 -8 6 -40 -8 6 -40 8 6 -40 8 6 -20 -8 5.999943 -20 -8 6 -20 8 6 -20 8 5.999969 0 -8 5.9999 0 -8 6 0 10 5.9999 0 10 6 20 -8 6 20 -8 6 20 8 6 20 8 6 40 -8 6 40 -8 6 40 8 6 40 8 6.034 -54.716 -2 6.034 -54.716 2 6.3472 -44.8704 -10 6.3472 -44.8704 -10 6.3472 -44.8704 -8 6.3472 -44.8704 -8 6.3472 -44.8704 8 6.3472 -44.8704 8 6.3472 -44.8704 10 6.3472 -44.8704 10 6.3472 -35.1296 -10 6.3472 -35.1296 -10 6.3472 -35.1296 -8 6.3472 -35.1296 -8 6.3472 -35.1296 8 6.3472 -35.1296 8 6.3472 -35.1296 10 6.3472 -35.1296 10 6.346766 -24.87004 -10 6.346476 -24.87003 -10 6.346766 -24.87004 -8 6.346476 -24.87003 -8 6.3472 -24.8704 8 6.3472 -24.8704 8 6.3472 -24.8704 10 6.3472 -24.8704 10 6.346764 -15.12995 -10 6.346476 -15.12998 -10 6.346765 -15.12995 -8 6.346476 -15.12998 -8 6.3472 -15.1296 8 6.3472 -15.1296 8 6.3472 -15.1296 10 6.3472 -15.1296 10 6.346764 -4.870047 -10 6.346476 -4.870025 -10 6.346476 -4.870025 -8 6.346765 -4.870047 -8 6.346766 4.870044 -10 6.346476 4.870025 -10 6.346476 4.870025 -8 6.346766 4.870044 -8 6.3472 15.1296 -10 6.3472 15.1296 -10 6.3472 15.1296 -8 6.3472 15.1296 -8 6.3472 15.1296 8 6.3472 15.1296 8 6.3472 15.1296 10 6.3472 15.1296 10 6.3472 24.8704 -10 6.3472 24.8704 -10 6.3472 24.8704 -8 6.3472 24.8704 -8 6.3472 24.8704 8 6.3472 24.8704 8 6.3472 24.8704 10 6.3472 24.8704 10 6.3472 35.1296 -10 6.3472 35.1296 -10 6.3472 35.1296 -8 6.3472 35.1296 -8 6.3472 35.1296 8 6.3472 35.1296 8 6.3472 35.1296 10 6.3472 35.1296 10 6.3472 44.8704 -10 6.3472 44.8704 -10 6.3472 44.8704 -8 6.3472 44.8704 -8 6.3472 44.8704 8 6.3472 44.8704 8 6.3472 44.8704 10 6.3472 44.8704 10 6.36 -33.64 -10 6.36 -33.64 -10 6.36 -33.64 -10 6.36 -33.64 -2 6.36 -33.64 -2 6.36 -33.64 -2 6.36 -33.64 2 6.36 -33.64 2 6.36 -33.64 2 6.36 -33.64 10 6.36 -33.64 10 6.36 -33.64 10 6.36 -26.36 -10 6.36 -26.36 -10 6.36 -26.36 -10 6.36 -26.36 -2 6.36 -26.36 -2 6.36 -26.36 -2 6.36 -26.36 2 6.36 -26.36 2 6.36 -26.36 2 6.36 -26.36 10 6.36 -26.36 10 6.36 -26.36 10 6.36 -13.64 -4 6.36 -13.64 -4 6.36 -13.64 -4 6.36 -13.64 10 6.36 -13.64 10 6.36 -6.36 -10 6.36 -6.36 -10 6.36 -6.36 -10 6.36 -6.36 -8 6.36 -6.36 -8 6.36 -6.36 -8 6.36 6.36 -10 6.36 6.36 -10 6.36 6.36 -10 6.36 6.36 -10 6.36 6.36 -8 6.36 6.36 -8 6.36 6.36 -8 6.36 6.36 -8 6.36 13.64 -10 6.36 13.64 -10 6.36 13.64 -10 6.36 13.64 -8 6.36 13.64 -8 6.36 13.64 -8 6.36 13.64 -4 6.36 13.64 -4 6.36 13.64 -4 6.36 13.64 10 6.36 13.64 10 6.36 13.64 10 6.36 26.36 -10 6.36 26.36 -10 6.36 26.36 -10 6.36 26.36 -2 6.36 26.36 -2 6.36 26.36 -2 6.36 26.36 2 6.36 26.36 2 6.36 26.36 2 6.36 26.36 10 6.36 26.36 10 6.36 26.36 10 6.36 33.64 -10 6.36 33.64 -10 6.36 33.64 -10 6.36 33.64 -2 6.36 33.64 -2 6.36 33.64 -2 6.36 33.64 2 6.36 33.64 2 6.36 33.64 2 6.36 33.64 10 6.36 33.64 10 6.36 33.64 10 6.364 -55.6 -10 6.364 -55.6 -10 6.364 -55.6 10 6.364 -55.6 10 6.364 -55.1002 -2 6.364 -55.1 -2 6.364 -55.1 2 6.3639 -55.1001 2 6.364 -46.364 -10 6.3639 -46.3639 -10 6.364 -46.364 -10 6.364 -46.364 -2 6.364 -46.364 -2 6.364 -46.364 -2 6.364 -46.364 2 6.3639 -46.3639 2 6.364 -46.364 2 6.364 -46.364 10 6.364 -46.364 10 6.364 -46.364 10 6.3639 -33.6361 -10 6.3639 -33.6361 10 6.3639 -26.3639 -10 6.3639 -26.3639 10 6.364 -13.636 -10 6.3639 -13.6361 10 6.3639 -9 -4 6.364 -9 -4 6.3639 -9 10 6.364 -9 10 6.3639 -6.3639 -10 6.3639 -6.3639 -4 6.3639 -6.3639 10 6.3639 -6.3639 10 6.3639 6.363899 -10 6.3639 6.3639 -4 6.3639 6.3639 10 6.3639 6.3639 10 6.364 9 -4 6.364 9 -4 6.364 9 10 6.364 9 10 6.3639 13.6361 -10 6.3639 13.6361 10 6.3639 26.3639 -10 6.3639 26.3639 10 6.3639 33.6361 -10 6.3639 33.6361 10 6.3639 46.3639 -10 6.364 46.364 -10 6.364 46.364 -10 6.364 46.3638 -2 6.364 46.364 -2 6.364 46.364 -2 6.364 46.364 2 6.3639 46.3639 2 6.364 46.364 2 6.3639 46.3639 10 6.364 46.364 10 6.364 46.364 10 6.364 55.1 -2 6.364 55.1 -2 6.364 55.1 2 6.3639 55.1001 2 6.364 55.6 -10 6.364 55.6 -10 6.364 55.6 10 6.364 55.6 10 6.38657 -8.655989 -4 6.38657 -8.655989 10 6.38657 -8.655989 10 6.38657 8.655989 -4 6.38657 8.655989 10 6.38657 8.655989 10 6.453791 -8.317778 -4 6.453791 -8.317778 10 6.453791 -8.317778 10 6.453791 8.317778 -4 6.453791 8.317778 10 6.453791 8.317778 10 6.531 -24.372 -2 6.5312 -24.3728 -2 6.5305 -24.3722 2 6.5312 -24.3728 2 6.530687 24.37157 -2 6.530381 24.37245 -2 6.530381 24.37245 2 6.530687 24.37157 2 6.564507 -7.991165 -4 6.564507 -7.991165 10 6.564507 -7.991165 10 6.564507 7.991165 -4 6.564507 7.991165 10 6.564507 7.991165 10 6.717137 -7.68195 -4 6.717137 -7.68195 10 6.717137 -7.68195 10 6.717137 7.68195 -4 6.717137 7.68195 10 6.717137 7.68195 10 6.908518 -7.395142 -4 6.908518 -7.395142 10 6.908518 -7.395142 10 6.908518 7.395142 -4 6.908518 7.395142 10 6.908518 7.395142 10 6.928 -44 -10 6.928 -44 -10 6.928 -44 -8 6.928 -44 -8 6.928 -44 8 6.928 -44 8 6.928 -44 10 6.928 -44 10 6.928 -36 -10 6.928 -36 -10 6.928 -36 -8 6.928 -36 -8 6.928 -36 8 6.928 -36 8 6.928 -36 10 6.928 -36 10 6.928137 -23.99996 -10 6.928005 -23.99999 -10 6.928005 -23.99999 -8 6.928136 -23.99996 -8 6.928 -24 8 6.928 -24 8 6.928 -24 10 6.928 -24 10 6.928005 -16.00001 -10 6.928137 -16.00004 -10 6.928005 -16.00001 -8 6.928136 -16.00004 -8 6.928 -16 8 6.928 -16 8 6.928 -16 10 6.928 -16 10 6.928137 -3.999962 -10 6.928005 -3.999994 -10 6.928005 -3.999994 -8 6.928136 -3.999961 -8 6.928137 3.999961 -10 6.928005 3.999994 -10 6.928136 3.999961 -8 6.928005 3.999994 -8 6.928 16 -10 6.928 16 -10 6.928 16 -8 6.928 16 -8 6.928 16 8 6.928 16 8 6.928 16 10 6.928 16 10 6.928 24 -10 6.928 24 -10 6.928 24 -8 6.928 24 -8 6.928 24 8 6.928 24 8 6.928 24 10 6.928 24 10 6.928 36 -10 6.928 36 -10 6.928 36 -8 6.928 36 -8 6.928 36 8 6.928 36 8 6.928 36 10 6.928 36 10 6.928 44 -10 6.928 44 -10 6.928 44 -8 6.928 44 -8 6.928 44 8 6.928 44 8 6.928 44 10 6.928 44 10 6.9394 -25.8961 -8 6.9394 -25.8961 8 6.9388 -25.8951 -8 6.9388 -25.8951 8 6.938549 25.89456 -8 6.938549 25.89456 8 6.93853 25.89572 -8 6.93853 25.89572 8 7.136014 -7.136014 -4 7.136014 -7.136014 10 7.136014 -7.136014 10 7.135284 -5.475324 -10 7.135284 -5.475324 -8 7.135284 5.475324 -10 7.135284 5.475324 -8 7.136014 7.136014 -4 7.136014 7.136014 10 7.136014 7.136014 10 7.1406 -45.4792 -10 7.1406 -45.4792 10 7.1406 -34.5208 -10 7.1406 -34.5208 10 7.140111 -25.4788 -10 7.1406 -25.4792 10 7.1406 -14.5208 -10 7.1406 -14.5208 10 7.14011 -5.478802 -10 7.1406 -5.4792 -4 7.1406 -5.4792 10 7.1406 -5.4792 10 7.140111 5.478799 -10 7.1406 5.4792 -4 7.1406 5.4792 10 7.1406 5.4792 10 7.1406 14.5208 -10 7.1406 14.5208 10 7.1406 25.4792 -10 7.1406 25.4792 10 7.1406 34.5208 -10 7.1406 34.5208 10 7.1406 45.4792 -10 7.1406 45.4792 10 7.149729 -54.31603 0 7.149729 54.31603 0 7.287 -55.36 -10 7.287 -55.36 10 7.287172 55.36017 -10 7.287224 55.36057 10 7.3032 -27.2578 -8 7.304 -27.258 -8 7.304 -27.258 8 7.3032 -27.2578 8 7.303736 27.25743 -8 7.304328 27.25686 -8 7.303736 27.25743 8 7.304328 27.25686 8 7.3912 -43.0616 -10 7.3912 -43.0616 -10 7.3912 -43.0616 -8 7.3912 -43.0616 -8 7.3912 -43.0616 8 7.3912 -43.0616 8 7.3912 -43.0616 10 7.3912 -43.0616 10 7.3912 -36.9384 -10 7.3912 -36.9384 -10 7.3912 -36.9384 -8 7.3912 -36.9384 -8 7.3912 -36.9384 8 7.3912 -36.9384 8 7.3912 -36.9384 10 7.3912 -36.9384 10 7.391305 -23.06151 -10 7.390965 -23.06144 -10 7.391305 -23.06151 -8 7.390965 -23.06144 -8 7.3912 -23.0616 8 7.3912 -23.0616 8 7.3912 -23.0616 10 7.3912 -23.0616 10 7.390964 -16.93856 -10 7.391305 -16.93849 -10 7.390965 -16.93856 -8 7.391305 -16.93849 -8 7.3912 -16.9384 8 7.3912 -16.9384 8 7.3912 -16.9384 10 7.3912 -16.9384 10 7.391305 -3.061514 -10 7.390964 -3.06144 -10 7.391305 -3.061514 -8 7.390965 -3.06144 -8 7.390965 3.061438 -10 7.391305 3.061514 -10 7.391305 3.061514 -8 7.390965 3.061438 -8 7.3912 16.9384 -10 7.3912 16.9384 -10 7.3912 16.9384 -8 7.3912 16.9384 -8 7.3912 16.9384 8 7.3912 16.9384 8 7.3912 16.9384 10 7.3912 16.9384 10 7.3912 23.0616 -10 7.3912 23.0616 -10 7.3912 23.0616 -8 7.3912 23.0616 -8 7.3912 23.0616 8 7.3912 23.0616 8 7.3912 23.0616 10 7.3912 23.0616 10 7.3912 36.9384 -10 7.3912 36.9384 -10 7.3912 36.9384 -8 7.3912 36.9384 -8 7.3912 36.9384 8 7.3912 36.9384 8 7.3912 36.9384 10 7.3912 36.9384 10 7.3912 43.0616 -10 7.3912 43.0616 -10 7.3912 43.0616 -8 7.3912 43.0616 -8 7.3912 43.0616 8 7.3912 43.0616 8 7.3912 43.0616 10 7.3912 43.0616 10 7.395142 -6.908518 -4 7.395142 -6.908518 10 7.395142 -6.908518 10 7.395142 6.908518 -4 7.395142 6.908518 10 7.395142 6.908518 10 7.547 -57.337 -17.5 7.547 -57.337 -17.5 7.547 -57.337 17.5 7.547 -57.337 17.5 7.547337 57.33662 -17.5 7.547428 57.33732 -17.5 7.547428 57.33732 17.5 7.547337 57.33662 17.5 7.549 -57.34 -17.5 7.549 -57.34 -17.5 7.549 -57.34 17.5 7.549 -57.34 17.5 7.68195 -6.717137 -4 7.68195 -6.717137 10 7.68195 -6.717137 10 7.68195 6.717137 -4 7.68195 6.717137 10 7.68195 6.717137 10 7.7272 -42.0704 -10 7.7272 -42.0704 -10 7.7272 -42.0704 -8 7.7272 -42.0704 -8 7.7272 -42.0704 8 7.7272 -42.0704 8 7.7272 -42.0704 10 7.7272 -42.0704 10 7.7272 -37.9296 -10 7.7272 -37.9296 -10 7.7272 -37.9296 -8 7.7272 -37.9296 -8 7.7272 -37.9296 8 7.7272 -37.9296 8 7.7272 -37.9296 10 7.7272 -37.9296 10 7.727332 -22.07053 -10 7.727325 -22.07043 -10 7.727333 -22.07053 -8 7.727325 -22.07043 -8 7.7272 -22.0704 8 7.7272 -22.0704 8 7.7272 -22.0704 10 7.7272 -22.0704 10 7.727325 -17.92957 -10 7.727332 -17.92947 -10 7.727333 -17.92947 -8 7.727325 -17.92957 -8 7.7272 -17.9296 8 7.7272 -17.9296 8 7.7272 -17.9296 10 7.7272 -17.9296 10 7.727325 -2.070425 -10 7.727332 -2.070534 -10 7.727325 -2.070425 -8 7.727333 -2.070533 -8 7.727325 2.070425 -10 7.727332 2.070531 -10 7.727333 2.07053 -8 7.727325 2.070425 -8 7.7272 17.9296 -10 7.7272 17.9296 -10 7.7272 17.9296 -8 7.7272 17.9296 -8 7.7272 17.9296 8 7.7272 17.9296 8 7.7272 17.9296 10 7.7272 17.9296 10 7.7272 22.0704 -10 7.7272 22.0704 -10 7.7272 22.0704 -8 7.7272 22.0704 -8 7.7272 22.0704 8 7.7272 22.0704 8 7.7272 22.0704 10 7.7272 22.0704 10 7.7272 37.9296 -10 7.7272 37.9296 -10 7.7272 37.9296 -8 7.7272 37.9296 -8 7.7272 37.9296 8 7.7272 37.9296 8 7.7272 37.9296 10 7.7272 37.9296 10 7.7272 42.0704 -10 7.7272 42.0704 -10 7.7272 42.0704 -8 7.7272 42.0704 -8 7.7272 42.0704 8 7.7272 42.0704 8 7.7272 42.0704 10 7.7272 42.0704 10 7.7328 -28.8612 0 7.733995 28.8602 0 7.789092 -4.497156 -10 7.789092 -4.497156 -8 7.789092 4.497156 -10 7.789092 4.497156 -8 7.794 -44.5 -10 7.794 -44.5 10 7.794 -35.5 -10 7.794 -35.5 10 7.794154 -24.49996 -10 7.794 -24.5 10 7.794 -15.5 -10 7.794 -15.5 10 7.794154 -4.499957 -10 7.794 -4.5 -4 7.794 -4.5 10 7.794 -4.5 10 7.794154 4.499957 -10 7.794 4.5 -4 7.794 4.5 10 7.794 4.5 10 7.794 15.5 -10 7.794 15.5 10 7.794 24.5 -10 7.794 24.5 10 7.794 35.5 -10 7.794 35.5 10 7.794 44.5 -10 7.794 44.5 10 7.925 -60.204 -17.5 7.925 -60.204 17.5 7.924704 60.20346 -17.5 7.926001 -60.207 -17.5 7.926001 -60.207 17.5 7.925 -60.204 -17.5 7.924704 60.20346 17.5 7.926001 -60.207 17.5 7.9312 -41.044 -10 7.9312 -41.044 -10 7.9312 -41.044 -8 7.9312 -41.044 -8 7.9312 -41.044 8 7.9312 -41.044 8 7.9312 -41.044 10 7.9312 -41.044 10 7.9312 -38.956 -10 7.9312 -38.956 -10 7.9312 -38.956 -8 7.9312 -38.956 -8 7.9312 -38.956 8 7.9312 -38.956 8 7.9312 -38.956 10 7.9312 -38.956 10 7.931483 -21.0442 -10 7.932105 -21.04426 -10 7.931482 -21.0442 -8 7.932105 -21.04426 -8 7.9312 -21.044 8 7.9312 -21.044 8 7.9312 -21.044 10 7.9312 -21.044 10 7.932105 -18.95574 -10 7.931482 -18.9558 -10 7.932105 -18.95574 -8 7.931482 -18.9558 -8 7.9312 -18.956 8 7.9312 -18.956 8 7.9312 -18.956 10 7.9312 -18.956 10 7.932105 -1.044264 -10 7.931482 -1.044199 -10 7.931482 -1.044199 -8 7.932105 -1.044264 -8 7.931483 1.044198 -10 7.932105 1.044264 -10 7.932105 1.044264 -8 7.931482 1.044199 -8 7.9312 18.956 -10 7.9312 18.956 -10 7.9312 18.956 -8 7.9312 18.956 -8 7.9312 18.956 8 7.9312 18.956 8 7.9312 18.956 10 7.9312 18.956 10 7.9312 21.044 -10 7.9312 21.044 -10 7.9312 21.044 -8 7.9312 21.044 -8 7.9312 21.044 8 7.9312 21.044 8 7.9312 21.044 10 7.9312 21.044 10 7.9312 38.956 -10 7.9312 38.956 -10 7.9312 38.956 -8 7.9312 38.956 -8 7.9312 38.956 8 7.9312 38.956 8 7.9312 38.956 10 7.9312 38.956 10 7.9312 41.044 -10 7.9312 41.044 -10 7.9312 41.044 -8 7.9312 41.044 -8 7.9312 41.044 8 7.9312 41.044 8 7.9312 41.044 10 7.9312 41.044 10 7.991165 -6.564507 -4 7.991165 -6.564507 10 7.991165 -6.564507 10 7.991165 6.564507 -4 7.991165 6.564507 10 7.991165 6.564507 10 8 -40 -10 8 -40 -10 8 -40 -8 8 -40 -8 8 -40 8 8 -40 8 8 -40 10 8 -40 10 7.999923 -20 -10 7.999988 -20 -10 7.999924 -20 -8 7.999988 -20 -8 8 -20 8 8 -20 8 8 -20 10 8 -20 10 7.999923 -1.34869e-6 -10 7.999988 0 -10 7.999924 -1.34869e-6 -8 7.999988 0 -8 8 20 -10 8 20 -10 8 20 -8 8 20 -8 8 20 8 8 20 8 8 20 10 8 20 10 8 40 -10 8 40 -10 8 40 -8 8 40 -8 8 40 8 8 40 8 8 40 10 8 40 10 8.309977 -3.442032 -10 8.309999 -3.442 -8 8.309977 -3.442032 -8 8.309977 3.442032 -10 8.309977 3.442032 -8 8.309999 3.442 -8 8.3151 -43.4443 -10 8.3151 -43.4443 10 8.3151 -36.5557 -10 8.3151 -36.5557 10 8.3151 -23.4443 -10 8.3151 -23.4443 10 8.314835 -16.55588 -10 8.3151 -16.5557 10 8.314835 -3.444121 -10 8.3151 -3.4443 -4 8.3151 -3.4443 10 8.3151 -3.4443 10 8.314836 3.444118 -10 8.3151 3.4443 -4 8.3151 3.4443 10 8.3151 3.4443 10 8.3151 16.5557 -10 8.3151 16.5557 10 8.3151 23.4443 -10 8.3151 23.4443 10 8.3151 36.5557 -10 8.3151 36.5557 10 8.3151 43.4443 -10 8.3151 43.4443 10 8.317778 -6.453791 -4 8.317778 -6.453791 10 8.317778 -6.453791 10 8.317778 6.453791 -4 8.317778 6.453791 10 8.317778 6.453791 10 8.655989 -6.38657 -4 8.655989 -6.38657 10 8.655989 -6.38657 10 8.655989 6.38657 -4 8.655989 6.38657 10 8.655989 6.38657 10 8.68776 -2.32776 -10 8.68776 -2.32776 -8 8.68776 2.32776 -10 8.68776 2.32776 -8 8.6931 -42.3292 -10 8.6931 -42.3292 10 8.6931 -37.6708 -10 8.6931 -37.6708 10 8.693249 -22.32935 -10 8.6931 -22.3292 10 8.693249 -17.67065 -10 8.6931 -17.6708 10 8.693249 -2.32935 -10 8.6931 -2.3292 -4 8.6931 -2.3292 10 8.6931 -2.3292 10 8.693249 2.329348 -10 8.6931 2.3292 -4 8.6931 2.3292 10 8.6931 2.3292 10 8.6931 17.6708 -10 8.6931 17.6708 10 8.6931 22.3292 -10 8.6931 22.3292 10 8.6931 37.6708 -10 8.6931 37.6708 10 8.6931 42.3292 -10 8.6931 42.3292 10 8.917992 -1.174056 -10 8.917992 -1.174056 -8 8.917992 1.174056 -10 8.917992 1.174056 -8 8.9226 -41.1745 -10 8.9226 -41.1745 10 8.9226 -38.8255 -10 8.9226 -38.8255 10 8.92292 -21.17472 -10 8.9226 -21.1745 10 8.9226 -18.8255 -10 8.9226 -18.8255 10 8.922918 -1.174724 -10 8.9226 -1.1745 -4 8.9226 -1.1745 10 8.9226 -1.1745 10 8.92292 1.174722 -10 8.9226 1.1745 -4 8.9226 1.1745 10 8.9226 1.1745 10 8.9226 18.8255 -10 8.9226 18.8255 10 8.9226 21.1745 -10 8.9226 21.1745 10 8.9226 38.8255 -10 8.9226 38.8255 10 8.9226 41.1745 -10 8.9226 41.1745 10 8.994313 0 -10 8.9943 0 -8 8.994313 0 -8 9 -55.0418 -10 9 -55.042 -10 9 -55.0418 10 9 -55.042 10 9 -49 -10 9 -49 10 9 -40 -10 9 -40 10 9 -31 -10 9 -31 10 9 -29 -10 9 -29 10 8.999914 -20 -10 9 -20 10 9 -11 -10 9 -11 10 9 -9 -10 9 -9 -10 9 -9 -10 9 -9 -2 9 -9 2 9 -9 10 9 -9 10 9 -9 10 9 -6.364 -4 9 -6.3639 -4 9 -6.364 10 9 -6.3639 10 8.999914 -1.68586e-6 -10 9 0 -4 9 0 -4 9 0 10 9 0 10 9 6.364 -4 9 6.3639 -4 9 6.364 10 9 6.364 10 9 9 -10 9 9 -10 9 9 -10 9 9 -2 9 9 2 9 9 10 9 9 10 9 9 10 9 11 -10 9 11 10 9 20 -10 9 20 10 9 29 -10 9 29 10 9 31 -10 9 31 10 9 40 -10 9 40 10 9 49 -10 9 49 10 9 55.042 -10 9 55.0418 -10 9 55.0418 10 9 55.042 10 9.654911 -23.31037 -2 9.655683 -23.31087 -2 9.655683 -23.31087 2 9.654911 -23.31037 2 9.656497 23.31267 -2 9.656308 23.31357 -2 9.656308 23.31357 2 9.656497 23.31267 2 10.25844 -24.76689 -8 10.25916 -24.7678 -8 10.25844 -24.76689 8 10.25916 -24.7678 8 10.25969 24.76951 -8 10.25969 24.76951 8 10.25983 24.77067 -8 10.25983 24.77067 8 10.79835 -26.07041 -8 10.79753 -26.07031 -8 10.79753 -26.07031 8 10.79835 -26.07041 8 10.79968 26.07317 -8 10.80019 26.07253 -8 10.79968 26.07317 8 10.80019 26.07253 8 11 -9 -10 11 -9 10 11 0 -10 11 0 10 11 9 -10 11 9 10 11.00569 0 -10 11.00569 0 -8 11.0057 0 -8 11.00569 0 -4 11.00569 0 10 11.0774 -1.1745 -10 11.0774 -1.1745 10 11.0774 1.1745 -10 11.0774 1.1745 10 11.08201 -1.174056 -10 11.08201 -1.174056 -8 11.08201 -1.174056 -4 11.08201 -1.174056 10 11.08201 1.174056 -10 11.08201 1.174056 -8 11.08201 1.174056 -4 11.08201 1.174056 10 11.3069 -2.3292 -10 11.3069 -2.3292 10 11.3069 2.3292 -10 11.3069 2.3292 10 11.31224 -2.32776 -10 11.31224 -2.32776 -8 11.31224 -2.32776 -4 11.31224 -2.32776 10 11.31224 2.32776 -10 11.31224 2.32776 -8 11.31224 2.32776 -4 11.31224 2.32776 10 11.43268 -27.60386 0 11.43549 27.6062 0 11.6849 -3.4443 -10 11.6849 -3.4443 10 11.6849 3.4443 -10 11.6849 3.4443 10 11.69002 -3.442032 -10 11.69002 -3.442032 -8 11.69 -3.442 -8 11.69002 -3.442032 -4 11.69002 -3.442032 10 11.69002 3.442032 -10 11.69 3.442 -8 11.69002 3.442032 -8 11.69002 3.442032 -4 11.69002 3.442032 10 12 0 -10 12 0 -10 12 0 -8 12 0 -8 12 0 8 12 0 8 12 0 10 12 0 10 12.0688 -1.044 -10 12.0688 -1.044 -10 12.0688 -1.044 -8 12.0688 -1.044 -8 12.0688 -1.044 8 12.0688 -1.044 8 12.0688 -1.044 10 12.0688 -1.044 10 12.0688 1.044 -10 12.0688 1.044 -10 12.0688 1.044 -8 12.0688 1.044 -8 12.0688 1.044 8 12.0688 1.044 8 12.0688 1.044 10 12.0688 1.044 10 12.206 -4.5 -10 12.206 -4.5 10 12.206 4.5 -10 12.206 4.5 10 12.21091 -4.497156 -10 12.21091 -4.497156 -8 12.21091 -4.497156 -4 12.21091 -4.497156 10 12.21091 4.497156 -10 12.21091 4.497156 -8 12.21091 4.497156 -4 12.21091 4.497156 10 12.2728 -2.0704 -10 12.2728 -2.0704 -10 12.2728 -2.0704 -8 12.2728 -2.0704 -8 12.2728 -2.0704 8 12.2728 -2.0704 8 12.2728 -2.0704 10 12.2728 -2.0704 10 12.2728 2.0704 -10 12.2728 2.0704 -10 12.2728 2.0704 -8 12.2728 2.0704 -8 12.2728 2.0704 8 12.2728 2.0704 8 12.2728 2.0704 10 12.2728 2.0704 10 12.6088 -3.0616 -10 12.6088 -3.0616 -10 12.6088 -3.0616 -8 12.6088 -3.0616 -8 12.6088 -3.0616 8 12.6088 -3.0616 8 12.6088 -3.0616 10 12.6088 -3.0616 10 12.6088 3.0616 -10 12.6088 3.0616 -10 12.6088 3.0616 -8 12.6088 3.0616 -8 12.6088 3.0616 8 12.6088 3.0616 8 12.6088 3.0616 10 12.6088 3.0616 10 12.61534 -21.85102 -2 12.61617 -21.85141 -2 12.61534 -21.85102 2 12.61617 -21.85141 2 12.61587 21.8513 -2 12.6158 21.85222 -2 12.61587 21.8513 2 12.6158 21.85222 2 12.8594 -5.4792 -10 12.8594 -5.4792 10 12.8594 5.4792 -10 12.8594 5.4792 10 12.86472 -5.475324 -10 12.86472 -5.475324 -8 12.86472 -5.475324 -4 12.86472 -5.475324 10 12.86472 5.475324 -10 12.86472 5.475324 -8 12.86472 5.475324 -4 12.86472 5.475324 10 13.072 -4 -10 13.072 -4 -10 13.072 -4 -8 13.072 -4 -8 13.072 -4 8 13.072 -4 8 13.072 -4 10 13.072 -4 10 13.072 4 -10 13.072 4 -10 13.072 4 -8 13.072 4 -8 13.072 4 8 13.072 4 8 13.072 4 10 13.072 4 10 13.40468 -23.21713 -8 13.40384 -23.21632 -8 13.40468 -23.21713 8 13.40384 -23.21632 8 13.404 23.21685 -8 13.404 23.21685 8 13.40428 23.21798 -8 13.40428 23.21798 8 13.6361 -6.3639 -10 13.6361 -6.3639 10 13.6361 6.3639 -10 13.636 6.364 10 13.64 -6.36 -10 13.64 -6.36 -10 13.64 -6.36 -10 13.64 -6.36 -8 13.64 -6.36 -8 13.64 -6.36 -8 13.64 -6.36 -4 13.64 -6.36 -4 13.64 -6.36 -4 13.64 -6.36 10 13.64 -6.36 10 13.64 -6.36 10 13.64 6.36 -10 13.64 6.36 -10 13.64 6.36 -8 13.64 6.36 -8 13.64 6.36 -8 13.64 6.36 -4 13.64 6.36 -4 13.64 6.36 -4 13.64 6.36 10 13.64 6.36 10 13.6528 -4.8704 -10 13.6528 -4.8704 -10 13.6528 -4.8704 -8 13.6528 -4.8704 -8 13.6528 -4.8704 8 13.6528 -4.8704 8 13.6528 -4.8704 10 13.6528 -4.8704 10 13.6528 4.8704 -10 13.6528 4.8704 -10 13.6528 4.8704 -8 13.6528 4.8704 -8 13.6528 4.8704 8 13.6528 4.8704 8 13.6528 4.8704 10 13.6528 4.8704 10 14 0 -8 14 0 -8 14 0 8 14 0 8 14.0516 -0.7830001 -8 14.0516 -0.7830001 -8 14.0516 -0.7830001 8 14.0516 -0.7830001 8 14.0516 0.7830001 -8 14.0516 0.7830001 -8 14.0516 0.7830001 8 14.0516 0.7830001 8 14.10848 -24.43824 -8 14.1093 -24.43823 -8 14.1093 -24.43823 8 14.10848 -24.43824 8 14.1099 24.43808 -8 14.10947 24.43879 -8 14.10947 24.43879 8 14.1099 24.43808 8 14.17893 -52.91895 0 14.17893 52.91895 0 14.2046 -1.5528 -8 14.2046 -1.5528 -8 14.2046 -1.5528 8 14.2046 -1.5528 8 14.2046 1.5528 -8 14.2046 1.5528 -8 14.2046 1.5528 8 14.2046 1.5528 8 14.3432 -5.6568 -10 14.3432 -5.6568 -10 14.3432 -5.6568 -8 14.3432 -5.6568 -8 14.3432 -5.6568 8 14.3432 -5.6568 8 14.3432 -5.6568 10 14.3432 -5.6568 10 14.3432 5.6568 -10 14.3432 5.6568 -10 14.3432 5.6568 -8 14.3432 5.6568 -8 14.3432 5.6568 8 14.3432 5.6568 8 14.3432 5.6568 10 14.3432 5.6568 10 14.452 -53.936 -10 14.452 -53.936 10 14.4516 53.93663 -10 14.4516 53.93663 10 14.4566 -2.2962 -8 14.4566 -2.2962 -8 14.4566 -2.2962 8 14.4566 -2.2962 8 14.4566 2.2962 -8 14.4566 2.2962 -8 14.4566 2.2962 8 14.4566 2.2962 8 14.5208 -7.1406 -10 14.5208 -7.1406 10 14.5208 7.1406 -10 14.5208 7.1406 10 14.804 -3 -8 14.804 -3 -8 14.804 -3 8 14.804 -3 8 14.804 3 -8 14.804 3 -8 14.804 3 8 14.804 3 8 14.93839 -25.87578 0 14.93989 25.87562 0 14.968 -55.863 -17.5 14.968 -55.863 -17.5 14.968 -55.863 17.5 14.968 -55.863 17.5 14.96762 55.86254 -17.5 14.96744 55.86186 -17.5 14.96762 55.86254 17.5 14.96744 55.86186 17.5 15.1296 -6.3472 -10 15.1296 -6.3472 -10 15.1296 -6.3472 -8 15.1296 -6.3472 -8 15.1296 -6.3472 8 15.1296 -6.3472 8 15.1296 -6.3472 10 15.1296 -6.3472 10 15.1296 6.3472 -10 15.1296 6.3472 -10 15.1296 6.3472 -8 15.1296 6.3472 -8 15.1296 6.3472 8 15.1296 6.3472 8 15.1296 6.3472 10 15.1296 6.3472 10 15.2396 -3.6528 -8 15.2396 -3.6528 -8 15.2396 -3.6528 8 15.2396 -3.6528 8 15.2396 3.6528 -8 15.2396 3.6528 -8 15.2396 3.6528 8 15.2396 3.6528 8 15.36165 -20.01854 -2 15.36077 -20.01825 -2 15.36077 -20.01825 2 15.36165 -20.01854 2 15.36119 20.02002 -2 15.36113 20.01909 -2 15.36113 20.01909 2 15.36119 20.02002 2 15.5 -7.794 -10 15.5 -7.794 10 15.5 7.794 -10 15.5 7.794 10 15.716 -58.656 -17.5 15.716 -58.656 17.5 15.71581 58.65495 -17.5 15.71581 58.65495 17.5 15.7574 -4.2426 -8 15.7574 -4.2426 -8 15.7574 -4.2426 8 15.7574 -4.2426 8 15.7574 4.2426 -8 15.7574 4.2426 -8 15.7574 4.2426 8 15.7574 4.2426 8 16 -6.928 -10 16 -6.928 -10 16 -6.928 -8 16 -6.928 -8 16 -6.928 8 16 -6.928 8 16 -6.928 10 16 -6.928 10 16 6.928 -10 16 6.928 -10 16 6.928 -8 16 6.928 -8 16 6.928 8 16 6.928 8 16 6.928 10 16 6.928 10 16.32175 -21.2697 -8 16.32081 -21.269 -8 16.32175 -21.2697 8 16.32081 -21.269 8 16.32083 21.27018 -8 16.32083 21.27018 8 16.32126 21.27127 -8 16.32126 21.27127 8 16.3472 -4.7604 -8 16.3472 -4.7604 -8 16.3472 -4.7604 8 16.3472 -4.7604 8 16.3472 4.7604 -8 16.3472 4.7604 -8 16.3472 4.7604 8 16.3472 4.7604 8 16.5557 -8.3151 -10 16.5557 -8.3151 10 16.5557 8.3151 -10 16.5557 8.3151 10 16.9384 -7.3912 -10 16.9384 -7.3912 -10 16.9384 -7.3912 -8 16.9384 -7.3912 -8 16.9384 -7.3912 8 16.9384 -7.3912 8 16.9384 -7.3912 10 16.9384 -7.3912 10 16.9384 7.3912 -10 16.9384 7.3912 -10 16.9384 7.3912 -8 16.9384 7.3912 -8 16.9384 7.3912 8 16.9384 7.3912 8 16.9384 7.3912 10 16.9384 7.3912 10 17 -5.196 -8 17 -5.196 -8 17 -5.196 8 17 -5.196 8 17 5.196 -8 17 5.196 -8 17 5.196 8 17 5.196 8 17.17899 -22.38855 -8 17.1798 -22.38843 -8 17.17899 -22.38855 8 17.1798 -22.38843 8 17.17982 22.38966 -8 17.18015 22.38891 -8 17.18015 22.38891 8 17.17982 22.38966 8 17.6708 -8.6931 -10 17.6708 -8.6931 10 17.6708 8.6931 -10 17.6708 8.6931 10 17.7038 -5.5434 -8 17.7038 -5.5434 -8 17.7038 -5.5434 8 17.7038 -5.5434 8 17.7038 5.5434 -8 17.7038 5.5434 -8 17.7038 5.5434 8 17.7038 5.5434 8 17.84125 17.84242 -2 17.84125 17.84242 2 17.84108 17.84151 2 17.84242 -17.84125 -2 17.84151 -17.84108 -2 17.84242 -17.84125 2 17.84151 -17.84108 2 17.84108 17.84151 -2 17.9296 -7.7272 -10 17.9296 -7.7272 -10 17.9296 -7.7272 -8 17.9296 -7.7272 -8 17.9296 -7.7272 8 17.9296 -7.7272 8 17.9296 -7.7272 10 17.9296 -7.7272 10 17.9296 7.7272 -10 17.9296 7.7272 -10 17.9296 7.7272 -8 17.9296 7.7272 -8 17.9296 7.7272 8 17.9296 7.7272 8 17.9296 7.7272 10 17.9296 7.7272 10 18.18951 -23.70552 0 18.19075 23.7059 0 18.4472 -5.7954 -8 18.4472 -5.7954 -8 18.4472 -5.7954 8 18.4472 -5.7954 8 18.4472 5.7954 -8 18.4472 5.7954 -8 18.4472 5.7954 8 18.4472 5.7954 8 18.8255 -8.9226 -10 18.8255 -8.9226 10 18.8255 8.9226 -10 18.8255 8.9226 10 18.95655 -18.95576 -8 18.95655 -18.95576 8 18.956 -7.9312 -10 18.956 -7.9312 -10 18.956 -7.9312 -8 18.956 -7.9312 -8 18.956 -7.9312 8 18.956 -7.9312 8 18.956 -7.9312 10 18.956 -7.9312 10 18.956 7.9312 -10 18.956 7.9312 -10 18.956 7.9312 -8 18.956 7.9312 -8 18.956 7.9312 8 18.956 7.9312 8 18.956 7.9312 10 18.956 7.9312 10 18.95576 18.95655 -8 18.95576 18.95655 8 18.95632 18.95757 -8 18.95632 18.95757 8 18.95757 -18.95632 -8 18.95757 -18.95632 8 19.217 -5.9484 -8 19.217 -5.9484 -8 19.217 -5.9484 8 19.217 -5.9484 8 19.217 5.9484 -8 19.217 5.9484 -8 19.217 5.9484 8 19.217 5.9484 8 19.95426 -19.95343 -8 19.95347 -19.95366 -8 19.95347 -19.95366 8 19.95426 -19.95343 8 19.95343 19.95426 -8 19.95366 19.95347 -8 19.95343 19.95426 8 19.95366 19.95347 8 20 -9 -10 20 -9 10 20 -8 -10 20 -8 -10 20 -8 -8 20 -8 -8 20 -8 8 20 -8 8 20 -8 10 20 -8 10 20 -6 -8 20 -6 -8 20 -6 8 20 -6 8 20 6 -8 20 6 -8 20 6 8 20 6 8 20 8 -10 20 8 -10 20 8 -8 20 8 -8 20 8 8 20 8 8 20 8 10 20 8 10 20 9 -10 20 9 10 20.01909 -15.36113 -2 20.01909 -15.36113 2 20.01854 15.36165 -2 20.01825 15.36077 -2 20.01825 15.36077 2 20.01854 15.36165 2 20.02002 -15.36119 -2 20.02002 -15.36119 2 20.783 -5.9484 -8 20.783 -5.9484 -8 20.783 -5.9484 8 20.783 -5.9484 8 20.783 5.9484 -8 20.783 5.9484 -8 20.783 5.9484 8 20.783 5.9484 8 20.96706 -50.61789 0 20.96706 50.61789 0 21.044 -7.9312 -10 21.044 -7.9312 -10 21.044 -7.9312 -8 21.044 -7.9312 -8 21.044 -7.9312 8 21.044 -7.9312 8 21.044 -7.9312 10 21.044 -7.9312 10 21.044 7.9312 -10 21.044 7.9312 -10 21.044 7.9312 -8 21.044 7.9312 -8 21.044 7.9312 8 21.044 7.9312 8 21.044 7.9312 10 21.044 7.9312 10 21.1272 -21.1274 0 21.1274 21.1272 0 21.1745 -8.9226 -10 21.1745 -8.9226 10 21.1745 8.9226 -10 21.1745 8.9226 10 21.269 16.32081 -8 21.27018 -16.32083 8 21.2697 16.32175 -8 21.2697 16.32175 8 21.269 16.32081 8 21.27018 -16.32083 -8 21.27127 -16.32126 -8 21.27127 -16.32126 8 21.37 -51.591 -10 21.37 -51.591 10 21.37012 51.59095 -10 21.37012 51.59095 10 21.5528 -5.7954 -8 21.5528 -5.7954 -8 21.5528 -5.7954 8 21.5528 -5.7954 8 21.5528 5.7954 -8 21.5528 5.7954 -8 21.5528 5.7954 8 21.5528 5.7954 8 21.85102 12.61534 -2 21.85222 -12.6158 -2 21.8513 -12.61587 -2 21.8513 -12.61587 2 21.85222 -12.6158 2 21.85141 12.61617 -2 21.85141 12.61617 2 21.85102 12.61534 2 22.0704 -7.7272 -10 22.0704 -7.7272 -10 22.0704 -7.7272 -8 22.0704 -7.7272 -8 22.0704 -7.7272 8 22.0704 -7.7272 8 22.0704 -7.7272 10 22.0704 -7.7272 10 22.0704 7.7272 -10 22.0704 7.7272 -10 22.0704 7.7272 -8 22.0704 7.7272 -8 22.0704 7.7272 8 22.0704 7.7272 8 22.0704 7.7272 10 22.0704 7.7272 10 22.133 -53.433 -17.5 22.133 -53.434 -17.5 22.133 -53.433 17.5 22.133 -53.434 17.5 22.13307 53.43283 -17.5 22.13334 53.43348 -17.5 22.13334 53.43348 17.5 22.13307 53.43283 17.5 22.2962 -5.5434 -8 22.2962 -5.5434 -8 22.2962 -5.5434 8 22.2962 -5.5434 8 22.2962 5.5434 -8 22.2962 5.5434 -8 22.2962 5.5434 8 22.2962 5.5434 8 22.3292 -8.6931 -10 22.3292 -8.6931 10 22.3292 8.6931 -10 22.3292 8.6931 10 22.38855 17.17899 -8 22.38855 17.17899 8 22.38843 17.1798 8 22.38966 -17.17982 -8 22.38891 -17.18015 -8 22.38891 -17.18015 8 22.38843 17.1798 -8 22.38966 -17.17982 8 23 -5.196 -8 23 -5.196 -8 23 -5.196 8 23 -5.196 8 23 5.196 -8 23 5.196 -8 23 5.196 8 23 5.196 8 23.0616 -7.3912 -10 23.0616 -7.3912 -10 23.0616 -7.3912 -8 23.0616 -7.3912 -8 23.0616 -7.3912 8 23.0616 -7.3912 8 23.0616 -7.3912 10 23.0616 -7.3912 10 23.0616 7.3912 -10 23.0616 7.3912 -10 23.0616 7.3912 -8 23.0616 7.3912 -8 23.0616 7.3912 8 23.0616 7.3912 8 23.0616 7.3912 10 23.0616 7.3912 10 23.21685 -13.404 -8 23.21685 -13.404 8 23.21632 13.40384 -8 23.21632 13.40384 8 23.21798 -13.40428 -8 23.21798 -13.40428 8 23.21713 13.40468 -8 23.21713 13.40468 8 23.24 -56.105 -17.5 23.24 -56.105 17.5 23.23973 56.10447 -17.5 23.23973 56.10447 17.5 23.31087 9.655683 -2 23.31037 9.654911 -2 23.31087 9.655683 2 23.31037 9.654911 2 23.31267 -9.656497 -2 23.31357 -9.656308 -2 23.31267 -9.656497 2 23.31357 -9.656308 2 23.4443 -8.3151 -10 23.4443 -8.3151 10 23.4443 8.3151 -10 23.4443 8.3151 10 23.6528 -4.7604 -8 23.6528 -4.7604 -8 23.6528 -4.7604 8 23.6528 -4.7604 8 23.6528 4.7604 -8 23.6528 4.7604 -8 23.6528 4.7604 8 23.6528 4.7604 8 23.7059 -18.19075 0 23.70552 18.18951 0 24 -6.928 -10 24 -6.928 -10 24 -6.928 -8 24 -6.928 -8 24 -6.928 8 24 -6.928 8 24 -6.928 10 24 -6.928 10 24 6.928 -10 24 6.928 -10 24 6.928 -8 24 6.928 -8 24 6.928 8 24 6.928 8 24 6.928 10 24 6.928 10 24.2426 -4.2426 -8 24.2426 -4.2426 -8 24.2426 -4.2426 8 24.2426 -4.2426 8 24.2426 4.2426 -8 24.2426 4.2426 -8 24.2426 4.2426 8 24.2426 4.2426 8 24.37157 -6.530687 -2 24.37245 -6.530381 -2 24.372 -6.531 2 24.37245 -6.530381 2 24.372 6.531 -2 24.3728 6.5312 -2 24.372 6.531 2 24.3728 6.5312 2 24.43808 -14.1099 -8 24.43879 -14.10947 -8 24.43879 -14.10947 8 24.43808 -14.1099 8 24.43824 14.10848 -8 24.43823 14.1093 -8 24.43823 14.1093 8 24.43824 14.10848 8 24.5 -7.794 -10 24.5 -7.794 10 24.5 7.794 -10 24.5 7.794 10 24.7604 -3.6528 -8 24.7604 -3.6528 -8 24.7604 -3.6528 8 24.7604 -3.6528 8 24.7604 3.6528 -8 24.7604 3.6528 -8 24.7604 3.6528 8 24.7604 3.6528 8 24.7678 10.25916 -8 24.76689 10.25844 -8 24.7678 10.25916 8 24.76689 10.25844 8 24.76951 -10.25969 -8 24.76951 -10.25969 8 24.77067 -10.25983 -8 24.77067 -10.25983 8 24.8704 -6.3472 -10 24.8704 -6.3472 -10 24.8704 -6.3472 -8 24.8704 -6.3472 -8 24.8704 -6.3472 8 24.8704 -6.3472 8 24.8704 -6.3472 10 24.8704 -6.3472 10 24.8704 6.3472 -10 24.8704 6.3472 -10 24.8704 6.3472 -8 24.8704 6.3472 -8 24.8704 6.3472 8 24.8704 6.3472 8 24.8704 6.3472 10 24.8704 6.3472 10 25.196 -3 -8 25.196 -3 -8 25.196 -3 8 25.196 -3 8 25.196 3 -8 25.196 3 -8 25.196 3 8 25.196 3 8 25.4792 -7.1406 -10 25.4792 -7.1406 10 25.4792 7.1406 -10 25.4792 7.1406 10 25.5434 -2.2962 -8 25.5434 -2.2962 -8 25.5434 -2.2962 8 25.5434 -2.2962 8 25.5434 2.2962 -8 25.5434 2.2962 -8 25.5434 2.2962 8 25.5434 2.2962 8 25.6568 -5.6568 -10 25.6568 -5.6568 -10 25.6568 -5.6568 -8 25.6568 -5.6568 -8 25.6568 -5.6568 8 25.6568 -5.6568 8 25.6568 -5.6568 10 25.6568 -5.6568 10 25.6568 5.6568 -10 25.6568 5.6568 -10 25.6568 5.6568 -8 25.6568 5.6568 -8 25.6568 5.6568 8 25.6568 5.6568 8 25.6568 5.6568 10 25.6568 5.6568 10 25.7954 -1.5528 -8 25.7954 -1.5528 -8 25.7954 -1.5528 8 25.7954 -1.5528 8 25.7954 1.5528 -8 25.7954 1.5528 -8 25.7954 1.5528 8 25.7954 1.5528 8 25.87562 -14.93989 0 25.87578 14.93839 0 25.89456 -6.938549 -8 25.89456 -6.938549 8 25.89572 -6.93853 -8 25.89572 -6.93853 8 25.8951 6.9388 -8 25.8951 6.9388 8 25.8961 6.9394 -8 25.8961 6.9394 8 25.9484 -0.7830001 -8 25.9484 -0.7830001 -8 25.9484 -0.7830001 8 25.9484 -0.7830001 8 25.9484 0.7830001 -8 25.9484 0.7830001 -8 25.9484 0.7830001 8 25.9484 0.7830001 8 26 0 -8 26 0 -8 26 0 8 26 0 8 26.07031 10.79753 -8 26.07041 10.79835 -8 26.07041 10.79835 8 26.07031 10.79753 8 26.07253 -10.80019 -8 26.07317 -10.79968 -8 26.07317 -10.79968 8 26.07253 -10.80019 8 26.3472 -4.8704 -10 26.3472 -4.8704 -10 26.3472 -4.8704 -8 26.3472 -4.8704 -8 26.3472 -4.8704 8 26.3472 -4.8704 8 26.3472 -4.8704 10 26.3472 -4.8704 10 26.3472 4.8704 -10 26.3472 4.8704 -10 26.3472 4.8704 -8 26.3472 4.8704 -8 26.3472 4.8704 8 26.3472 4.8704 8 26.3472 4.8704 10 26.3472 4.8704 10 26.36 -6.36 -10 26.36 -6.36 -10 26.36 -6.36 -10 26.36 -6.36 -2 26.36 -6.36 -2 26.36 -6.36 -2 26.36 -6.36 2 26.36 -6.36 2 26.36 -6.36 2 26.36 -6.36 10 26.36 -6.36 10 26.36 -6.36 10 26.36 6.36 -10 26.36 6.36 -10 26.36 6.36 -10 26.36 6.36 -2 26.36 6.36 -2 26.36 6.36 -2 26.36 6.36 2 26.36 6.36 2 26.36 6.36 2 26.36 6.36 10 26.36 6.36 10 26.36 6.36 10 26.3639 -6.3639 -10 26.3639 -6.3639 10 26.3639 6.3639 -10 26.3639 6.3639 10 26.928 -4 -10 26.928 -4 -10 26.928 -4 -8 26.928 -4 -8 26.928 -4 8 26.928 -4 8 26.928 -4 10 26.928 -4 10 26.928 4 -10 26.928 4 -10 26.928 4 -8 26.928 4 -8 26.928 4 8 26.928 4 8 26.928 4 10 26.928 4 10 27.13528 -5.475324 -10 27.13528 -5.475324 -2 27.13528 -5.475324 2 27.13528 -5.475324 10 27.13528 5.475324 -10 27.13528 5.475324 -2 27.13528 5.475324 2 27.13528 5.475324 10 27.1406 -5.4792 -10 27.1406 -5.4792 10 27.1406 5.4792 -10 27.1406 5.4792 10 27.25686 -7.304328 -8 27.25743 -7.303736 -8 27.25686 -7.304328 8 27.25743 -7.303736 8 27.2578 7.3032 -8 27.258 7.304 -8 27.258 7.304 8 27.2578 7.3032 8 27.3912 -3.0616 -10 27.3912 -3.0616 -10 27.3912 -3.0616 -8 27.3912 -3.0616 -8 27.3912 -3.0616 8 27.3912 -3.0616 8 27.3912 -3.0616 10 27.3912 -3.0616 10 27.3912 3.0616 -10 27.3912 3.0616 -10 27.3912 3.0616 -8 27.3912 3.0616 -8 27.3912 3.0616 8 27.3912 3.0616 8 27.3912 3.0616 10 27.3912 3.0616 10 27.3936 -47.44571 0 27.3936 47.44571 0 27.60386 11.43268 0 27.6062 -11.43549 0 27.7272 -2.0704 -10 27.7272 -2.0704 -10 27.7272 -2.0704 -8 27.7272 -2.0704 -8 27.7272 -2.0704 8 27.7272 -2.0704 8 27.7272 -2.0704 10 27.7272 -2.0704 10 27.7272 2.0704 -10 27.7272 2.0704 -10 27.7272 2.0704 -8 27.7272 2.0704 -8 27.7272 2.0704 8 27.7272 2.0704 8 27.7272 2.0704 10 27.7272 2.0704 10 27.78909 -4.497156 -10 27.78909 -4.497156 -2 27.78909 -4.497156 2 27.78909 -4.497156 10 27.78909 4.497156 -10 27.78909 4.497156 -2 27.78909 4.497156 2 27.78909 4.497156 10 27.794 -4.5 -10 27.794 -4.5 10 27.794 4.5 -10 27.794 4.5 10 27.9204 -48.35813 -10 27.92 -48.358 10 27.9202 48.35778 -10 27.9202 48.35778 10 27.9312 -1.044 -10 27.9312 -1.044 -10 27.9312 -1.044 -8 27.9312 -1.044 -8 27.9312 -1.044 8 27.9312 -1.044 8 27.9312 -1.044 10 27.9312 -1.044 10 27.9312 1.044 -10 27.9312 1.044 -10 27.9312 1.044 -8 27.9312 1.044 -8 27.9312 1.044 8 27.9312 1.044 8 27.9312 1.044 10 27.9312 1.044 10 28 0 -10 28 0 -10 28 0 -8 28 0 -8 28 0 8 28 0 8 28 0 10 28 0 10 28.30998 -3.442032 -10 28.30998 -3.442032 -2 28.31 -3.442 -2 28.31 -3.442 2 28.30998 -3.442032 2 28.30998 -3.442032 10 28.30998 3.442032 -10 28.31 3.442 -2 28.30998 3.442032 -2 28.30998 3.442032 2 28.31 3.442 2 28.30998 3.442032 10 28.3151 -3.4443 -10 28.3151 -3.4443 10 28.3151 3.4443 -10 28.3151 3.4443 10 28.68776 -2.32776 -10 28.68776 -2.32776 -2 28.68776 -2.32776 2 28.68776 -2.32776 10 28.68776 2.32776 -10 28.68776 2.32776 -2 28.68776 2.32776 2 28.68776 2.32776 10 28.6931 -2.3292 -10 28.6931 -2.3292 10 28.6931 2.3292 -10 28.6931 2.3292 10 28.8602 -7.733995 0 28.8612 7.7328 0 28.917 -50.085 -17.5 28.917 -50.085 -17.5 28.917 -50.085 17.5 28.917 -50.085 17.5 28.91799 -1.174056 -10 28.91799 -1.174056 -2 28.91799 -1.174056 2 28.91799 -1.174056 10 28.91799 1.174056 -10 28.91799 1.174056 -2 28.91799 1.174056 2 28.91799 1.174056 10 28.91735 50.08485 -17.5 28.917 50.08424 -17.5 28.917 50.08424 17.5 28.91735 50.08485 17.5 28.9226 -1.1745 -10 28.9226 -1.1745 10 28.9226 1.1745 -10 28.9226 1.1745 10 28.99431 0 -10 28.99431 0 -2 28.9943 0 -2 28.99431 0 2 28.9943 0 2 28.99431 0 10 29 -9 -10 29 -9 10 29 0 -10 29 0 10 29 9 -10 29 9 10 30.363 -52.589 -17.5 30.363 -52.589 17.5 30.36285 52.58846 -17.5 30.36285 52.58846 17.5 31 -9 -10 31 -9 10 31 0 -10 31 0 10 31 9 -10 31 9 10 31.00569 0 -10 31.00569 0 -2 31.0057 0 -2 31.00569 0 2 31.0057 0 2 31.00569 0 10 31.0774 -1.1745 -10 31.0774 -1.1745 10 31.0774 1.1745 -10 31.0774 1.1745 10 31.08201 -1.174056 -10 31.08201 -1.174056 -2 31.08201 -1.174056 2 31.08201 -1.174056 10 31.08201 1.174056 -10 31.08201 1.174056 -2 31.08201 1.174056 2 31.08201 1.174056 10 31.3069 -2.3292 -10 31.3069 -2.3292 10 31.3069 2.3292 -10 31.3069 2.3292 10 31.31224 -2.32776 -10 31.31224 -2.32776 -2 31.31224 -2.32776 2 31.31224 -2.32776 10 31.31224 2.32776 -10 31.31224 2.32776 -2 31.31224 2.32776 2 31.31224 2.32776 10 31.6849 -3.4443 -10 31.6849 -3.4443 10 31.6849 3.4443 -10 31.6849 3.4443 10 31.69002 -3.442032 -10 31.69002 -3.442032 -2 31.69 -3.442 -2 31.69002 -3.442032 2 31.69 -3.442 2 31.69002 -3.442032 10 31.69002 3.442032 -10 31.69 3.442 -2 31.69002 3.442032 -2 31.69002 3.442032 2 31.69 3.442 2 31.69002 3.442032 10 32 0 -10 32 0 -10 32 0 -8 32 0 -8 32 0 8 32 0 8 32 0 10 32 0 10 32.0688 -1.044 -10 32.0688 -1.044 -10 32.0688 -1.044 -8 32.0688 -1.044 -8 32.0688 -1.044 8 32.0688 -1.044 8 32.0688 -1.044 10 32.0688 -1.044 10 32.0688 1.044 -10 32.0688 1.044 -10 32.0688 1.044 -8 32.0688 1.044 -8 32.0688 1.044 8 32.0688 1.044 8 32.0688 1.044 10 32.0688 1.044 10 32.206 -4.5 -10 32.206 -4.5 10 32.206 4.5 -10 32.206 4.5 10 32.21091 -4.497156 -10 32.21091 -4.497156 -2 32.21091 -4.497156 2 32.21091 -4.497156 10 32.21091 4.497156 -10 32.21091 4.497156 -2 32.21091 4.497156 2 32.21091 4.497156 10 32.2728 -2.0704 -10 32.2728 -2.0704 -10 32.2728 -2.0704 -8 32.2728 -2.0704 -8 32.2728 -2.0704 8 32.2728 -2.0704 8 32.2728 -2.0704 10 32.2728 -2.0704 10 32.2728 2.0704 -10 32.2728 2.0704 -10 32.2728 2.0704 -8 32.2728 2.0704 -8 32.2728 2.0704 8 32.2728 2.0704 8 32.2728 2.0704 10 32.2728 2.0704 10 32.6088 -3.0616 -10 32.6088 -3.0616 -10 32.6088 -3.0616 -8 32.6088 -3.0616 -8 32.6088 -3.0616 8 32.6088 -3.0616 8 32.6088 -3.0616 10 32.6088 -3.0616 10 32.6088 3.0616 -10 32.6088 3.0616 -10 32.6088 3.0616 -8 32.6088 3.0616 -8 32.6088 3.0616 8 32.6088 3.0616 8 32.6088 3.0616 10 32.6088 3.0616 10 32.8594 -5.4792 -10 32.8594 -5.4792 10 32.8594 5.4792 -10 32.8594 5.4792 10 32.86472 -5.475324 -10 32.86472 -5.475324 -2 32.86472 -5.475324 2 32.86472 -5.475324 10 32.86472 5.475324 -10 32.86472 5.475324 -2 32.86472 5.475324 2 32.86472 5.475324 10 33.072 -4 -10 33.072 -4 -10 33.072 -4 -8 33.072 -4 -8 33.072 -4 8 33.072 -4 8 33.072 -4 10 33.072 -4 10 33.072 4 -10 33.072 4 -10 33.072 4 -8 33.072 4 -8 33.072 4 8 33.072 4 8 33.072 4 10 33.072 4 10 33.35445 -43.46816 0 33.35445 43.46816 0 33.6361 -6.3639 -10 33.6361 -6.3639 10 33.6361 6.3639 -10 33.6361 6.3639 10 33.64 -6.36 -10 33.64 -6.36 -10 33.64 -6.36 -10 33.64 -6.36 -2 33.64 -6.36 -2 33.64 -6.36 -2 33.64 -6.36 2 33.64 -6.36 2 33.64 -6.36 2 33.64 -6.36 10 33.64 -6.36 10 33.64 -6.36 10 33.64 6.36 -10 33.64 6.36 -10 33.64 6.36 -10 33.64 6.36 -2 33.64 6.36 -2 33.64 6.36 -2 33.64 6.36 2 33.64 6.36 2 33.64 6.36 2 33.64 6.36 10 33.64 6.36 10 33.64 6.36 10 33.6528 -4.8704 -10 33.6528 -4.8704 -10 33.6528 -4.8704 -8 33.6528 -4.8704 -8 33.6528 -4.8704 8 33.6528 -4.8704 8 33.6528 -4.8704 10 33.6528 -4.8704 10 33.6528 4.8704 -10 33.6528 4.8704 -10 33.6528 4.8704 -8 33.6528 4.8704 -8 33.6528 4.8704 8 33.6528 4.8704 8 33.6528 4.8704 10 33.6528 4.8704 10 33.996 -44.304 -10 33.99588 -44.30409 10 33.99588 44.30409 -10 33.99588 44.30409 10 34 0 -8 34 0 -8 34 0 8 34 0 8 34.0516 -0.7830001 -8 34.0516 -0.7830001 -8 34.0516 -0.7830001 8 34.0516 -0.7830001 8 34.0516 0.7830001 -8 34.0516 0.7830001 -8 34.0516 0.7830001 8 34.0516 0.7830001 8 34.2046 -1.5528 -8 34.2046 -1.5528 -8 34.2046 -1.5528 8 34.2046 -1.5528 8 34.2046 1.5528 -8 34.2046 1.5528 -8 34.2046 1.5528 8 34.2046 1.5528 8 34.3432 -5.6568 -10 34.3432 -5.6568 -10 34.3432 -5.6568 -8 34.3432 -5.6568 -8 34.3432 -5.6568 8 34.3432 -5.6568 8 34.3432 -5.6568 10 34.3432 -5.6568 10 34.3432 5.6568 -10 34.3432 5.6568 -10 34.3432 5.6568 -8 34.3432 5.6568 -8 34.3432 5.6568 8 34.3432 5.6568 8 34.3432 5.6568 10 34.3432 5.6568 10 34.4566 -2.2962 -8 34.4566 -2.2962 -8 34.4566 -2.2962 8 34.4566 -2.2962 8 34.4566 2.2962 -8 34.4566 2.2962 -8 34.4566 2.2962 8 34.4566 2.2962 8 34.5208 -7.1406 -10 34.5208 -7.1406 10 34.5208 7.1406 -10 34.5208 7.1406 10 34.804 -3 -8 34.804 -3 -8 34.804 -3 8 34.804 -3 8 34.804 3 -8 34.804 3 -8 34.804 3 8 34.804 3 8 35.1296 -6.3472 -10 35.1296 -6.3472 -10 35.1296 -6.3472 -8 35.1296 -6.3472 -8 35.1296 -6.3472 8 35.1296 -6.3472 8 35.1296 -6.3472 10 35.1296 -6.3472 10 35.1296 6.3472 -10 35.1296 6.3472 -10 35.1296 6.3472 -8 35.1296 6.3472 -8 35.1296 6.3472 8 35.1296 6.3472 8 35.1296 6.3472 10 35.1296 6.3472 10 35.21 -45.886 -17.5 35.21 -45.886 -17.5 35.21 -45.886 17.5 35.21 -45.886 17.5 35.20976 45.88605 -17.5 35.20934 45.8855 -17.5 35.20976 45.88605 17.5 35.20934 45.8855 17.5 35.2396 -3.6528 -8 35.2396 -3.6528 -8 35.2396 -3.6528 8 35.2396 -3.6528 8 35.2396 3.6528 -8 35.2396 3.6528 -8 35.2396 3.6528 8 35.2396 3.6528 8 35.5 -7.794 -10 35.5 -7.794 10 35.5 7.794 -10 35.5 7.794 10 35.7574 -4.2426 -8 35.7574 -4.2426 -8 35.7574 -4.2426 8 35.7574 -4.2426 8 35.7574 4.2426 -8 35.7574 4.2426 -8 35.7574 4.2426 8 35.7574 4.2426 8 36 -6.928 -10 36 -6.928 -10 36 -6.928 -8 36 -6.928 -8 36 -6.928 8 36 -6.928 8 36 -6.928 10 36 -6.928 10 36 6.928 -10 36 6.928 -10 36 6.928 -8 36 6.928 -8 36 6.928 8 36 6.928 8 36 6.928 10 36 6.928 10 36.3472 -4.7604 -8 36.3472 -4.7604 -8 36.3472 -4.7604 8 36.3472 -4.7604 8 36.3472 4.7604 -8 36.3472 4.7604 -8 36.3472 4.7604 8 36.3472 4.7604 8 36.5557 -8.3151 -10 36.5557 -8.3151 10 36.5557 8.3151 -10 36.5557 8.3151 10 36.9384 -7.3912 -10 36.9384 -7.3912 -10 36.9384 -7.3912 -8 36.9384 -7.3912 -8 36.9384 -7.3912 8 36.9384 -7.3912 8 36.9384 -7.3912 10 36.9384 -7.3912 10 36.9384 7.3912 -10 36.9384 7.3912 -10 36.9384 7.3912 -8 36.9384 7.3912 -8 36.9384 7.3912 8 36.9384 7.3912 8 36.9384 7.3912 10 36.9384 7.3912 10 36.97 -48.18 -17.5 36.97 -48.18 17.5 36.96981 48.17977 -17.5 36.96981 48.17977 17.5 37 -5.196 -8 37 -5.196 -8 37 -5.196 8 37 -5.196 8 37 5.196 -8 37 5.196 -8 37 5.196 8 37 5.196 8 37.6708 -8.6931 -10 37.6708 -8.6931 10 37.6708 8.6931 -10 37.6708 8.6931 10 37.7038 -5.5434 -8 37.7038 -5.5434 -8 37.7038 -5.5434 8 37.7038 -5.5434 8 37.7038 5.5434 -8 37.7038 5.5434 -8 37.7038 5.5434 8 37.7038 5.5434 8 37.9296 -7.7272 -10 37.9296 -7.7272 -10 37.9296 -7.7272 -8 37.9296 -7.7272 -8 37.9296 -7.7272 8 37.9296 -7.7272 8 37.9296 -7.7272 10 37.9296 -7.7272 10 37.9296 7.7272 -10 37.9296 7.7272 -10 37.9296 7.7272 -8 37.9296 7.7272 -8 37.9296 7.7272 8 37.9296 7.7272 8 37.9296 7.7272 10 37.9296 7.7272 10 38.4472 -5.7954 -8 38.4472 -5.7954 -8 38.4472 -5.7954 8 38.4472 -5.7954 8 38.4472 5.7954 -8 38.4472 5.7954 -8 38.4472 5.7954 8 38.4472 5.7954 8 38.74003 -38.74003 0 38.74003 38.74003 0 38.8255 -8.9226 -10 38.8255 -8.9226 10 38.8255 8.9226 -10 38.8255 8.9226 10 38.956 -7.9312 -10 38.956 -7.9312 -10 38.956 -7.9312 -8 38.956 -7.9312 -8 38.956 -7.9312 8 38.956 -7.9312 8 38.956 -7.9312 10 38.956 -7.9312 10 38.956 7.9312 -10 38.956 7.9312 -10 38.956 7.9312 -8 38.956 7.9312 -8 38.956 7.9312 8 38.956 7.9312 8 38.956 7.9312 10 38.956 7.9312 10 39.217 -5.9484 -8 39.217 -5.9484 -8 39.217 -5.9484 8 39.217 -5.9484 8 39.217 5.9484 -8 39.217 5.9484 -8 39.217 5.9484 8 39.217 5.9484 8 39.48503 -39.48503 -10 39.485 -39.485 10 39.48475 39.48475 -10 39.48503 39.48503 10 40 -9 -10 40 -9 10 40 -8 -10 40 -8 -10 40 -8 -8 40 -8 -8 40 -8 8 40 -8 8 40 -8 10 40 -8 10 40 -6 -8 40 -6 -8 40 -6 8 40 -6 8 40 6 -8 40 6 -8 40 6 8 40 6 8 40 8 -10 40 8 -10 40 8 -8 40 8 -8 40 8 8 40 8 8 40 8 10 40 8 10 40 9 -10 40 9 10 40.783 -5.9484 -8 40.783 -5.9484 -8 40.783 -5.9484 8 40.783 -5.9484 8 40.783 5.9484 -8 40.783 5.9484 -8 40.783 5.9484 8 40.783 5.9484 8 40.895 -40.895 -17.5 40.895 -40.895 -17.5 40.895 -40.895 17.5 40.895 -40.895 17.5 40.89442 40.89442 -17.5 40.89492 40.89492 -17.5 40.89492 40.89492 17.5 40.89442 40.89442 17.5 41.044 -7.9312 -10 41.044 -7.9312 -10 41.044 -7.9312 -8 41.044 -7.9312 -8 41.044 -7.9312 8 41.044 -7.9312 8 41.044 -7.9312 10 41.044 -7.9312 10 41.044 7.9312 -10 41.044 7.9312 -10 41.044 7.9312 -8 41.044 7.9312 -8 41.044 7.9312 8 41.044 7.9312 8 41.044 7.9312 10 41.044 7.9312 10 41.1745 -8.9226 -10 41.1745 -8.9226 10 41.1745 8.9226 -10 41.1745 8.9226 10 41.5528 -5.7954 -8 41.5528 -5.7954 -8 41.5528 -5.7954 8 41.5528 -5.7954 8 41.5528 5.7954 -8 41.5528 5.7954 -8 41.5528 5.7954 8 41.5528 5.7954 8 42.0704 -7.7272 -10 42.0704 -7.7272 -10 42.0704 -7.7272 -8 42.0704 -7.7272 -8 42.0704 -7.7272 8 42.0704 -7.7272 8 42.0704 -7.7272 10 42.0704 -7.7272 10 42.0704 7.7272 -10 42.0704 7.7272 -10 42.0704 7.7272 -8 42.0704 7.7272 -8 42.0704 7.7272 8 42.0704 7.7272 8 42.0704 7.7272 10 42.0704 7.7272 10 42.2962 -5.5434 -8 42.2962 -5.5434 -8 42.2962 -5.5434 8 42.2962 -5.5434 8 42.2962 5.5434 -8 42.2962 5.5434 -8 42.2962 5.5434 8 42.2962 5.5434 8 42.3292 -8.6931 -10 42.3292 -8.6931 10 42.3292 8.6931 -10 42.3292 8.6931 10 42.94 -42.94 -17.5 42.94 -42.94 17.5 42.93914 42.93914 -17.5 42.93914 42.93914 17.5 43 -5.196 -8 43 -5.196 -8 43 -5.196 8 43 -5.196 8 43 5.196 -8 43 5.196 -8 43 5.196 8 43 5.196 8 43.0616 -7.3912 -10 43.0616 -7.3912 -10 43.0616 -7.3912 -8 43.0616 -7.3912 -8 43.0616 -7.3912 8 43.0616 -7.3912 8 43.0616 -7.3912 10 43.0616 -7.3912 10 43.0616 7.3912 -10 43.0616 7.3912 -10 43.0616 7.3912 -8 43.0616 7.3912 -8 43.0616 7.3912 8 43.0616 7.3912 8 43.0616 7.3912 10 43.0616 7.3912 10 43.4443 -8.3151 -10 43.4443 -8.3151 10 43.4443 8.3151 -10 43.4443 8.3151 10 43.46816 -33.35445 0 43.46816 33.35445 0 43.6528 -4.7604 -8 43.6528 -4.7604 -8 43.6528 -4.7604 8 43.6528 -4.7604 8 43.6528 4.7604 -8 43.6528 4.7604 -8 43.6528 4.7604 8 43.6528 4.7604 8 44 -6.928 -10 44 -6.928 -10 44 -6.928 -8 44 -6.928 -8 44 -6.928 8 44 -6.928 8 44 -6.928 10 44 -6.928 10 44 6.928 -10 44 6.928 -10 44 6.928 -8 44 6.928 -8 44 6.928 8 44 6.928 8 44 6.928 10 44 6.928 10 44.2426 -4.2426 -8 44.2426 -4.2426 -8 44.2426 -4.2426 8 44.2426 -4.2426 8 44.2426 4.2426 -8 44.2426 4.2426 -8 44.2426 4.2426 8 44.2426 4.2426 8 44.304 -33.996 -10 44.304 -33.996 10 44.30409 33.99588 -10 44.30378 33.99564 10 44.5 -7.794 -10 44.5 -7.794 10 44.5 7.794 -10 44.5 7.794 10 44.7604 -3.6528 -8 44.7604 -3.6528 -8 44.7604 -3.6528 8 44.7604 -3.6528 8 44.7604 3.6528 -8 44.7604 3.6528 -8 44.7604 3.6528 8 44.7604 3.6528 8 44.8704 -6.3472 -10 44.8704 -6.3472 -10 44.8704 -6.3472 -8 44.8704 -6.3472 -8 44.8704 -6.3472 8 44.8704 -6.3472 8 44.8704 -6.3472 10 44.8704 -6.3472 10 44.8704 6.3472 -10 44.8704 6.3472 -10 44.8704 6.3472 -8 44.8704 6.3472 -8 44.8704 6.3472 8 44.8704 6.3472 8 44.8704 6.3472 10 44.8704 6.3472 10 45.196 -3 -8 45.196 -3 -8 45.196 -3 8 45.196 -3 8 45.196 3 -8 45.196 3 -8 45.196 3 8 45.196 3 8 45.4792 -7.1406 -10 45.4792 -7.1406 10 45.4792 7.1406 -10 45.4792 7.1406 10 45.5434 -2.2962 -8 45.5434 -2.2962 -8 45.5434 -2.2962 8 45.5434 -2.2962 8 45.5434 2.2962 -8 45.5434 2.2962 -8 45.5434 2.2962 8 45.5434 2.2962 8 45.6568 -5.6568 -10 45.6568 -5.6568 -10 45.6568 -5.6568 -8 45.6568 -5.6568 -8 45.6568 -5.6568 8 45.6568 -5.6568 8 45.6568 -5.6568 10 45.6568 -5.6568 10 45.6568 5.6568 -10 45.6568 5.6568 -10 45.6568 5.6568 -8 45.6568 5.6568 -8 45.6568 5.6568 8 45.6568 5.6568 8 45.6568 5.6568 10 45.6568 5.6568 10 45.7954 -1.5528 -8 45.7954 -1.5528 -8 45.7954 -1.5528 8 45.7954 -1.5528 8 45.7954 1.5528 -8 45.7954 1.5528 -8 45.7954 1.5528 8 45.7954 1.5528 8 45.886 -35.21 -17.5 45.886 -35.21 -17.5 45.886 -35.21 17.5 45.886 -35.21 17.5 45.88605 35.20976 -17.5 45.8855 35.20934 -17.5 45.88605 35.20976 17.5 45.8855 35.20934 17.5 45.9484 -0.7830001 -8 45.9484 -0.7830001 -8 45.9484 -0.7830001 8 45.9484 -0.7830001 8 45.9484 0.7830001 -8 45.9484 0.7830001 -8 45.9484 0.7830001 8 45.9484 0.7830001 8 46 0 -8 46 0 -8 46 0 8 46 0 8 46.3472 -4.8704 -10 46.3472 -4.8704 -10 46.3472 -4.8704 -8 46.3472 -4.8704 -8 46.3472 -4.8704 8 46.3472 -4.8704 8 46.3472 -4.8704 10 46.3472 -4.8704 10 46.3472 4.8704 -10 46.3472 4.8704 -10 46.3472 4.8704 -8 46.3472 4.8704 -8 46.3472 4.8704 8 46.3472 4.8704 8 46.3472 4.8704 10 46.3472 4.8704 10 46.364 -6.364 -10 46.364 -6.364 -10 46.364 -6.364 -10 46.364 -6.364 -2 46.3638 -6.364 -2 46.364 -6.364 -2 46.364 -6.364 2 46.3639 -6.3639 2 46.364 -6.364 2 46.3639 -6.3639 10 46.364 -6.364 10 46.364 -6.364 10 46.364 6.364 -10 46.364 6.364 -10 46.364 6.364 -10 46.364 6.364 -2 46.364 6.364 -2 46.364 6.364 -2 46.364 6.364 2 46.364 6.364 2 46.3639 6.3639 2 46.364 6.364 10 46.364 6.364 10 46.364 6.364 10 46.928 -4 -10 46.928 -4 -10 46.928 -4 -8 46.928 -4 -8 46.928 -4 8 46.928 -4 8 46.928 -4 10 46.928 -4 10 46.928 4 -10 46.928 4 -10 46.928 4 -8 46.928 4 -8 46.928 4 8 46.928 4 8 46.928 4 10 46.928 4 10 47.1406 -5.4792 -10 47.13977 -5.478767 -10 47.13977 -5.478767 -2 47.13977 -5.478767 2 47.13977 -5.478767 10 47.1406 -5.4792 10 47.13977 5.478767 -10 47.1406 5.4792 -10 47.13977 5.478767 -2 47.13977 5.478767 2 47.1406 5.4792 10 47.13977 5.478767 10 47.3912 -3.0616 -10 47.3912 -3.0616 -10 47.3912 -3.0616 -8 47.3912 -3.0616 -8 47.3912 -3.0616 8 47.3912 -3.0616 8 47.3912 -3.0616 10 47.3912 -3.0616 10 47.3912 3.0616 -10 47.3912 3.0616 -10 47.3912 3.0616 -8 47.3912 3.0616 -8 47.3912 3.0616 8 47.3912 3.0616 8 47.3912 3.0616 10 47.3912 3.0616 10 47.44571 -27.3936 0 47.44571 27.3936 0 47.7272 -2.0704 -10 47.7272 -2.0704 -10 47.7272 -2.0704 -8 47.7272 -2.0704 -8 47.7272 -2.0704 8 47.7272 -2.0704 8 47.7272 -2.0704 10 47.7272 -2.0704 10 47.7272 2.0704 -10 47.7272 2.0704 -10 47.7272 2.0704 -8 47.7272 2.0704 -8 47.7272 2.0704 8 47.7272 2.0704 8 47.7272 2.0704 10 47.7272 2.0704 10 47.79399 -4.499984 -10 47.794 -4.5 -10 47.79399 -4.499984 -2 47.79399 -4.499984 2 47.794 -4.5 10 47.79399 -4.499984 10 47.794 4.5 -10 47.79399 4.499984 -10 47.79399 4.499984 -2 47.79399 4.499984 2 47.794 4.5 10 47.79399 4.499984 10 47.9312 -1.044 -10 47.9312 -1.044 -10 47.9312 -1.044 -8 47.9312 -1.044 -8 47.9312 -1.044 8 47.9312 -1.044 8 47.9312 -1.044 10 47.9312 -1.044 10 47.9312 1.044 -10 47.9312 1.044 -10 47.9312 1.044 -8 47.9312 1.044 -8 47.9312 1.044 8 47.9312 1.044 8 47.9312 1.044 10 47.9312 1.044 10 48 0 -10 48 0 -10 48 0 -8 48 0 -8 48 0 8 48 0 8 48 0 10 48 0 10 48.18 -36.97 -17.5 48.18 -36.97 17.5 48.17977 36.96981 -17.5 48.17977 36.96981 17.5 48.3152 -3.444197 -10 48.3151 -3.4443 -10 48.3152 -3.444197 -2 48.3152 -3.444197 2 48.3151 -3.4443 10 48.3152 -3.444197 10 48.3152 3.444197 -10 48.3151 3.4443 -10 48.3152 3.444197 -2 48.3152 3.444197 2 48.3152 3.444197 10 48.3151 3.4443 10 48.358 -27.92 -10 48.358 -27.92 10 48.35813 27.9204 -10 48.35778 27.9202 10 48.69322 -2.329224 -10 48.6931 -2.3292 -10 48.69322 -2.329224 -2 48.69322 -2.329224 2 48.6931 -2.3292 10 48.69322 -2.329224 10 48.69322 2.329224 -10 48.6931 2.3292 -10 48.69322 2.329224 -2 48.69322 2.329224 2 48.6931 2.3292 10 48.69322 2.329224 10 48.9226 -1.1745 -10 48.9236 -1.174794 -10 48.9236 -1.174794 -2 48.9236 -1.174794 2 48.9226 -1.1745 10 48.9236 -1.174794 10 48.9226 1.1745 -10 48.9236 1.174794 -10 48.9236 1.174794 -2 48.9236 1.174794 2 48.9226 1.1745 10 48.9236 1.174794 10 49 -9 -10 49 -9 10 48.99997 0 -10 49 0 -10 48.99997 0 -2 48.99997 0 2 48.99997 0 10 49 0 10 49 9 -10 49 9 10 50.085 -28.917 -17.5 50.085 -28.917 -17.5 50.085 -28.917 17.5 50.085 -28.917 17.5 50.08485 28.91735 -17.5 50.08424 28.917 -17.5 50.08485 28.91735 17.5 50.08424 28.917 17.5 50.61789 -20.96706 0 50.61789 20.96706 0 51.591 -21.37 -10 51.591 -21.37 10 51.59132 21.37027 -10 51.59095 21.37012 10 52.589 -30.363 -17.5 52.589 -30.363 17.5 52.58846 30.36285 -17.5 52.58846 30.36285 17.5 52.91895 -14.17893 0 52.91895 14.17893 0 53.43283 22.13307 17.5 53.434 -22.133 -17.5 53.433 -22.133 -17.5 53.43283 22.13307 -17.5 53.434 -22.133 -17.5 53.434 -22.133 17.5 53.433 -22.133 17.5 53.43348 22.13334 -17.5 53.43348 22.13334 17.5 53.936 -14.452 -10 53.936 -14.452 10 53.93663 14.4516 -10 53.93663 14.4516 10 54.31603 -7.149729 0 54.31603 7.149729 0 54.7872 0 0 55.0418 -9 -10 55.042 -9 -10 55.042 -9 10 55.0418 -9 10 55.0418 9 -10 55.042 9 -10 55.042 9 10 55.0418 9 10 55.1 -6.364 -2 55.1 -6.364 -2 55.1 -6.364 2 55.1001 -6.3639 2 55.1 6.364 -2 55.1002 6.364 -2 55.1 6.364 2 55.1001 6.3639 2 55.36 -7.287 -10 55.36 -7.287 10 55.36057 7.287224 -10 55.36017 7.287172 10 55.6 -6.364 -10 55.6 -6.364 -10 55.6 -6.364 10 55.6 -6.364 10 55.6 6.364 -10 55.6 6.364 -10 55.6 6.364 10 55.6 6.364 10 55.8404 0 -10 55.8408 0 10 55.86186 14.96744 -17.5 55.86186 14.96744 17.5 55.863 -14.968 -17.5 55.863 -14.968 -17.5 55.863 -14.968 17.5 55.863 -14.968 17.5 55.86254 14.96762 -17.5 55.86254 14.96762 17.5 56.105 -23.24 -17.5 56.105 -23.24 17.5 56.10447 23.23973 -17.5 56.10447 23.23973 17.5 57.337 -7.547 -17.5 57.337 -7.547 -17.5 57.337 -7.547 17.5 57.337 -7.547 17.5 57.33662 7.547337 -17.5 57.33732 7.547428 -17.5 57.33732 7.547428 17.5 57.33662 7.547337 17.5 57.835 0 -17.5 57.835 0 -17.5 57.835 0 17.5 57.834 0 17.5 58.65495 15.71581 -17.5 58.65495 15.71581 17.5 58.656 -15.716 -17.5 58.656 -15.716 17.5 60.204 -7.925 -17.5 60.204 -7.925 17.5 60.20346 7.924704 -17.5 60.20346 7.924704 17.5 60.7257 0 -17.5 60.7257 0 17.5 60.727 0 -17.5 60.727 0 17.5 -5.494 -59.956 -17.5 5.494 -59.956 -17.5 7.926001 -60.208 -17.5 -7.925291 -60.20792 -17.5 4.4346 -58.9131 -17.5 -4.434577 -58.91317 -17.5 -5.494 -59.956 17.5 -7.925 -60.207 17.5 7.925291 -60.20792 17.5 5.494 -59.956 17.5 4.435 -58.913 17.5 -4.434577 -58.91317 17.5 66.775 0 -13.2 66.20001 -8.714001 -13.2 63.55271 -8.365572 -17.5 64.10401 0 -17.5 64.497 -17.281 -13.2 61.91806 -16.59012 -17.5 61.693 -25.555 -13.2 59.22569 -24.5326 -17.5 57.82715 -33.3875 -13.2 55.51406 -32.052 -17.5 52.97928 -40.65262 -13.2 50.86011 -39.02652 -17.5 47.216 -47.216 -13.2 45.32794 -45.32794 -17.5 40.65262 -52.97928 -13.2 39.02652 -50.86011 -17.5 33.387 -57.827 -13.2 32.052 -55.51406 -17.5 25.555 -61.693 -13.2 24.5326 -59.22569 -17.5 17.28137 -64.49797 -13.2 16.59012 -61.91806 -17.5 8.714001 -66.20001 -13.2 8.365572 -63.55271 -17.5 0 -66.774 -13.2 0 -64.10401 -17.5 69 0 -7 68.40701 -9.005001 -7 66.64701 -17.857 -7 63.749 -26.406 -7 59.754 -34.5 -7 54.745 -42.007 -7 48.79 -48.79 -7 42.007 -54.745 -7 34.5 -59.754 -7 26.406 -63.749 -7 17.857 -66.64701 -7 9.005001 -68.40701 -7 0 -69 -7 70 0 0 69.39799 -9.135001 0 67.61301 -18.116 0 64.67301 -26.789 0 60.62 -35 0 55.538 -42.616 0 49.497 -49.497 0 42.616 -55.538 0 35 -60.62 0 26.789 -64.67301 0 18.116 -67.61301 0 9.135001 -69.39799 0 0 -70 0 63.55271 -8.365572 17.5 66.20001 -8.714001 13.2 66.774 0 13.2 64.10401 0 17.5 61.91806 -16.59012 17.5 64.49797 -17.28137 13.2 59.22569 -24.5326 17.5 61.693 -25.555 13.2 55.51406 -32.052 17.5 57.82715 -33.3875 13.2 50.86011 -39.02652 17.5 52.979 -40.652 13.2 45.32794 -45.32794 17.5 47.216 -47.216 13.2 39.02652 -50.86011 17.5 40.652 -52.979 13.2 32.052 -55.51406 17.5 33.387 -57.827 13.2 24.5326 -59.22569 17.5 25.555 -61.693 13.2 16.59012 -61.91806 17.5 17.281 -64.497 13.2 8.365572 -63.55271 17.5 8.714001 -66.20001 13.2 0 -64.10401 17.5 0 -66.774 13.2 68.40701 -9.005001 7 69 0 7 66.64701 -17.857 7 63.749 -26.406 7 59.754 -34.5 7 54.745 -42.007 7 48.79 -48.79 7 42.007 -54.745 7 34.5 -59.754 7 26.406 -63.749 7 17.857 -66.64701 7 9.005001 -68.40701 7 0 -69 7 0 66.774 -13.2 8.714138 66.20074 -13.2 8.365572 63.55271 -17.5 0 64.10401 -17.5 17.28137 64.49797 -13.2 16.59012 61.91806 -17.5 25.555 61.693 -13.2 24.5326 59.22569 -17.5 33.387 57.827 -13.2 32.052 55.51406 -17.5 40.652 52.979 -13.2 39.02652 50.86011 -17.5 47.216 47.216 -13.2 45.32794 45.32794 -17.5 52.979 40.652 -13.2 50.86011 39.02652 -17.5 57.827 33.387 -13.2 55.51406 32.052 -17.5 61.693 25.555 -13.2 59.22569 24.5326 -17.5 64.49797 17.28137 -13.2 61.91806 16.59012 -17.5 66.20001 8.714001 -13.2 63.55271 8.365572 -17.5 0 69 -7 9.005001 68.40701 -7 17.857 66.64701 -7 26.406 63.749 -7 34.5 59.754 -7 42.007 54.745 -7 48.79 48.79 -7 54.745 42.007 -7 59.754 34.5 -7 63.749 26.406 -7 66.64701 17.857 -7 68.40701 9.005001 -7 0 70 0 9.135001 69.39799 0 18.116 67.61301 0 26.789 64.67301 0 35 60.62 0 42.616 55.538 0 49.497 49.497 0 55.538 42.616 0 60.62 35 0 64.67301 26.789 0 67.61301 18.116 0 69.39799 9.135001 0 8.365572 63.55271 17.5 8.714001 66.20001 13.2 0 66.775 13.2 0 64.10401 17.5 16.59012 61.91806 17.5 17.28137 64.49797 13.2 24.5326 59.22569 17.5 25.555 61.693 13.2 32.052 55.51406 17.5 33.387 57.827 13.2 39.02652 50.86011 17.5 40.652 52.979 13.2 45.32794 45.32794 17.5 47.216 47.216 13.2 50.86011 39.02652 17.5 52.97928 40.65262 13.2 55.51406 32.052 17.5 57.827 33.387 13.2 59.22569 24.5326 17.5 61.693 25.555 13.2 61.91806 16.59012 17.5 64.497 17.281 13.2 63.55271 8.365572 17.5 66.20001 8.714001 13.2 9.005001 68.40701 7 0 69 7 17.857 66.64701 7 26.406 63.749 7 34.5 59.754 7 42.007 54.745 7 48.79 48.79 7 54.745 42.007 7 59.754 34.5 7 63.749 26.406 7 66.64701 17.857 7 68.40701 9.005001 7 -66.774 0 -13.2 -66.20074 8.714138 -13.2 -63.55271 8.365572 -17.5 -64.10401 0 -17.5 -64.497 17.281 -13.2 -61.91806 16.59012 -17.5 -61.693 25.555 -13.2 -59.22569 24.5326 -17.5 -57.827 33.387 -13.2 -55.51406 32.052 -17.5 -52.979 40.652 -13.2 -50.86011 39.02652 -17.5 -47.216 47.216 -13.2 -45.32794 45.32794 -17.5 -40.65262 52.97928 -13.2 -39.02652 50.86011 -17.5 -33.387 57.827 -13.2 -32.052 55.51406 -17.5 -25.555 61.693 -13.2 -24.5326 59.22569 -17.5 -17.281 64.497 -13.2 -16.59012 61.91806 -17.5 -8.714001 66.20001 -13.2 -8.365572 63.55271 -17.5 -69 0 -7 -68.40701 9.005001 -7 -66.64701 17.857 -7 -63.749 26.406 -7 -59.754 34.5 -7 -54.745 42.007 -7 -48.79 48.79 -7 -42.007 54.745 -7 -34.5 59.754 -7 -26.406 63.749 -7 -17.857 66.64701 -7 -9.005001 68.40701 -7 -70 0 0 -69.39799 9.135001 0 -67.61301 18.116 0 -64.67301 26.789 0 -60.62 35 0 -55.538 42.616 0 -49.497 49.497 0 -42.616 55.538 0 -35 60.62 0 -26.789 64.67301 0 -18.116 67.61301 0 -9.135001 69.39799 0 -63.55271 8.365572 17.5 -66.20074 8.714138 13.2 -66.775 0 13.2 -64.10401 0 17.5 -61.91806 16.59012 17.5 -64.49797 17.28137 13.2 -59.22569 24.5326 17.5 -61.693 25.555 13.2 -55.51406 32.052 17.5 -57.827 33.387 13.2 -50.86011 39.02652 17.5 -52.979 40.652 13.2 -45.32794 45.32794 17.5 -47.216 47.216 13.2 -39.02652 50.86011 17.5 -40.65262 52.97928 13.2 -32.052 55.51406 17.5 -33.3875 57.82715 13.2 -24.5326 59.22569 17.5 -25.55479 61.69342 13.2 -16.59012 61.91806 17.5 -17.281 64.497 13.2 -8.365572 63.55271 17.5 -8.714138 66.20074 13.2 -68.40701 9.005001 7 -69 0 7 -66.64701 17.857 7 -63.749 26.406 7 -59.754 34.5 7 -54.745 42.007 7 -48.79 48.79 7 -42.007 54.745 7 -34.5 59.754 7 -26.406 63.749 7 -17.857 66.64701 7 -9.005001 68.40701 7 -8.714138 -66.20074 -13.2 -8.365572 -63.55271 -17.5 -17.281 -64.497 -13.2 -16.59012 -61.91806 -17.5 -25.555 -61.693 -13.2 -24.5326 -59.22569 -17.5 -33.387 -57.827 -13.2 -32.052 -55.51406 -17.5 -40.652 -52.979 -13.2 -39.02652 -50.86011 -17.5 -47.2166 -47.2166 -13.2 -45.32794 -45.32794 -17.5 -52.979 -40.652 -13.2 -50.86011 -39.02652 -17.5 -57.82715 -33.3875 -13.2 -55.51406 -32.052 -17.5 -61.693 -25.555 -13.2 -59.22569 -24.5326 -17.5 -64.49797 -17.28137 -13.2 -61.91806 -16.59012 -17.5 -66.20001 -8.714001 -13.2 -63.55271 -8.365572 -17.5 -9.005001 -68.40701 -7 -17.857 -66.64701 -7 -26.406 -63.749 -7 -34.5 -59.754 -7 -42.007 -54.745 -7 -48.79 -48.79 -7 -54.745 -42.007 -7 -59.754 -34.5 -7 -63.749 -26.406 -7 -66.64701 -17.857 -7 -68.40701 -9.005001 -7 -9.135001 -69.39799 0 -18.116 -67.61301 0 -26.789 -64.67301 0 -35 -60.62 0 -42.616 -55.538 0 -49.497 -49.497 0 -55.538 -42.616 0 -60.62 -35 0 -64.67301 -26.789 0 -67.61301 -18.116 0 -69.39799 -9.135001 0 -8.365572 -63.55271 17.5 -8.714001 -66.20001 13.2 -16.59012 -61.91806 17.5 -17.28137 -64.49797 13.2 -24.5326 -59.22569 17.5 -25.555 -61.693 13.2 -32.052 -55.51406 17.5 -33.3875 -57.82715 13.2 -39.02652 -50.86011 17.5 -40.65262 -52.97928 13.2 -45.32794 -45.32794 17.5 -47.216 -47.216 13.2 -50.86011 -39.02652 17.5 -52.97928 -40.65262 13.2 -55.51406 -32.052 17.5 -57.82715 -33.3875 13.2 -59.22569 -24.5326 17.5 -61.693 -25.555 13.2 -61.91806 -16.59012 17.5 -64.497 -17.281 13.2 -63.55271 -8.365572 17.5 -66.20001 -8.714001 13.2 -9.005001 -68.40701 7 -17.857 -66.64701 7 -26.406 -63.749 7 -34.5 -59.754 7 -42.007 -54.745 7 -48.79 -48.79 7 -54.745 -42.007 7 -59.754 -34.5 7 -63.749 -26.406 7 -66.64701 -17.857 7 -68.40701 -9.005001 7 -0.001250088 -60.72644 -17.5 -7.9268 -60.2098 -17.5 60.20792 7.925291 -17.5 63.5528 8.365586 -17.5 64.1041 0 -17.5 60.7302 0 -17.5 58.6593 15.71698 -17.5 61.91815 16.59014 -17.5 56.10863 23.24145 -17.5 59.22578 24.53264 -17.5 52.59235 30.3651 -17.5 55.51415 32.05205 -17.5 48.18334 36.97255 -17.5 50.86019 39.02657 -17.5 42.94233 42.94233 -17.5 45.32801 45.32801 -17.5 36.97255 48.18334 -17.5 39.02657 50.86019 -17.5 30.3651 52.59235 -17.5 32.05205 55.51415 -17.5 23.24145 56.10863 -17.5 24.53264 59.22578 -17.5 15.71698 58.6593 -17.5 16.59014 61.91815 -17.5 7.925291 60.20792 -17.5 8.365586 63.5528 -17.5 0 60.7302 -17.5 0 64.1041 -17.5 -7.925291 60.20792 -17.5 -8.365586 63.5528 -17.5 -15.71698 58.6593 -17.5 -16.59014 61.91815 -17.5 -23.24145 56.10863 -17.5 -24.53264 59.22578 -17.5 -30.3651 52.59235 -17.5 -32.05205 55.51415 -17.5 -36.97255 48.18334 -17.5 -39.02657 50.86019 -17.5 -42.94233 42.94233 -17.5 -45.32801 45.32801 -17.5 -48.18334 36.97255 -17.5 -50.86019 39.02657 -17.5 -52.59235 30.3651 -17.5 -55.51415 32.05205 -17.5 -56.10863 23.24145 -17.5 -59.22578 24.53264 -17.5 -58.6593 15.71698 -17.5 -61.91815 16.59014 -17.5 -60.20792 7.925291 -17.5 -63.5528 8.365586 -17.5 -60.7302 0 -17.5 -64.1041 0 -17.5 -60.20792 -7.925291 -17.5 -63.5528 -8.365586 -17.5 -58.6593 -15.71698 -17.5 -61.91815 -16.59014 -17.5 -56.10863 -23.24145 -17.5 -59.22578 -24.53264 -17.5 -52.59235 -30.3651 -17.5 -55.51415 -32.05205 -17.5 -48.18334 -36.97255 -17.5 -50.86019 -39.02657 -17.5 -42.94233 -42.94233 -17.5 -45.32801 -45.32801 -17.5 -36.97255 -48.18334 -17.5 -39.02657 -50.86019 -17.5 -30.3651 -52.59235 -17.5 -32.05205 -55.51415 -17.5 -23.24145 -56.10863 -17.5 -24.53264 -59.22578 -17.5 -15.71698 -58.6593 -17.5 -16.59014 -61.91815 -17.5 -8.365586 -63.5528 -17.5 0 -60.7302 -17.5 0 -64.1041 -17.5 8.365586 -63.5528 -17.5 15.71698 -58.6593 -17.5 16.59014 -61.91815 -17.5 23.24145 -56.10863 -17.5 24.53264 -59.22578 -17.5 30.3651 -52.59235 -17.5 32.05205 -55.51415 -17.5 36.97255 -48.18334 -17.5 39.02657 -50.86019 -17.5 42.94233 -42.94233 -17.5 45.32801 -45.32801 -17.5 48.18334 -36.97255 -17.5 50.86019 -39.02657 -17.5 52.59235 -30.3651 -17.5 55.51415 -32.05205 -17.5 56.10863 -23.24145 -17.5 59.22578 -24.53264 -17.5 58.6593 -15.71698 -17.5 61.91815 -16.59014 -17.5 60.20792 -7.925291 -17.5 63.5528 -8.365586 -17.5 3.80799 -57.82806 -17.5 4.156747 -58.35018 -17.5 3.394145 -57.35577 -17.5 2.921913 -56.94194 -17.5 2.400107 -56.59282 -17.5 1.836833 -56.31542 -17.5 1.242388 -56.11329 -17.5 0.6265445 -55.99119 -17.5 9.54429e-6 -55.94989 -17.5 -0.6265873 -55.99123 -17.5 -1.242387 -56.11382 -17.5 -1.8369 -56.3154 -17.5 -2.399818 -56.59325 -17.5 -2.921936 -56.94201 -17.5 -3.394233 -57.35585 -17.5 -3.808055 -57.82809 -17.5 -4.157181 -58.34989 -17.5 -7.9268 -60.2098 17.5 -0.001250088 -60.72644 17.5 64.1041 0 17.5 63.5528 8.365586 17.5 60.20792 7.925291 17.5 60.7302 0 17.5 61.91815 16.59014 17.5 58.6593 15.71698 17.5 59.22578 24.53264 17.5 56.10863 23.24145 17.5 55.51415 32.05205 17.5 52.59235 30.3651 17.5 50.86019 39.02657 17.5 48.18334 36.97255 17.5 45.32801 45.32801 17.5 42.94233 42.94233 17.5 39.02657 50.86019 17.5 36.97255 48.18334 17.5 32.05205 55.51415 17.5 30.3651 52.59235 17.5 24.53264 59.22578 17.5 23.24145 56.10863 17.5 16.59014 61.91815 17.5 15.71698 58.6593 17.5 8.365586 63.5528 17.5 7.925291 60.20792 17.5 0 64.1041 17.5 0 60.7302 17.5 -8.365586 63.5528 17.5 -7.925291 60.20792 17.5 -16.59014 61.91815 17.5 -15.71698 58.6593 17.5 -24.53264 59.22578 17.5 -23.24145 56.10863 17.5 -32.05205 55.51415 17.5 -30.3651 52.59235 17.5 -39.02657 50.86019 17.5 -36.97255 48.18334 17.5 -45.32801 45.32801 17.5 -42.94233 42.94233 17.5 -50.86019 39.02657 17.5 -48.18334 36.97255 17.5 -55.51415 32.05205 17.5 -52.59235 30.3651 17.5 -59.22578 24.53264 17.5 -56.10863 23.24145 17.5 -61.91815 16.59014 17.5 -58.6593 15.71698 17.5 -63.5528 8.365586 17.5 -60.20792 7.925291 17.5 -64.1041 0 17.5 -60.7302 0 17.5 -63.5528 -8.365586 17.5 -60.20792 -7.925291 17.5 -61.91815 -16.59014 17.5 -58.6593 -15.71698 17.5 -59.22578 -24.53264 17.5 -56.10863 -23.24145 17.5 -55.51415 -32.05205 17.5 -52.59235 -30.3651 17.5 -50.86019 -39.02657 17.5 -48.18334 -36.97255 17.5 -45.32801 -45.32801 17.5 -42.94233 -42.94233 17.5 -39.02657 -50.86019 17.5 -36.97255 -48.18334 17.5 -32.05205 -55.51415 17.5 -30.3651 -52.59235 17.5 -24.53264 -59.22578 17.5 -23.24145 -56.10863 17.5 -16.59014 -61.91815 17.5 -15.71698 -58.6593 17.5 -8.365586 -63.5528 17.5 0 -64.1041 17.5 0 -60.7302 17.5 8.365586 -63.5528 17.5 16.59014 -61.91815 17.5 15.71698 -58.6593 17.5 24.53264 -59.22578 17.5 23.24145 -56.10863 17.5 32.05205 -55.51415 17.5 30.3651 -52.59235 17.5 39.02657 -50.86019 17.5 36.97255 -48.18334 17.5 45.32801 -45.32801 17.5 42.94233 -42.94233 17.5 50.86019 -39.02657 17.5 48.18334 -36.97255 17.5 55.51415 -32.05205 17.5 52.59235 -30.3651 17.5 59.22578 -24.53264 17.5 56.10863 -23.24145 17.5 61.91815 -16.59014 17.5 58.6593 -15.71698 17.5 63.5528 -8.365586 17.5 60.20792 -7.925291 17.5 4.156747 -58.35018 17.5 3.80799 -57.82806 17.5 3.394145 -57.35577 17.5 2.921913 -56.94194 17.5 2.400107 -56.59282 17.5 1.836833 -56.31542 17.5 1.242388 -56.11329 17.5 0.6265445 -55.99119 17.5 9.54429e-6 -55.94989 17.5 -0.6265873 -55.99123 17.5 -1.242387 -56.11382 17.5 -1.8369 -56.3154 17.5 -2.399818 -56.59325 17.5 -2.921936 -56.94201 17.5 -3.394233 -57.35585 17.5 -3.808055 -57.82809 17.5 -4.157181 -58.34989 17.5</float_array>
          <technique_common>
            <accessor source="#Inner-Node-Modell_dot_io-16_001-mesh-positions-array" count="9050" stride="3">
              <param name="X" type="float"/>
              <param name="Y" type="float"/>
              <param name="Z" type="float"/>
            </accessor>
          </technique_common>
        </source>
        <source id="Inner-Node-Modell_dot_io-16_001-mesh-normals">
          <float_array id="Inner-Node-Modell_dot_io-16_001-mesh-normals-array" count="11982">0 0 -1 -6.07561e-7 0 -1 -1.30015e-6 0 -1 5.90205e-6 0 -1 -1.29779e-6 0 -1 -7.86941e-6 0 -1 1.29779e-6 0 -1 0 0 1 7.86941e-6 0 1 -1.29756e-6 0 1 6.07561e-7 0 1 1.30015e-6 0 1 -5.90205e-6 0 1 1.29779e-6 0 1 1 0 0 -1 0 0 -7.2248e-7 0 -1 7.2248e-7 0 -1 -7.2355e-7 0 1 0 1 0 0 1 0 0 -1 0 0 -1 0 0 0 -1 0 0 -1 0 1 0 0 -1 0 -1.56072e-7 0 1 7.2355e-7 0 1 0 -1 0 0 1 0 0 -1 0 0 1 0 0 0 -1 2.48439e-6 0 -1 -1.85487e-6 0 -1 6.21185e-7 0 -1 2.48462e-6 0 -1 -9.37161e-7 0 -1 3.3807e-7 0.9832806 0.1820968 0.126172 0.9769341 0.1722799 0.06441414 0.9640882 0.2576528 0.06746393 0.9631081 0.2605218 -0.8220589 0.553445 0.1338582 -0.733035 0.6663864 0.1363412 -0.7567085 0.6394746 0.1358841 -0.06746393 0.9631077 0.2605235 -0.06444877 0.9640772 0.2576851 -0.1261718 0.9769342 0.17228 0.8220589 0.553445 0.1338582 0.7330505 0.6663987 0.1361978 0.7679324 0.6260007 0.1356576 -3.43258e-5 0.9832838 -0.1820799 0.06746542 0.963133 -0.2604292 0.06442981 0.9641092 -0.2575701 0.1262064 0.9769284 -0.1722874 -0.822009 0.5535166 -0.1338691 -0.7566792 0.6395097 -0.1358824 -0.7330647 0.6663831 -0.1361979 -0.1262069 0.9769274 -0.1722928 -0.06456863 0.9640649 -0.257701 -0.06746542 0.9631325 -0.2604309 0.822009 0.5535166 -0.1338691 0.7679151 0.6260211 -0.1356607 0.7330505 0.6663987 -0.1361982 -0.9762827 -0.1311417 -0.1722619 -0.9552671 -0.1465818 -0.2568628 -0.9664174 2.9614e-5 -0.2569779 -0.9890203 2.67593e-5 -0.1477799 -0.9509108 -0.2570932 -0.1722549 -0.9280571 -0.269683 -0.2568682 -0.9091114 -0.37926 -0.1722735 -0.8847398 -0.3889068 -0.2568796 -0.8518985 -0.4945704 -0.1722469 -0.8266008 -0.5007483 -0.2568706 -0.7799665 -0.6016415 -0.1722779 -0.7539058 -0.6046702 -0.2569047 -0.6947779 -0.6982926 -0.1722529 -0.6687818 -0.6976612 -0.2569044 -0.5976176 -0.7830627 -0.1722385 -0.5716499 -0.7792414 -0.2569034 -0.490247 -0.8543941 -0.1722458 -0.4652671 -0.8470657 -0.2569169 -0.3746167 -0.911041 -0.1722406 -0.3505693 -0.9006096 -0.2569115 -0.2522627 -0.9522039 -0.1722536 -0.2299278 -0.9386934 -0.2568814 -0.1262055 -0.976935 -0.1722502 -0.105876 -0.9606223 -0.2568954 0 -0.9801402 -0.1983065 0 -0.9664304 -0.2569289 -0.9940671 -0.1087692 -7.28304e-6 -1 0 1.98965e-5 -0.971471 -0.237159 -8.56231e-6 -0.9321746 -0.3620093 -1.28058e-5 -0.876861 -0.4807441 -1.84854e-5 -0.8067582 -0.5908817 -1.83097e-5 -0.7224361 -0.6914377 4.59088e-6 -0.6262735 -0.7796034 6.85243e-6 -0.5187448 -0.8549292 7.55863e-7 -0.4031249 -0.915145 9.91821e-7 -0.2798001 -0.9600583 4.32839e-7 -0.1524159 -0.9883165 1.53735e-5 0 -1 1.19351e-5 0.9664222 1.13808e-5 -0.2569597 0.9552671 -0.1465818 -0.2568628 0.9762828 -0.131141 -0.1722617 0.9890192 9.97204e-6 -0.1477876 0.9280495 -0.2696937 -0.2568843 0.9509074 -0.2571104 -0.1722484 0.8847279 -0.3889022 -0.2569277 0.9091079 -0.3792906 -0.1722251 0.826614 -0.5007017 -0.256919 0.8518981 -0.4945694 -0.1722524 0.7539071 -0.6046553 -0.2569359 0.7799751 -0.6016404 -0.1722434 0.6687699 -0.6976667 -0.2569202 0.694778 -0.6982924 -0.1722538 0.5716546 -0.7792273 -0.2569358 0.5976186 -0.7830612 -0.172242 0.4652671 -0.8470657 -0.2569169 0.4902614 -0.8543843 -0.1722532 0.3505558 -0.9006103 -0.2569277 0.3746007 -0.9110487 -0.1722341 0.2299379 -0.9386821 -0.2569134 0.2522642 -0.9522028 -0.1722576 0.105876 -0.9606223 -0.2568952 0.1262221 -0.9769315 -0.1722581 0.9940683 -0.1087582 0 0.9714682 -0.2371698 -1.13733e-5 0.9321745 -0.3620095 -4.58304e-6 0.876861 -0.4807443 -2.08151e-6 0.8067614 -0.5908775 1.30292e-5 0.7224323 -0.6914417 8.03638e-6 0.6262732 -0.7796037 1.23577e-5 0.5187958 -0.8548983 1.82297e-5 0.403125 -0.9151449 1.79484e-5 0.279784 -0.960063 6.63288e-6 0.1524268 -0.9883148 1.22022e-5 -0.9552534 0.1465684 -0.2569216 -0.9762818 0.1311733 -0.1722429 -0.9280315 0.269697 -0.256946 -0.9509146 0.2570621 -0.1722804 -0.8847395 0.3889106 -0.2568749 -0.909107 0.3792746 -0.1722659 -0.826622 0.5007002 -0.2568958 -0.8519132 0.4945454 -0.1722471 -0.75392 0.6046541 -0.2569013 -0.7799867 0.6016244 -0.1722471 -0.6687762 0.6976732 -0.2568863 -0.6947762 0.6982936 -0.1722564 -0.5716584 0.7792388 -0.2568924 -0.5976212 0.7830485 -0.1722909 -0.4652373 0.8471 -0.2568584 -0.4902444 0.8543963 -0.1722423 -0.3506001 0.9005995 -0.256905 -0.374583 0.911054 -0.172245 -0.2299265 0.9386723 -0.2569599 -0.2522679 0.9522075 -0.1722269 -0.1883053 0.9480423 -0.2564316 -0.9940658 0.1087806 5.94091e-6 -0.9714705 0.2371605 -1.65775e-6 -0.932177 0.362003 -1.91666e-6 -0.8768619 0.4807425 1.90642e-6 -0.8067639 0.590874 -8.70787e-7 -0.7224357 0.6914383 -3.31085e-6 -0.6262696 0.7796066 -2.01538e-6 -0.518751 0.8549254 -1.20448e-5 -0.4031187 0.9151477 -6.21099e-6 -0.279785 0.9600628 8.12113e-7 -0.1524682 0.9883084 1.72481e-6 -8.01737e-6 1 -2.44768e-5 0.9762846 0.13115 -0.1722448 0.9552715 0.1465721 -0.2568523 0.9509127 0.2570742 -0.1722735 0.9280445 0.2697055 -0.2568897 0.9091047 0.3792836 -0.1722573 0.8847489 0.3889169 -0.2568328 0.8519056 0.4945626 -0.1722348 0.8266231 0.5007113 -0.2568705 0.7799779 0.6016372 -0.172242 0.7539197 0.6046543 -0.2569015 0.6947769 0.6982928 -0.1722565 0.6687762 0.6976732 -0.2568863 0.597618 0.7830611 -0.1722444 0.5716584 0.7792388 -0.2568925 0.4902596 0.8543864 -0.1722487 0.4652506 0.8470976 -0.2568417 0.3745813 0.9110552 -0.1722421 0.3505915 0.9006119 -0.2568733 0.2522763 0.9522047 -0.1722294 0.2299463 0.9386741 -0.2569354 0.1883089 0.9480609 -0.2563601 0.9940673 0.1087667 -1.99608e-5 0.9714701 0.2371624 -2.42875e-5 0.9321768 0.3620035 -2.40625e-5 0.8768638 0.4807389 -4.62994e-6 0.8067585 0.5908814 1.4588e-6 0.7224362 0.6914377 1.2588e-6 0.6262692 0.7796069 7.40439e-7 0.5187511 0.8549255 -9.65606e-6 0.4031237 0.9151455 -1.69948e-5 0.2797799 0.9600642 -6.63024e-6 0.1524763 0.9883071 -1.89193e-5 -4.36963e-7 0 -1 -3.49512e-7 0 -1 4.16085e-7 0 -1 3.32817e-7 0 -1 5.24283e-7 0 -1 -6.65754e-7 0 -1 -4.99279e-7 0 -1 6.65705e-7 0 -1 -3.49522e-7 0 -1 -3.32849e-7 0 -1 -6.99045e-7 0 -1 6.65754e-7 0 -1 6.65705e-7 0 -1 -6.65705e-7 0 -1 3.32849e-7 0 -1 -1.398e-6 0 -1 1.33137e-6 0 -1 -6.9909e-7 0 -1 1.33133e-6 0 -1 6.65761e-7 0 -1 6.99126e-7 0 -1 -6.6585e-7 0 -1 -1.66448e-7 0 -1 -5.24345e-7 0 -1 8.73752e-7 0 -1 -8.32106e-7 0 -1 8.73863e-7 0 -1 -8.32079e-7 0 -1 -1.66452e-7 0 -1 1.74775e-7 0 -1 -6.65761e-7 0 -1 -1.66453e-7 0 -1 -3.49563e-7 0 -1 3.32925e-7 0 -1 0.6233032 0.7700103 -0.136299 0.5889251 0.7966076 -0.1363221 0.5178375 0.8445515 -0.1362984 0.4802016 0.8665 -0.1363238 0.4031133 0.9049419 -0.1363075 0.3626072 0.9219165 -0.1363306 0.2813085 0.9498881 -0.1363015 0.2395091 0.9612756 -0.1363256 0.1552773 0.9784215 -0.1363098 0.1116097 0.9843557 -0.1363352 0.025747 0.9903326 -0.1363028 -0.01757043 0.9905081 -0.136327 -0.1033319 0.9852622 -0.136312 -0.1470449 0.979689 -0.1363353 -0.2315701 0.9632223 -0.1363013 -0.2734521 0.9521761 -0.1363257 -0.3548916 0.9249175 -0.1363075 -0.395535 0.9082764 -0.1363303 -0.4729893 0.8704615 -0.1363011 -0.5108031 0.8488205 -0.1363236 -0.5822879 0.8014759 -0.1362982 -0.6168868 0.7751561 -0.1363225 -0.9664202 1.68027e-5 0.2569673 -0.9552606 -0.1465686 0.2568949 -0.9762811 -0.1311584 0.1722583 -0.9890163 6.51328e-6 0.1478068 -0.9280495 -0.2696937 0.2568843 -0.9509104 -0.2570937 0.1722562 -0.8847279 -0.3889022 0.2569277 -0.9091079 -0.3792906 0.1722251 -0.826614 -0.5007017 0.256919 -0.8518981 -0.4945694 0.1722524 -0.7539181 -0.6046484 0.2569198 -0.7799862 -0.6016244 0.1722494 -0.6687785 -0.697676 0.2568726 -0.6947891 -0.6982808 0.1722562 -0.57165 -0.7792415 0.2569032 -0.5976043 -0.7830744 0.1722311 -0.4652671 -0.8470657 0.2569169 -0.4902464 -0.8543944 0.1722459 -0.3505693 -0.9006097 0.2569113 -0.374617 -0.9110409 0.1722405 -0.229941 -0.9386941 0.256867 -0.2522802 -0.9521981 0.1722602 -0.1058646 -0.9606322 0.2568631 -0.1262045 -0.9769359 0.1722464 0 -0.9664304 0.2569289 -1.0645e-6 -0.9801428 0.1982929 0.9762832 -0.1311532 0.1722502 0.9552639 -0.1465743 0.2568792 0.9664222 2.96246e-5 0.2569596 0.989023 2.65284e-5 0.1477611 0.9509069 -0.2571094 0.1722524 0.9280447 -0.2696794 0.2569167 0.9091105 -0.3792598 0.1722788 0.8847279 -0.3889022 0.2569277 0.8519058 -0.4945538 0.1722588 0.826624 -0.5006933 0.2569031 0.779976 -0.6016405 0.1722392 0.7539058 -0.6046702 0.2569047 0.6947779 -0.6982926 0.1722529 0.6687818 -0.6976612 0.2569044 0.5976311 -0.7830511 0.1722445 0.5716626 -0.7792375 0.256887 0.4902613 -0.8543854 0.1722484 0.4652733 -0.8470767 0.2568695 0.3745847 -0.9110575 0.1722225 0.3505474 -0.9006227 0.2568956 0.2522636 -0.952203 0.1722573 0.2299512 -0.9386834 0.2568969 0.1262208 -0.9769324 0.1722544 0.1058646 -0.9606317 0.2568649 -0.9762808 0.1311905 0.1722352 -0.9552534 0.1465684 0.2569217 -0.9509145 0.2570626 0.1722806 -0.9280315 0.269697 0.256946 -0.9091095 0.3792893 0.1722199 -0.884739 0.3889105 0.2568768 -0.8519131 0.4945453 0.172247 -0.8266219 0.5007003 0.2568958 -0.7799852 0.6016263 0.1722469 -0.753919 0.6046547 0.2569026 -0.694776 0.6982938 0.1722564 -0.668776 0.6976721 0.2568897 -0.5976108 0.7830575 0.1722858 -0.5716483 0.7792414 0.256907 -0.4902442 0.8543961 0.1722441 -0.4652431 0.8470888 0.256884 -0.3745846 0.9110609 0.172205 -0.3506001 0.9005995 0.2569049 -0.2522676 0.9522075 0.1722269 -0.2299264 0.9386723 0.2569599 -0.1883052 0.9480421 0.2564319 0.9552563 0.1465495 0.2569214 0.9762832 0.1311686 0.1722382 0.9280315 0.269697 0.256946 0.9509146 0.2570621 0.1722804 0.8847457 0.3889035 0.256864 0.9091136 0.3792772 0.1722248 0.826623 0.5007114 0.2568708 0.8519137 0.4945459 0.1722424 0.75392 0.6046541 0.2569013 0.779978 0.6016238 0.1722875 0.6687762 0.6976732 0.2568863 0.6947762 0.6982936 0.1722564 0.571648 0.7792419 0.2569065 0.5976062 0.7830713 0.1722395 0.4652431 0.8470888 0.2568843 0.490244 0.8543962 0.1722442 0.3506001 0.9005995 0.256905 0.3745927 0.9110489 0.1722509 0.2299265 0.9386723 0.2569599 0.2522679 0.9522075 0.1722269 0.1883053 0.9480423 0.2564316 6.99045e-7 0 1 -6.65754e-7 0 1 -6.65705e-7 0 1 6.65705e-7 0 1 -3.32849e-7 0 1 4.36971e-7 0 1 3.49512e-7 0 1 -4.16085e-7 0 1 -3.32817e-7 0 1 -5.24283e-7 0 1 6.65754e-7 0 1 4.99279e-7 0 1 -6.65705e-7 0 1 3.49522e-7 0 1 3.32849e-7 0 1 5.24354e-7 0 1 -8.73752e-7 0 1 8.32106e-7 0 1 -8.73863e-7 0 1 8.32079e-7 0 1 1.66452e-7 0 1 -1.74775e-7 0 1 6.65761e-7 0 1 1.66453e-7 0 1 3.49563e-7 0 1 -3.32925e-7 0 1 1.398e-6 0 1 -1.33137e-6 0 1 6.9909e-7 0 1 -1.33133e-6 0 1 -6.65761e-7 0 1 -6.99126e-7 0 1 6.6585e-7 0 1 1.66448e-7 0 1 0.5889127 0.7965903 0.1364771 0.6233048 0.7699685 0.1365279 0.4801915 0.866481 0.1364809 0.5178207 0.8445246 0.1365286 0.3625994 0.9218959 0.1364905 0.4031001 0.9049129 0.1365393 0.2395042 0.9612549 0.1364798 0.2812995 0.9498583 0.1365278 0.1116075 0.9843336 0.1364954 0.1552721 0.9783896 0.136545 -0.01756978 0.9904869 0.1364813 0.02574598 0.9903015 0.136529 -0.1470413 0.9796672 0.1364957 -0.1033288 0.9852303 0.1365448 -0.2734459 0.9521557 0.1364802 -0.231563 0.963192 0.1365274 -0.3955259 0.9082564 0.1364907 -0.3548804 0.9248876 0.1365393 -0.5107917 0.8488021 0.1364805 -0.4729745 0.8704338 0.1365291 -0.616912 0.7751085 0.1364792 -0.582293 0.8014334 0.1365261 -0.9997591 -0.02194792 0 -0.9997591 0.02194803 0 -0.9940401 -0.1090155 0 -0.9883536 -0.1521753 0 -0.9714097 -0.2374091 0 -0.9601312 -0.27955 0 -0.9320825 -0.3622462 0 -0.9152685 -0.4028443 0 -0.8767201 -0.4810011 0 -0.8550496 -0.5185465 0 -0.8066026 -0.5910942 0 -0.7797708 -0.6260652 0 -0.7222675 -0.6916139 0 -0.6916135 -0.7222678 0 -0.6260656 -0.7797704 0 -0.5910946 -0.8066024 0 -0.5185465 -0.8550496 0 -0.4810013 -0.87672 0 -0.4028863 -0.91525 0 -0.3622458 -0.9320826 0 -0.2795504 -0.9601311 0 -0.2374091 -0.9714097 0 -0.1521756 -0.9883536 0 -0.1090155 -0.9940401 0 -0.02194797 -0.9997591 0 0.02194797 -0.9997591 0 0.1090155 -0.9940401 0 0.1521756 -0.9883536 0 0.2374545 -0.9713987 0 0.2795504 -0.9601311 0 0.3622458 -0.9320826 0 0.4028863 -0.91525 0 0.4810013 -0.87672 0 0.5185465 -0.8550496 0 0.5910946 -0.8066024 0 0.6260656 -0.7797704 0 0.6916135 -0.7222678 0 0.7222675 -0.6916139 0 0.7797708 -0.6260652 0 0.8066026 -0.5910942 0 0.8550496 -0.5185465 0 0.8767201 -0.4810011 0 0.9152685 -0.4028443 0 0.9320825 -0.3622462 0 0.9601312 -0.27955 0 0.9714097 -0.2374091 0 0.9883536 -0.1521753 0 0.9940401 -0.1090155 0 0.9997591 -0.02194792 0 0.9997591 0.02194803 0 0.9940401 0.1090154 0 0.9883536 0.1521752 0 0.9714098 0.2374089 0 0.9601312 0.2795498 0 0.9320825 0.3622462 0 0.9152685 0.4028443 0 0.8767202 0.4810009 0 0.8550496 0.5185462 0 0.8066027 0.591094 0 0.7797709 0.626065 0 0.7222676 0.6916137 0 0.6916137 0.7222676 0 0.6260647 0.7797712 0 0.5910936 0.806603 0 0.5185463 0.8550497 0 0.481001 0.8767201 0 0.4028448 0.9152683 0 0.3622469 0.9320822 0 0.27955 0.9601312 0 0.2374087 0.9714098 0 0.1521751 0.9883536 0 0.1090151 0.9940402 0 0.02194797 0.9997591 0 -0.02194797 0.9997591 0 -0.1090151 0.9940402 0 -0.1521751 0.9883536 0 -0.2374087 0.9714098 0 -0.27955 0.9601312 0 -0.3622469 0.9320822 0 -0.4028448 0.9152683 0 -0.481001 0.8767201 0 -0.5185463 0.8550497 0 -0.5910936 0.806603 0 -0.6260647 0.7797712 0 -0.6916137 0.7222676 0 -0.7222676 0.6916137 0 -0.7797709 0.626065 0 -0.8066027 0.591094 0 -0.8550496 0.5185462 0 -0.8767202 0.4810009 0 -0.9152685 0.4028443 0 -0.9320825 0.3622462 0 -0.9601312 0.2795498 0 -0.9714098 0.2374089 0 -0.9883536 0.1521752 0 -0.9940401 0.1090154 0 -0.9940401 -0.1090155 -8.28426e-7 -0.9997591 0.02194803 1.07149e-5 -0.9997591 -0.02194792 -8.61513e-6 -0.9883536 -0.1521753 0 -0.9714097 -0.2374091 0 -0.9601312 -0.27955 0 -0.9320825 -0.3622462 8.43019e-6 -0.9152685 -0.4028443 -8.61498e-6 -0.8767201 -0.481001 0 -0.8550495 -0.5185465 -8.30791e-6 -0.8066026 -0.5910941 9.72434e-6 -0.7797708 -0.6260652 8.38809e-7 -0.7222675 -0.6916139 1.03907e-5 -0.6916135 -0.7222678 0 -0.6260656 -0.7797704 0 -0.5910946 -0.8066023 8.3881e-7 -0.5185465 -0.8550494 0 -0.4810014 -0.87672 0 -0.4028863 -0.91525 8.63331e-6 -0.3622458 -0.9320826 -8.6333e-6 -0.2795504 -0.9601311 0 -0.2374092 -0.9714097 0 -0.1521756 -0.9883535 0 -0.1090155 -0.9940401 0 -0.02194797 -0.9997591 8.61513e-6 0.02194797 -0.9997591 -8.61513e-6 0.1090155 -0.9940401 0 0.1521756 -0.9883535 0 0.2374545 -0.9713987 0 0.2795504 -0.9601311 0 0.3622458 -0.9320826 8.6333e-6 0.4028863 -0.91525 -8.63331e-6 0.4810014 -0.87672 0 0.5185465 -0.8550494 0 0.5910946 -0.8066023 -8.3881e-7 0.6260656 -0.7797704 0 0.6916135 -0.7222678 0 0.7222675 -0.6916139 -1.03907e-5 0.7797708 -0.6260652 -8.38809e-7 0.8066026 -0.5910941 -9.72434e-6 0.8550495 -0.5185465 8.30791e-6 0.8767201 -0.481001 0 0.9152685 -0.4028443 8.61498e-6 0.9320825 -0.3622462 -8.43019e-6 0.9601312 -0.27955 0 0.9714097 -0.2374091 0 0.9883536 -0.1521753 0 0.9940401 -0.1090155 8.28426e-7 0.9997591 -0.02194792 8.61513e-6 0.9997591 0.02194803 -1.07149e-5 0.9940401 0.1090154 0 0.9883536 0.1521752 -8.3429e-6 0.9714098 0.2374089 0 0.9601312 0.2795498 0 0.9320825 0.3622462 8.43019e-6 0.9152685 0.4028443 -8.61498e-6 0.8767202 0.4810009 0 0.8550496 0.5185462 0 0.8066027 0.591094 0 0.7797709 0.626065 0 0.7222676 0.6916137 1.93106e-7 0.6916137 0.7222676 -1.93106e-7 0.6260647 0.7797712 1.07595e-5 0.5910936 0.806603 0 0.5185462 0.8550497 7.48623e-6 0.481001 0.8767201 8.24951e-7 0.4028448 0.9152683 8.4123e-6 0.3622469 0.9320822 -1.07375e-5 0.27955 0.9601312 -8.30162e-7 0.2374087 0.9714098 8.30163e-7 0.1521751 0.9883536 8.3429e-6 0.1090151 0.9940402 0 0.02194797 0.9997591 8.61513e-6 -0.02194797 0.9997591 -8.61513e-6 -0.1090151 0.9940402 0 -0.1521751 0.9883536 -8.3429e-6 -0.2374087 0.9714098 -8.30163e-7 -0.27955 0.9601312 8.30162e-7 -0.3622469 0.9320822 1.07375e-5 -0.4028448 0.9152683 -8.4123e-6 -0.481001 0.8767201 -8.24951e-7 -0.5185462 0.8550497 -7.48623e-6 -0.5910936 0.806603 0 -0.6260647 0.7797712 -1.07595e-5 -0.6916137 0.7222676 1.93106e-7 -0.7222676 0.6916137 -1.93106e-7 -0.7797709 0.626065 0 -0.8066027 0.591094 0 -0.8550496 0.5185462 0 -0.8767202 0.4810009 0 -0.9152685 0.4028443 8.61498e-6 -0.9320825 0.3622462 -8.43019e-6 -0.9601312 0.2795498 0 -0.9714098 0.2374089 0 -0.9883536 0.1521752 8.3429e-6 -0.9940401 0.1090154 0 -0.999759 -0.02195239 0 -0.999759 0.02195256 0 -0.9940351 -0.1090601 0 -0.9883532 -0.152178 0 -0.9714104 -0.2374067 0 -0.9601304 -0.2795524 0 -0.9320671 -0.3622859 0 -0.9152671 -0.4028477 0 -0.8767208 -0.4809997 0 -0.8550487 -0.5185477 0 -0.8066057 -0.59109 0 -0.7797677 -0.6260691 0 -0.7222686 -0.6916127 0 -0.6916123 -0.7222691 0 -0.6260694 -0.7797675 0 -0.5910907 -0.8066051 0 -0.518548 -0.8550485 0 -0.4810004 -0.8767204 0 -0.4028467 -0.9152675 0 -0.3622851 -0.9320673 0 -0.2795518 -0.9601306 0 -0.2374055 -0.9714107 0 -0.1521784 -0.9883531 0 -0.1090139 -0.9940403 0 -0.02195191 -0.999759 0 0.02195191 -0.999759 0 0.1090139 -0.9940403 0 0.1521784 -0.9883531 0 0.2374055 -0.9714107 0 0.2795518 -0.9601306 0 0.3622851 -0.9320673 0 0.4028467 -0.9152675 0 0.4810004 -0.8767204 0 0.518548 -0.8550485 0 0.5910907 -0.8066051 0 0.6260694 -0.7797675 0 0.6916123 -0.7222691 0 0.7222686 -0.6916127 0 0.7797677 -0.6260691 0 0.8066057 -0.59109 0 0.8550487 -0.5185477 0 0.8767208 -0.4809997 0 0.9152671 -0.4028477 0 0.9320671 -0.3622859 0 0.9601304 -0.2795524 0 0.9714104 -0.2374067 0 0.9883532 -0.152178 0 0.9940351 -0.1090601 0 0.999759 -0.02195239 0 0.999759 0.02195256 0 0.9940352 0.1090597 0 0.9883532 0.1521776 0 0.9714104 0.2374066 0 0.9601305 0.2795523 0 0.932084 0.3622425 0 0.9152669 0.4028481 0 0.8767208 0.4809997 0 0.8550487 0.5185477 0 0.8066059 0.5910897 0 0.7797679 0.6260688 0 0.7222692 0.6916121 0 0.6916129 0.7222684 0 0.6260682 0.7797685 0 0.5910894 0.8066062 0 0.5185477 0.8550487 0 0.481 0.8767207 0 0.4028488 0.9152666 0 0.3622434 0.9320836 0 0.2795523 0.9601305 0 0.2374061 0.9714106 0 0.1521772 0.9883533 0 0.1090127 0.9940404 0 0.02195191 0.999759 0 -0.02195191 0.999759 0 -0.1090127 0.9940404 0 -0.1521772 0.9883533 0 -0.2374061 0.9714106 0 -0.2795523 0.9601305 0 -0.3622434 0.9320836 0 -0.4028488 0.9152666 0 -0.481 0.8767207 0 -0.5185477 0.8550487 0 -0.5910894 0.8066062 0 -0.6260682 0.7797685 0 -0.6916129 0.7222684 0 -0.7222692 0.6916121 0 -0.7797679 0.6260688 0 -0.8066059 0.5910897 0 -0.8550487 0.5185477 0 -0.8767208 0.4809997 0 -0.9152669 0.4028481 0 -0.932084 0.3622425 0 -0.9601305 0.2795523 0 -0.9714104 0.2374066 0 -0.9883532 0.1521776 0 -0.9940352 0.1090597 0 -0.6257987 -0.7799847 0 -0.6590767 -0.7520759 0 -0.6590771 -0.7520755 0 -0.5912744 -0.8064705 0 -0.5190149 -0.8547653 0 -0.481251 -0.8765829 0 -0.4029024 -0.915243 0 -0.3623307 -0.9320496 0 -0.2797963 -0.9600594 0 -0.2379595 -0.9712752 0 -0.1523554 -0.9883257 0 -0.1086679 -0.9940782 0 -0.02165669 -0.9997655 0 0.02165669 -0.9997655 0 0.1086679 -0.9940782 0 0.1523554 -0.9883257 0 0.2379595 -0.9712752 0 0.2797963 -0.9600594 0 0.3623307 -0.9320496 0 0.4029024 -0.915243 0 0.481251 -0.8765829 0 0.5190149 -0.8547653 0 0.5912744 -0.8064705 0 0.6257987 -0.7799847 0 0.6590771 -0.7520755 0 0.6590767 -0.7520759 0 -0.6590771 0.7520755 0 -0.6590767 0.7520759 0 -0.6257991 0.7799842 -1.93829e-7 -0.591275 0.80647 8.33912e-6 -0.5190148 0.8547652 0 -0.481251 0.8765829 8.35824e-6 -0.4029017 0.9152433 -7.58371e-6 -0.3623301 0.9320499 1.07195e-5 -0.2797963 0.9600594 0 -0.2379595 0.9712752 0 -0.1523554 0.9883257 -8.43537e-6 -0.1086679 0.9940782 0 -0.02165669 0.9997655 -8.50078e-6 0.02165669 0.9997655 8.50078e-6 0.1086679 0.9940782 0 0.1523554 0.9883257 8.43537e-6 0.2379595 0.9712752 0 0.2797963 0.9600594 0 0.3623301 0.9320499 -1.07195e-5 0.4029017 0.9152433 7.58371e-6 0.481251 0.8765829 -8.35824e-6 0.5190148 0.8547652 0 0.591275 0.80647 -8.33912e-6 0.6257991 0.7799842 1.93829e-7 0.6590771 0.7520755 0 0.6590767 0.7520759 0 -4.04673e-6 0 -1 2.6641e-6 0 -1 4.04673e-6 0 1 -2.6641e-6 0 1 0.999759 0.02195268 0 0.999759 -0.02195233 0 0.9940403 0.1090132 0 0.9883532 0.1521777 0 0.9714105 0.2374063 0 0.9601306 0.279552 0 0.9320671 0.3622859 0 0.9152671 0.4028477 0 0.8767211 0.4809992 0 0.8550491 0.5185471 0 0.8066055 0.5910901 0 0.7797676 0.6260692 0 0.7222694 0.6916119 0 0.691613 0.7222684 0 0.6260684 0.7797681 0 0.5910897 0.8066058 0 0.4809986 0.8767214 0 0.4028499 0.9152661 0 0.3622445 0.9320831 0 0.279554 0.96013 0 0.2374078 0.9714101 0 0.152176 0.9883534 0 0.1090582 0.9940354 0 0.02195191 0.999759 0 -0.02195191 0.999759 0 -0.1090582 0.9940354 0 -0.152176 0.9883534 0 -0.2374078 0.9714101 0 -0.279554 0.96013 0 -0.3622445 0.9320831 0 -0.4028499 0.9152661 0 -0.4809986 0.8767214 0 -0.5910897 0.8066058 0 -0.6260684 0.7797681 0 -0.691613 0.7222684 0 -0.7222694 0.6916119 0 -0.7797676 0.6260692 0 -0.8066055 0.5910901 0 -0.8550491 0.5185471 0 -0.8767211 0.4809992 0 -0.9152671 0.4028477 0 -0.9320671 0.3622859 0 -0.9601306 0.279552 0 -0.9714105 0.2374063 0 -0.9883532 0.1521777 0 -0.9940403 0.1090132 0 -0.999759 0.02195268 0 -0.999759 -0.02195233 0 -0.8767205 -0.4810004 0 -0.8550484 -0.5185483 0 -0.8066058 -0.59109 0 -0.7797677 -0.626069 0 -0.7222691 -0.6916122 0 -0.6916128 -0.7222685 0 -0.6260702 -0.7797669 0 -0.5910915 -0.8066046 0 -0.5185478 -0.8550486 0 -0.4810003 -0.8767206 0 -0.4028457 -0.9152679 0 -0.362284 -0.9320678 0 -0.2374511 -0.9713995 0 -0.1090606 -0.9940352 0 0.1090606 -0.9940352 0 0.2374511 -0.9713995 0 0.362284 -0.9320678 0 0.4028457 -0.9152679 0 0.4810003 -0.8767206 0 0.5185478 -0.8550486 0 0.5910915 -0.8066046 0 0.6260702 -0.7797669 0 0.6916128 -0.7222685 0 0.7222691 -0.6916122 0 0.7797677 -0.626069 0 0.8066058 -0.59109 0 0.8550484 -0.5185483 0 0.8767205 -0.4810004 0 0.9997591 0.02194809 0 0.9997591 -0.02194786 0 0.8767201 0.4810011 0 0.8550496 0.5185465 0 0.8066026 0.5910942 0 0.7797708 0.6260652 0 0.7222684 0.691613 0 0.6916144 0.7222669 0 0.6260643 0.7797715 0 0.5910933 0.8066033 0 0.518546 0.8550497 0 0.4810008 0.8767203 0 0.4028451 0.9152682 0 0.3622474 0.9320821 0 0.2795504 0.9601311 0 0.2374092 0.9714097 0 0.1521756 0.9883536 0 0.1090155 0.9940401 0 0.02194797 0.9997591 0 -0.02194797 0.9997591 0 -0.1090155 0.9940401 0 -0.1521756 0.9883536 0 -0.2374092 0.9714097 0 -0.2795504 0.9601311 0 -0.3622474 0.9320821 0 -0.4028451 0.9152682 0 -0.4810008 0.8767203 0 -0.518546 0.8550497 0 -0.5910933 0.8066033 0 -0.6260643 0.7797715 0 -0.6916144 0.7222669 0 -0.7222684 0.691613 0 -0.7797708 0.6260652 0 -0.8066026 0.5910942 0 -0.8550496 0.5185465 0 -0.8767201 0.4810011 0 -0.9997591 0.02194809 0 -0.9997591 -0.02194786 0 -0.9940401 -0.1090157 0 -0.9883536 -0.1521754 0 -0.9714097 -0.2374092 0 -0.9601312 -0.2795503 0 -0.5185458 -0.85505 0 -0.4810006 -0.8767203 0 -0.4028437 -0.9152688 0 -0.3622459 -0.9320826 0 -0.2795503 -0.9601311 0 -0.2374091 -0.9714097 0 -0.1521757 -0.9883535 0 -0.02194797 -0.9997591 0 0.02194797 -0.9997591 0 0.1521757 -0.9883535 0 0.2374091 -0.9714097 0 0.2795503 -0.9601311 0 0.3622459 -0.9320826 0 0.4028437 -0.9152688 0 0.4810006 -0.8767203 0 0.5185458 -0.85505 0 0.9601312 -0.2795503 0 0.9714097 -0.2374092 0 0.9883536 -0.1521754 0 0.9940401 -0.1090157 0 -0.6590765 0.752076 0 -0.6590768 0.7520757 0 -0.6257976 0.7799856 -9.59963e-6 -0.5912733 0.8064714 -8.28052e-7 -0.5190111 0.8547676 -8.35825e-6 -0.4812474 0.8765849 0 -0.4029005 0.9152439 -8.61886e-6 -0.3623287 0.9320505 9.68821e-6 -0.2797996 0.9600585 -8.30091e-6 -0.2379629 0.9712743 8.3009e-6 -0.1523593 0.9883252 8.37609e-7 -0.1086717 0.9940778 7.61802e-6 -0.02165669 0.9997655 -8.5008e-6 0.02165669 0.9997655 8.5008e-6 0.1086717 0.9940778 -7.61802e-6 0.1523593 0.9883252 -8.37609e-7 0.2379629 0.9712743 -8.3009e-6 0.2797996 0.9600585 0 0.3623287 0.9320505 -9.68821e-6 0.4029005 0.9152439 8.61886e-6 0.4812474 0.8765849 0 0.5190111 0.8547676 8.35825e-6 0.5912733 0.8064714 8.28052e-7 0.6257976 0.7799856 9.59963e-6 0.6590765 0.752076 0 0.6590768 0.7520757 0 -0.6257977 0.7799856 0 -0.5912733 0.8064714 0 -0.5190111 0.8547676 0 -0.4812474 0.8765849 0 -0.4029005 0.9152439 0 -0.3623287 0.9320505 0 -0.2797996 0.9600585 0 -0.2379629 0.9712743 0 -0.1523594 0.9883252 0 -0.1086717 0.9940778 0 -0.02165669 0.9997655 0 0.02165669 0.9997655 0 0.1086717 0.9940778 0 0.1523594 0.9883252 0 0.2379629 0.9712743 0 0.2797996 0.9600585 0 0.3623287 0.9320505 0 0.4029005 0.9152439 0 0.4812474 0.8765849 0 0.5190111 0.8547676 0 0.5912733 0.8064714 0 0.6257977 0.7799856 0 -0.6257844 -0.779996 0 -0.6590769 -0.7520755 0 -0.59125 -0.8064883 0 -0.5189993 -0.8547748 0 -0.4812669 -0.8765741 0 -0.4029312 -0.9152303 0 -0.3623001 -0.9320615 0 -0.2798246 -0.9600512 0 -0.23793 -0.9712823 0 -0.152388 -0.9883208 0 -0.1086847 -0.9940763 0 -0.02168661 -0.9997649 0 0.02168661 -0.9997649 0 0.1086847 -0.9940763 0 0.152388 -0.9883208 0 0.23793 -0.9712823 0 0.2798246 -0.9600512 0 0.3623001 -0.9320615 0 0.4029312 -0.9152303 0 0.4812669 -0.8765741 0 0.5189993 -0.8547748 0 0.59125 -0.8064883 0 0.6257844 -0.779996 0 0.6590769 -0.7520755 0 -0.6914228 0.7224504 1.95462e-7 -0.7224504 0.6914228 -9.68051e-6 -0.6257851 0.7799956 0 -0.5912507 0.8064879 0 -0.518997 0.8547761 0 -0.4812646 0.8765754 0 -0.4029302 0.9152308 -1.31521e-5 -0.3622992 0.9320619 1.07352e-5 -0.2798265 0.9600506 0 -0.2379319 0.9712818 8.31239e-6 -0.1523892 0.9883205 0 -0.1086859 0.9940762 0 -0.02168661 0.9997649 -8.51253e-6 0.02168661 0.9997649 8.51253e-6 0.1086859 0.9940762 0 0.1523892 0.9883205 0 0.2379319 0.9712818 -8.31239e-6 0.2798265 0.9600506 0 0.3622992 0.9320619 -1.07352e-5 0.4029302 0.9152308 1.31521e-5 0.4812646 0.8765754 0 0.518997 0.8547761 0 0.5912507 0.8064879 0 0.6257851 0.7799956 0 0.6914228 0.7224504 -1.95462e-7 0.7224504 0.6914228 9.68051e-6 -1.09523e-5 0 -1 4.04673e-6 0 -1 -0.6590775 -0.7520751 0 -0.6590766 -0.7520759 0 -0.6257881 -0.7799931 1.93707e-7 -0.5912859 -0.8064621 -1.93707e-7 -0.5190032 -0.8547723 0 -0.4812631 -0.8765764 0 -0.402934 -0.9152292 0 -0.3622972 -0.9320627 8.37028e-7 -0.2798299 -0.9600496 0 -0.2379246 -0.9712836 0 -0.1523905 -0.9883204 1.05667e-5 -0.1086822 -0.9940766 8.38941e-7 -0.02164316 -0.9997658 8.49548e-6 0.02164316 -0.9997658 -8.49548e-6 0.1086822 -0.9940766 7.61318e-6 0.1523905 -0.9883204 -1.05667e-5 0.2379246 -0.9712836 0 0.2798299 -0.9600496 0 0.3622972 -0.9320627 -8.37028e-7 0.402934 -0.9152292 0 0.4812631 -0.8765764 0 0.5190032 -0.8547723 0 0.5912859 -0.8064621 1.93707e-7 0.6257881 -0.7799931 -1.93707e-7 0.6590775 -0.7520751 0 0.6590766 -0.7520759 0 0.9999997 -8.623e-4 0 0.9999576 -0.009211421 0 0.999995 -0.00316888 0 0.9999951 -0.003163278 -1.62736e-7 -0.9999997 -8.623e-4 0 -0.9999576 -0.009211421 0 -0.999995 -0.00316888 0 -0.9999951 -0.003163278 1.62736e-7 1.09523e-5 0 1 -4.04673e-6 0 1 0.9940577 -0.1088557 0 0.988366 -0.1520947 0 0.9714021 -0.237441 0 0.96014 -0.2795197 0 0.9320773 -0.3622596 0 0.9152562 -0.4028723 0 0.8767233 -0.4809951 0 0.8550466 -0.5185512 0 0.8065971 -0.5911017 0 0.7797749 -0.6260601 0 0.7222707 -0.6916105 0 0.6916109 -0.7222703 0 0.6260586 -0.7797762 0 0.5911032 -0.806596 0 0.518549 -0.8550479 0 0.480997 -0.8767223 0 0.4028718 -0.9152565 0 0.3622597 -0.9320773 0 0.2795197 -0.9601401 0 0.2374411 -0.9714021 0 0.1521884 -0.9883515 0 0.1090523 -0.994036 0 0.00924766 -0.9999573 9.44901e-6 0.003166556 -0.999995 0 6.08874e-7 0 -1 -4.56655e-7 0 -1 -6.08874e-7 0 -1 4.56656e-7 0 -1 0.02194792 -0.9997591 0 -0.02194797 -0.9997591 0 0.1090151 -0.9940401 0 0.1521754 -0.9883536 0 0.2374089 -0.9714098 0 0.2795504 -0.9601311 0 0.3622464 -0.9320824 0 0.4028443 -0.9152686 0 0.481001 -0.8767201 0 0.5185464 -0.8550496 0 0.5910941 -0.8066026 0 0.6260653 -0.7797706 0 0.6916139 -0.7222675 0 0.7222678 -0.6916135 0 0.7797703 -0.6260657 0 0.8066023 -0.5910945 0 0.85505 -0.5185458 0 0.8767199 -0.4810014 0 0.9152498 -0.4028869 0 0.9320825 -0.3622462 0 0.9601307 -0.2795516 0 0.971399 -0.2374532 0 0.9883536 -0.1521751 0 0.9940401 -0.1090149 0 0.9997591 -0.02194672 0 0.9997591 0.02194672 0 0.9940402 0.109015 0 0.9883536 0.152175 0 0.971399 0.2374534 0 0.9601308 0.2795515 0 0.9152499 0.4028868 0 0.8767199 0.4810014 0 0.85505 0.5185458 0 0.8066023 0.5910945 0 0.7797703 0.6260657 0 0.7222678 0.6916135 0 0.6916139 0.7222675 0 0.6260653 0.7797706 0 0.5910941 0.8066026 0 0.5185464 0.8550496 0 0.481001 0.8767201 0 0.4028443 0.9152686 0 0.3622464 0.9320824 0 0.2795504 0.9601311 0 0.2374089 0.9714098 0 0.1521754 0.9883536 0 0.1090151 0.9940401 0 0.02194792 0.9997591 0 -0.02194797 0.9997591 0 -0.1090152 0.9940401 0 -0.1521753 0.9883536 0 -0.2374088 0.9714098 0 -0.2795501 0.9601312 0 -0.3622464 0.9320824 0 -0.4028443 0.9152686 0 -0.481001 0.8767201 0 -0.5185461 0.8550497 0 -0.591094 0.8066027 0 -0.626065 0.7797709 0 -0.6916135 0.7222679 0 -0.7222678 0.6916136 0 -0.779771 0.6260649 0 -0.8066032 0.5910933 0 -0.8550499 0.518546 0 -0.8767201 0.481001 0 -0.9152684 0.4028446 0 -0.9320821 0.3622472 0 -0.9601311 0.2795504 0 -0.9714099 0.2374085 0 -0.9883536 0.1521754 0 -0.9940403 0.1090146 0 -0.9997591 0.02194797 0 -0.9997591 -0.02194797 0 -0.9940401 -0.1090146 0 -0.9883536 -0.1521753 0 -0.9714099 -0.2374086 0 -0.9601311 -0.2795503 0 -0.932082 -0.3622472 0 -0.9152685 -0.4028446 0 -0.8767201 -0.481001 0 -0.8550499 -0.518546 0 -0.8066032 -0.5910933 0 -0.779771 -0.6260649 0 -0.7222678 -0.6916136 0 -0.6916135 -0.7222679 0 -0.626065 -0.7797709 0 -0.591094 -0.8066027 0 -0.5185461 -0.8550497 0 -0.481001 -0.8767201 0 -0.4028443 -0.9152686 0 -0.3622464 -0.9320824 0 -0.2795501 -0.9601312 0 -0.2374088 -0.9714098 0 -0.1521753 -0.9883536 0 -0.1090152 -0.9940401 0 6.08874e-7 0 1 -9.1331e-7 0 1 -6.08874e-7 0 1 9.13311e-7 0 1 0.1090151 -0.9940401 0 -0.02194797 -0.9997591 8.61513e-6 0.02194792 -0.9997591 -1.07149e-5 0.1521754 -0.9883536 -7.51776e-6 0.2374089 -0.9714098 0 0.2795504 -0.9601311 0 0.3622463 -0.9320824 1.95945e-7 0.4028443 -0.9152686 -1.07147e-5 0.481001 -0.8767201 0 0.5185464 -0.8550496 0 0.5910941 -0.8066026 9.72434e-6 0.6260653 -0.7797706 -9.72434e-6 0.6916139 -0.7222675 1.03907e-5 0.7222678 -0.6916135 0 0.7797703 -0.6260658 9.72434e-6 0.8066023 -0.5910946 8.3881e-7 0.85505 -0.5185458 -8.2495e-7 0.8767199 -0.4810014 0 0.9152498 -0.4028869 9.70445e-6 0.9320825 -0.3622462 -7.59642e-6 0.9601307 -0.2795516 0 0.971399 -0.2374532 0 0.9883536 -0.1521751 0 0.9940401 -0.1090149 8.28426e-7 0.9997591 -0.02194672 8.41244e-6 0.9997591 0.02194672 0 0.9940402 0.109015 0 0.9883536 0.152175 8.28425e-7 0.971399 0.2374534 0 0.9601308 0.2795515 -8.36039e-6 0.9320825 0.3622462 8.6333e-6 0.9152499 0.4028868 8.37094e-7 0.8767199 0.4810014 0 0.85505 0.5185458 8.2495e-7 0.8066023 0.5910946 -8.3881e-7 0.7797703 0.6260658 -9.72434e-6 0.7222678 0.6916135 0 0.6916139 0.7222675 -1.03907e-5 0.6260653 0.7797706 9.72434e-6 0.5910941 0.8066026 -9.72434e-6 0.5185464 0.8550496 0 0.481001 0.8767201 0 0.4028443 0.9152686 1.07147e-5 0.3622463 0.9320824 -1.95945e-7 0.2795504 0.9601311 0 0.2374089 0.9714098 0 0.1521754 0.9883536 7.51776e-6 0.1090151 0.9940401 0 0.02194792 0.9997591 1.07149e-5 -0.02194797 0.9997591 -8.61513e-6 -0.1090152 0.9940401 0 -0.1521753 0.9883536 0 -0.2374088 0.9714098 0 -0.2795501 0.9601312 0 -0.3622463 0.9320824 1.95945e-7 -0.4028443 0.9152686 -1.07147e-5 -0.481001 0.8767201 0 -0.5185461 0.8550497 0 -0.591094 0.8066027 0 -0.626065 0.779771 0 -0.6916135 0.7222679 0 -0.7222678 0.6916136 -8.50821e-6 -0.779771 0.6260649 0 -0.8066032 0.5910933 -1.96347e-7 -0.8550499 0.518546 -8.24951e-7 -0.8767201 0.481001 -8.50807e-6 -0.9152497 0.4028874 9.70445e-6 -0.9320821 0.3622472 0 -0.9601311 0.2795504 7.53352e-6 -0.9714099 0.2374085 0 -0.9883536 0.1521754 -8.28426e-7 -0.9940403 0.1090146 -7.51777e-6 -0.9997591 0.02194797 8.61513e-6 -0.9997591 -0.02194797 -8.61513e-6 -0.9940401 -0.1090146 0 -0.9883536 -0.1521753 0 -0.9714099 -0.2374086 0 -0.9601311 -0.2795503 0 -0.932082 -0.3622472 8.6333e-6 -0.9152685 -0.4028446 -8.61498e-6 -0.8767201 -0.481001 8.50807e-6 -0.8550499 -0.518546 8.24951e-7 -0.8066032 -0.5910933 1.96347e-7 -0.779771 -0.6260649 0 -0.7222678 -0.6916136 8.50821e-6 -0.6916135 -0.7222679 0 -0.626065 -0.779771 0 -0.591094 -0.8066027 0 -0.5185461 -0.8550497 0 -0.481001 -0.8767201 0 -0.4028443 -0.9152686 1.07147e-5 -0.3622463 -0.9320824 -1.95945e-7 -0.2795501 -0.9601312 0 -0.2374088 -0.9714098 0 -0.1521753 -0.9883536 0 -0.1090152 -0.9940401 0 0.02195173 -0.999759 0 -0.02195191 -0.999759 0 0.1090601 -0.9940351 0 0.1521779 -0.9883531 0 0.2374064 -0.9714105 0 0.2795527 -0.9601303 0 0.3622859 -0.9320671 0 0.4028477 -0.9152671 0 0.4809992 -0.8767211 0 0.5185483 -0.8550485 0 0.5910891 -0.8066064 0 0.62607 -0.779767 0 0.6916124 -0.7222688 0 0.7222695 -0.6916118 0 0.779768 -0.6260686 0 0.8066046 -0.5910914 0 0.8550484 -0.5185482 0 0.8767205 -0.4810001 0 0.9152671 -0.4028478 0 0.9320847 -0.3622403 0 0.9601306 -0.2795518 0 0.9714107 -0.2374055 0 0.9883531 -0.1521784 0 0.9940403 -0.1090139 0 0.999759 -0.02195191 0 0.999759 0.02195191 0 0.9940403 0.1090139 0 0.9883531 0.1521784 0 0.9714107 0.2374055 0 0.9601306 0.2795518 0 0.9320847 0.3622403 0 0.9152671 0.4028478 0 0.8767205 0.4810001 0 0.8550484 0.5185482 0 0.8066046 0.5910914 0 0.779768 0.6260686 0 0.7222695 0.6916118 0 0.6916124 0.7222688 0 0.62607 0.779767 0 0.5910891 0.8066064 0 0.5185483 0.8550485 0 0.4809992 0.8767211 0 0.4028477 0.9152671 0 0.3622859 0.9320671 0 0.2795527 0.9601303 0 0.2374064 0.9714105 0 0.1521779 0.9883531 0 0.1090601 0.9940351 0 0.02195173 0.999759 0 -0.02195191 0.999759 0 -0.1090131 0.9940403 0 -0.1521775 0.9883532 0 -0.2374068 0.9714104 0 -0.3622866 0.9320668 0 -0.4028477 0.9152671 0 -0.4809992 0.8767211 0 -0.5185483 0.8550485 0 -0.5910891 0.8066064 0 -0.6260694 0.7797675 0 -0.6916117 0.7222696 0 -0.7222688 0.6916126 0 -0.7797682 0.6260684 0 -0.8066064 0.591089 0 -0.855049 0.5185473 0 -0.8767205 0.4810003 0 -0.9152665 0.4028489 0 -0.9320836 0.3622434 0 -0.9601303 0.2795528 0 -0.9714107 0.2374055 0 -0.9883533 0.1521772 0 -0.9940404 0.1090127 0 -0.999759 0.02195191 0 -0.999759 -0.02195191 0 -0.9940404 -0.1090127 0 -0.9883533 -0.1521772 0 -0.9714107 -0.2374055 0 -0.9601303 -0.2795528 0 -0.9320836 -0.3622434 0 -0.9152665 -0.4028489 0 -0.8767205 -0.4810003 0 -0.855049 -0.5185473 0 -0.8066064 -0.591089 0 -0.7797682 -0.6260684 0 -0.7222688 -0.6916126 0 -0.6916117 -0.7222696 0 -0.5910891 -0.8066064 0 -0.5185483 -0.8550485 0 -0.4809992 -0.8767211 0 -0.4028477 -0.9152671 0 -0.3622866 -0.9320668 0 -0.2795523 -0.9601305 0 -0.2374068 -0.9714104 0 -0.1521775 -0.9883532 0 -0.1090131 -0.9940403 0 1.62366e-6 0 -1 -1.82662e-6 0 -1 -1.62366e-6 0 -1 1.82662e-6 0 -1 -1.62366e-6 0 1 1.82662e-6 0 1 1.62366e-6 0 1 -1.82662e-6 0 1 0.7799841 -0.6257994 0 0.752074 -0.6590787 0 0.7520769 -0.6590754 0 0.8064713 -0.5912734 0 0.8547656 -0.5190142 0 0.8765825 -0.4812515 0 0.9152432 -0.4029019 0 0.9320493 -0.3623314 0 0.9600459 -0.2798425 0 0.971275 -0.2379602 0 0.988326 -0.152354 0 0.994078 -0.1086694 0 0.9997655 -0.0216552 0 0.9997655 0.0216552 0 0.994078 0.1086694 0 0.988326 0.152354 0 0.971275 0.2379602 0 0.9600459 0.2798425 0 0.9320493 0.3623314 0 0.9152432 0.4029019 0 0.8765825 0.4812516 0 0.8547656 0.5190142 0 0.8064713 0.5912734 0 0.7799841 0.6257994 0 0.7520769 0.6590754 0 0.752074 0.6590787 0 -0.7520757 -0.6590769 0 -0.7520756 -0.6590769 0 -0.7799839 -0.6257997 -1.06215e-5 -0.8064704 -0.5912745 8.33912e-6 -0.854765 -0.5190153 0 -0.8765832 -0.4812504 0 -0.9152432 -0.4029018 8.35693e-7 -0.9320499 -0.36233 8.41609e-6 -0.9600592 -0.279797 0 -0.9712753 -0.2379589 0 -0.9883256 -0.1523569 0 -0.9940783 -0.1086664 1.96502e-7 -0.9997655 -0.02165812 -8.50078e-6 -0.9997655 0.02165812 8.50078e-6 -0.9940783 0.1086664 -1.96502e-7 -0.9883256 0.1523569 0 -0.9712753 0.2379589 0 -0.9600455 0.2798441 0 -0.9320499 0.36233 -8.41609e-6 -0.9152433 0.4029018 0 -0.8765832 0.4812504 0 -0.854765 0.5190153 0 -0.8064704 0.5912745 -8.33912e-6 -0.7799839 0.6257997 1.06215e-5 -0.7520757 0.6590769 0 -0.7520756 0.6590769 0 4.62811e-7 0 -1 -8.71012e-7 0 -1 -4.62812e-7 0 -1 8.7101e-7 0 -1 -4.62812e-7 0 -1 4.62811e-7 0 -1 -8.71012e-7 0 -1 0.8765825 0.4812515 0 0.988326 0.152354 0 0.994078 0.1086694 0 0.994078 -0.1086694 0 0.988326 -0.152354 0 0.8765825 -0.4812516 0 -0.9152432 0.4029018 -8.35693e-7 -0.9600592 0.279797 0 -0.9600455 -0.2798441 0 -0.9152433 -0.4029018 0 4.62811e-7 0 1 -8.71012e-7 0 1 -4.62812e-7 0 1 8.7101e-7 0 1 -4.62812e-7 0 1 4.62811e-7 0 1 -8.71012e-7 0 1 -0.02195221 0.999759 0 0.02195191 0.999759 0 -0.1090593 0.9940353 0 -0.1521781 0.9883531 0 -0.2374055 0.9714107 0 -0.2795526 0.9601303 0 -0.3622849 0.9320675 0 -0.4028487 0.9152667 0 -0.4809983 0.8767216 0 -0.518548 0.8550485 0 -0.5910903 0.8066054 0 -0.626069 0.7797677 0 -0.6916109 0.7222703 0 -0.7797659 0.6260713 0 -0.806608 0.5910867 0 -0.8550497 0.5185462 0 -0.8767215 0.4809985 0 -0.915266 0.4028502 0 -0.9320832 0.3622444 0 -0.9601425 0.279511 0 -0.9713995 0.2374511 0 -0.9883534 0.152176 0 -0.9940354 0.1090582 0 -0.999759 0.02195191 0 -0.999759 -0.02195191 0 -0.9940354 -0.1090582 0 -0.9883534 -0.152176 0 -0.9713995 -0.2374511 0 -0.9601425 -0.279511 0 -0.9320832 -0.3622444 0 -0.915266 -0.4028502 0 -0.8767215 -0.4809985 0 -0.8550497 -0.5185462 0 -0.806608 -0.5910867 0 -0.7797659 -0.6260713 0 -0.7222694 -0.6916119 0 -0.6916109 -0.7222703 0 -0.626069 -0.7797677 0 -0.5910903 -0.8066054 0 -0.518548 -0.8550485 0 -0.4809983 -0.8767216 0 -0.4028487 -0.9152667 0 -0.3622849 -0.9320675 0 -0.2795526 -0.9601303 0 -0.2374055 -0.9714107 0 -0.1521781 -0.9883531 0 -0.1090593 -0.9940353 0 -0.02195221 -0.999759 0 0.02195191 -0.999759 0 0.10906 -0.9940353 0 0.1521781 -0.9883531 0 0.3622849 -0.9320675 0 0.4028487 -0.9152667 0 0.4809983 -0.8767216 0 0.5185502 -0.8550472 0 0.5910878 -0.8066073 0 0.626071 -0.7797662 0 0.6916113 -0.72227 0 0.7222694 -0.6916118 0 0.7797655 -0.6260717 0 0.8066057 -0.59109 0 0.8550476 -0.5185496 0 0.8767215 -0.4809983 0 0.9152678 -0.4028458 0 0.9320679 -0.362284 0 0.9713995 -0.2374511 0 0.9883534 -0.152176 0 0.99404 -0.1090162 0 0.9997591 -0.0219472 0 0.9997591 0.0219472 0 0.99404 0.1090162 0 0.9883534 0.152176 0 0.9713995 0.2374511 0 0.9320679 0.362284 0 0.9152678 0.4028458 0 0.8767215 0.4809983 0 0.8550476 0.5185496 0 0.8066057 0.59109 0 0.7797655 0.6260717 0 0.7222694 0.6916118 0 0.6916113 0.72227 0 0.626071 0.7797662 0 0.5910878 0.8066073 0 0.5185502 0.8550472 0 0.4809983 0.8767216 0 0.4028487 0.9152667 0 0.3622849 0.9320675 0 0.1521781 0.9883531 0 0.10906 0.9940353 0 -6.08875e-7 0 -1 4.56655e-7 0 -1 -4.56656e-7 0 -1 -0.02194821 0.9997591 0 0.02194792 0.9997591 0 -0.1090155 0.9940401 0 -0.2374085 0.97141 0 -0.3622462 0.9320825 0 -0.4028448 0.9152683 0 -0.5185464 0.8550496 0 -0.5910941 0.8066026 0 -0.6260653 0.7797706 0 -0.6916139 0.7222675 0 -0.7222666 0.6916148 0 -0.7797717 0.626064 0 -0.8066024 0.5910943 0 -0.8550497 0.5185461 0 -0.8767203 0.4810006 0 -0.9152681 0.4028451 0 -0.9320821 0.3622472 0 -0.9714098 0.2374091 0 -0.9883538 0.1521738 0 -0.9940401 0.1090161 0 -0.9997592 0.02194547 0 -0.9997592 -0.02194547 0 -0.99404 -0.1090162 0 -0.9883537 -0.1521737 0 -0.9714097 -0.2374092 0 -0.9601311 -0.2795504 0 -0.932082 -0.3622472 0 -0.9152683 -0.402845 0 -0.8767203 -0.4810006 0 -0.8550497 -0.5185461 0 -0.8066024 -0.5910943 0 -0.7797717 -0.626064 0 -0.7222666 -0.6916148 0 -0.6916139 -0.7222675 0 -0.6260653 -0.7797706 0 -0.5910941 -0.8066026 0 -0.5185464 -0.8550496 0 -0.4028448 -0.9152683 0 -0.3622462 -0.9320825 0 -0.27955 -0.9601312 0 -0.2374085 -0.97141 0 -0.1521751 -0.9883536 0 -0.1090155 -0.9940401 0 -0.02194821 -0.9997591 0 0.02194792 -0.9997591 0 0.1090154 -0.9940401 0 0.2374086 -0.9714099 0 0.2795507 -0.9601311 0 0.3622462 -0.9320825 0 0.4028448 -0.9152683 0 0.8767204 -0.4810005 0 0.9152695 -0.4028422 0 0.9320825 -0.3622463 0 0.9601308 -0.2795515 0 0.9714096 -0.2374101 0 0.9883534 -0.1521764 0 0.9940403 -0.1090136 0 0.9997591 -0.02194797 0 0.9997591 0.02194797 0 0.9940352 0.1090602 0 0.9883534 0.1521763 0 0.9714096 0.2374102 0 0.9601308 0.2795513 0 0.9320824 0.3622463 0 0.9152696 0.4028421 0 0.8767204 0.4810005 0 0.4028448 0.9152683 0 0.3622462 0.9320825 0 0.2795507 0.9601311 0 0.2374086 0.9714099 0 0.1521757 0.9883535 0 0.1090154 0.9940401 0 -6.08875e-7 0 1 4.56655e-7 0 1 -4.56656e-7 0 1 -0.9152681 -0.4028451 0 -0.9320821 -0.3622472 0 -0.9601311 -0.2795504 0 -0.9714098 -0.2374091 0 -0.9883538 -0.1521738 0 -0.9940401 -0.1090161 0 -0.9997592 -0.02194547 0 -0.9997592 0.02194547 0 -0.99404 0.1090162 0 -0.9883537 0.1521737 0 -0.9714097 0.2374092 0 -0.9601311 0.2795504 0 -0.932082 0.3622472 0 -0.9152683 0.402845 0 0.9152695 0.4028422 0 0.9320825 0.3622463 0 0.9601308 0.2795515 0 0.9714096 0.2374101 0 0.9883534 0.1521764 0 0.9940403 0.1090136 0 0.9997591 0.02194797 0 0.9997591 -0.02194797 0 0.9940352 -0.1090602 0 0.9883534 -0.1521763 0 0.9714096 -0.2374102 0 0.9601308 -0.2795513 0 0.9320824 -0.3622463 0 0.9152696 -0.4028421 0 -1.62366e-6 0 -1 1.82662e-6 0 -1 -1.82662e-6 0 -1 -1.62366e-6 0 1 1.82662e-6 0 1 -1.82662e-6 0 1 -0.7520746 -0.6590781 0 -0.7520775 -0.6590747 0 -0.7799852 -0.6257979 0 -0.8064712 -0.5912734 0 -0.8547669 -0.5190121 0 -0.8765856 -0.4812461 0 -0.9152438 -0.4029004 -7.58371e-6 -0.9320504 -0.3623287 1.95617e-7 -0.960058 -0.2798011 -8.30091e-6 -0.9712746 -0.2379616 0 -0.9883249 -0.1523606 -8.63862e-6 -0.9940779 -0.1086701 7.61802e-6 -0.9997655 -0.02165669 -8.5008e-6 -0.9997655 0.02165669 8.5008e-6 -0.9940779 0.1086702 -7.61802e-6 -0.988325 0.1523606 8.63862e-6 -0.9712746 0.2379616 0 -0.960058 0.2798011 -8.24256e-7 -0.9320505 0.3623287 -9.68821e-6 -0.9152439 0.4029004 -8.35693e-7 -0.8765856 0.4812461 0 -0.854767 0.5190121 -8.2995e-7 -0.8064712 0.5912734 0 -0.7799852 0.6257979 0 -0.7520746 0.6590781 0 -0.7520775 0.6590747 0 -0.7799852 -0.6257979 0 -0.8064712 -0.5912735 0 -0.8547669 -0.5190121 0 -0.8765856 -0.4812461 0 -0.9152438 -0.4029004 0 -0.9320504 -0.3623287 0 -0.960058 -0.2798011 0 -0.9712746 -0.2379616 0 -0.9883249 -0.1523606 0 -0.9940779 -0.1086701 0 -0.9997655 -0.02165669 0 -0.9997655 0.02165669 0 -0.9940779 0.1086702 0 -0.988325 0.1523606 0 -0.9712746 0.2379616 0 -0.9600581 0.2798011 0 -0.9320505 0.3623287 0 -0.9152439 0.4029004 0 -0.8765856 0.4812461 0 -0.854767 0.5190121 0 -0.8064712 0.5912735 0 -0.7799852 0.6257979 0 0.7799965 -0.625784 0 0.7520756 -0.6590769 0 0.7520757 -0.6590769 0 0.8064883 -0.59125 0 0.8547747 -0.5189994 0 0.8765739 -0.4812672 0 0.9152301 -0.4029316 0 0.9320618 -0.3622996 0 0.9600511 -0.2798247 0 0.9712824 -0.2379297 0 0.9883209 -0.1523877 0 0.9940763 -0.1086848 0 0.9997649 -0.02168607 0 0.9997649 0.02168607 0 0.9940763 0.1086848 0 0.9883209 0.1523877 0 0.9712824 0.2379297 0 0.9600511 0.2798247 0 0.9320618 0.3622996 0 0.9152301 0.4029316 0 0.8765741 0.4812671 0 0.8547746 0.5189995 0 0.8064593 0.5912896 0 0.7799963 0.6257842 0 0.7520757 0.6590769 0 0.7520756 0.6590769 0 -0.7520738 -0.659079 0 -0.752074 -0.6590787 0 -0.7799957 -0.6257848 8.27345e-7 -0.8064879 -0.5912508 0 -0.8547764 -0.5189966 0 -0.8765752 -0.481265 0 -0.9152308 -0.4029301 -8.63146e-6 -0.9320619 -0.3622995 1.10484e-5 -0.9600506 -0.2798265 -1.93207e-7 -0.9712819 -0.2379319 8.51266e-6 -0.9883205 -0.1523892 8.38846e-7 -0.9940762 -0.1086859 8.44784e-6 -0.9997649 -0.02168661 -8.51253e-6 -0.9997649 0.02168661 8.51253e-6 -0.9940762 0.1086859 -8.44784e-6 -0.9883205 0.1523892 -8.38846e-7 -0.9712819 0.2379319 -8.51266e-6 -0.9600506 0.2798265 1.93207e-7 -0.9320619 0.3622995 -1.10484e-5 -0.9152308 0.4029301 8.63146e-6 -0.8765753 0.4812648 0 -0.8547763 0.5189966 0 -0.8064877 0.5912507 0 -0.7799956 0.625785 0 4.62812e-7 0 -1 -4.35523e-7 0 -1 -8.71011e-7 0 -1 0.7520759 -0.6590766 0 0.7520759 -0.6590766 0 0.7799933 -0.6257879 4.99561e-7 0.8064622 -0.5912859 8.27532e-7 0.8547723 -0.5190033 0 0.8765762 -0.4812632 0 0.9152287 -0.4029348 1.07367e-5 0.9320451 -0.3623424 0 0.9600495 -0.2798307 7.49216e-6 0.9712722 -0.2379715 -7.47525e-6 0.9883203 -0.152391 -8.38941e-7 0.9940766 -0.1086818 0 0.9997658 -0.02164316 8.49548e-6 0.9997658 0.02164316 -8.49548e-6 0.9940766 0.1086818 0 0.9883203 0.152391 0 0.9712722 0.2379715 7.47525e-6 0.9600495 0.2798307 -7.49216e-6 0.9320451 0.3623424 8.41076e-6 0.9152287 0.4029348 -1.07367e-5 0.8765762 0.4812632 0 0.8547723 0.5190033 0 0.8064622 0.5912859 -8.27532e-7 0.7799933 0.6257879 -4.99561e-7 0.7520759 0.6590766 0 0.7520759 0.6590766 0 8.62212e-4 0.9999997 0 0.009211003 0.9999576 0 0.003170847 0.999995 0 0.003163218 0.9999951 -1.62736e-7 8.40528e-4 -0.9999997 0 0.003141522 -0.9999951 1.62736e-7 4.62812e-7 0 1 -8.71011e-7 0 1 2.12117e-6 0 1 0.1088579 0.9940574 0 0.1520938 0.9883661 0 0.2374411 0.9714021 0 0.2795197 0.9601401 0 0.3622597 0.9320773 0 0.4028718 0.9152565 0 0.480997 0.8767223 0 0.518549 0.8550479 0 0.5911032 0.806596 0 0.6260586 0.7797762 0 0.6916109 0.7222703 0 0.7222707 0.6916105 0 0.7797749 0.6260601 0 0.8065971 0.5911017 0 0.8550466 0.5185512 0 0.8767233 0.4809951 0 0.9152562 0.4028723 0 0.9320773 0.3622596 0 0.96014 0.2795197 0 0.9714021 0.237441 0 0.9883513 0.1521903 0 0.9940364 0.1090496 0 0.9999573 0.009249091 -9.16185e-7 0.9999951 0.003163754 0 -0.9997591 0.02194792 0 -0.9997591 -0.02194803 0 -0.9940401 0.1090155 0 -0.9883536 0.1521753 0 -0.9714097 0.2374091 0 -0.9601312 0.27955 0 -0.7222675 0.6916139 0 -0.6916135 0.7222678 0 -0.6260656 0.7797704 0 -0.5910946 0.8066024 0 -0.5185465 0.8550496 0 -0.4810013 0.87672 0 -0.4028863 0.91525 0 -0.3622458 0.9320826 0 -0.2795504 0.9601311 0 -0.2374091 0.9714097 0 -0.1521756 0.9883536 0 -0.1090155 0.9940401 0 0.1090155 0.9940401 0 0.1521756 0.9883536 0 0.2374545 0.9713987 0 0.2795504 0.9601311 0 0.3622458 0.9320826 0 0.4028863 0.91525 0 0.4810013 0.87672 0 0.5185465 0.8550496 0 0.5910946 0.8066024 0 0.6260656 0.7797704 0 0.6916135 0.7222678 0 0.7222675 0.6916139 0 0.9601312 0.27955 0 0.9714097 0.2374091 0 0.9883536 0.1521753 0 0.9940401 0.1090155 0 0.9997591 0.02194792 0 0.9997591 -0.02194803 0 0.9940401 -0.1090154 0 0.9883536 -0.1521752 0 0.9714098 -0.2374089 0 0.9601312 -0.2795498 0 0.8767202 -0.4810009 0 0.8550496 -0.5185462 0 0.8066027 -0.591094 0 0.7797709 -0.626065 0 0.7222676 -0.6916137 0 0.6916137 -0.7222676 0 0.6260647 -0.7797712 0 0.5910936 -0.806603 0 0.5185463 -0.8550497 0 0.481001 -0.8767201 0 0.4028448 -0.9152683 0 0.3622469 -0.9320822 0 0.27955 -0.9601312 0 0.2374087 -0.9714098 0 0.1521751 -0.9883536 0 0.1090151 -0.9940402 0 -0.1090151 -0.9940402 0 -0.2374087 -0.9714098 0 -0.3622469 -0.9320822 0 -0.4028448 -0.9152683 0 -0.481001 -0.8767201 0 -0.5185463 -0.8550497 0 -0.5910936 -0.806603 0 -0.6260647 -0.7797712 0 -0.6916137 -0.7222676 0 -0.7222676 -0.6916137 0 -0.7797709 -0.626065 0 -0.8066027 -0.591094 0 -0.8550496 -0.5185462 0 -0.8767202 -0.4810009 0 -0.9601312 -0.2795498 0 -0.9714098 -0.2374089 0 -0.9883536 -0.1521752 0 -0.9940401 -0.1090154 0 -0.9940351 0.1090601 0 -0.999759 -0.02195256 -1.07168e-5 -0.999759 0.02195239 1.07168e-5 -0.9883532 0.152178 0 -0.9714104 0.2374067 -1.94346e-7 -0.9601304 0.2795524 0 -0.932067 0.3622859 -1.07167e-5 -0.9152671 0.4028477 0 -0.8767208 0.4809997 0 -0.8550487 0.5185477 8.30846e-6 -0.8066057 0.59109 8.38989e-7 -0.7797677 0.6260691 0 -0.7222686 0.6916127 -7.48682e-6 -0.6916123 0.7222691 0 -0.6260694 0.7797675 0 -0.5910907 0.8066052 7.61362e-6 -0.518548 0.8550485 0 -0.4810004 0.8767204 0 -0.4028467 0.9152675 -7.58168e-6 -0.3622851 0.9320673 1.07167e-5 -0.2795518 0.9601306 -7.53443e-6 -0.2374055 0.9714107 9.62525e-6 -0.1521784 0.9883531 -8.34375e-6 -0.1090139 0.9940403 0 -0.02195191 0.999759 0 0.02195191 0.999759 0 0.1090139 0.9940403 0 0.1521784 0.9883531 8.34375e-6 0.2374055 0.9714107 -9.62525e-6 0.2795518 0.9601306 7.53443e-6 0.3622851 0.9320673 -1.07167e-5 0.4028467 0.9152675 7.58168e-6 0.4810004 0.8767204 0 0.518548 0.8550485 0 0.5910907 0.8066052 -7.61362e-6 0.6260694 0.7797675 0 0.6916123 0.7222691 0 0.7222686 0.6916127 7.48682e-6 0.7797677 0.6260691 0 0.8066057 0.59109 -8.38989e-7 0.8550487 0.5185477 -8.30846e-6 0.8767208 0.4809997 0 0.9152671 0.4028477 0 0.932067 0.3622859 1.07167e-5 0.9601304 0.2795524 0 0.9714104 0.2374067 1.94346e-7 0.9883532 0.152178 0 0.9940351 0.1090601 0 0.999759 0.02195239 -1.07168e-5 0.999759 -0.02195256 1.07168e-5 0.9940352 -0.1090597 8.26725e-7 0.9883532 -0.1521776 7.51852e-6 0.9714104 -0.2374066 0 0.9601305 -0.2795524 1.94346e-7 0.932084 -0.3622425 -1.95983e-7 0.9152669 -0.4028481 1.07167e-5 0.8767208 -0.4809997 0 0.8550487 -0.5185477 8.30846e-6 0.8066059 -0.5910897 0 0.7797679 -0.6260688 7.61362e-6 0.7222692 -0.6916121 0 0.6916129 -0.7222684 0 0.6260682 -0.7797685 -8.65285e-6 0.5910894 -0.8066062 9.72642e-6 0.5185477 -0.8550487 0 0.481 -0.8767207 0 0.4028488 -0.9152666 0 0.3622434 -0.9320836 0 0.2795524 -0.9601305 -1.94346e-7 0.2374061 -0.9714106 1.94346e-7 0.1521772 -0.9883533 8.2851e-7 0.1090127 -0.9940404 7.51852e-6 0.02195191 -0.999759 -8.61668e-6 -0.02195191 -0.999759 8.61668e-6 -0.1090127 -0.9940404 -7.51852e-6 -0.1521772 -0.9883533 -8.2851e-7 -0.2374061 -0.9714106 -1.94346e-7 -0.2795524 -0.9601305 1.94346e-7 -0.3622434 -0.9320836 0 -0.4028488 -0.9152666 0 -0.481 -0.8767207 0 -0.5185477 -0.8550487 0 -0.5910894 -0.8066062 -9.72642e-6 -0.6260682 -0.7797685 8.65285e-6 -0.6916129 -0.7222684 0 -0.7222692 -0.6916121 0 -0.7797679 -0.6260688 -7.61362e-6 -0.8066059 -0.5910897 0 -0.8550487 -0.5185477 -8.30846e-6 -0.8767208 -0.4809997 0 -0.9152669 -0.4028481 -1.07167e-5 -0.932084 -0.3622425 1.95983e-7 -0.9601305 -0.2795524 -1.94346e-7 -0.9714104 -0.2374066 0 -0.9883532 -0.1521776 -7.51852e-6 -0.9940352 -0.1090597 -8.26725e-7 0.6257987 0.7799847 0 0.5912744 0.8064705 0 0.5190149 0.8547653 0 0.481251 0.8765829 0 0.4029024 0.915243 0 0.3623307 0.9320496 0 0.2797963 0.9600594 0 0.2379595 0.9712752 0 0.1523554 0.9883257 0 0.1086679 0.9940782 0 0.02165669 0.9997655 0 -0.02165669 0.9997655 0 -0.1086679 0.9940782 0 -0.1523554 0.9883257 0 -0.2379595 0.9712752 0 -0.2797963 0.9600594 0 -0.3623307 0.9320496 0 -0.4029024 0.915243 0 -0.481251 0.8765829 0 -0.5190149 0.8547653 0 -0.5912744 0.8064705 0 -0.6257987 0.7799847 0 0.6257991 -0.7799842 -1.93829e-7 0.591275 -0.80647 8.33912e-6 0.5190148 -0.8547652 0 0.481251 -0.8765829 8.35824e-6 0.4029017 -0.9152433 -7.58371e-6 0.3623301 -0.9320499 1.07195e-5 0.2797963 -0.9600594 0 0.2379595 -0.9712752 0 0.1523554 -0.9883257 -8.43537e-6 0.1086679 -0.9940782 0 0.02165669 -0.9997655 -8.50078e-6 -0.02165669 -0.9997655 8.50078e-6 -0.1086679 -0.9940782 0 -0.1523554 -0.9883257 8.43537e-6 -0.2379595 -0.9712752 0 -0.2797963 -0.9600594 0 -0.3623301 -0.9320499 -1.07195e-5 -0.4029017 -0.9152433 7.58371e-6 -0.481251 -0.8765829 -8.35824e-6 -0.5190148 -0.8547652 0 -0.591275 -0.80647 -8.33912e-6 -0.6257991 -0.7799842 1.93829e-7 -1.09974e-5 0 -1 8.08467e-6 0 -1 -2.6625e-6 0 -1 -4.04673e-6 0 1 2.6641e-6 0 1 -0.999759 -0.02195268 0 -0.999759 0.02195233 0 -0.9940403 -0.1090132 0 -0.9883532 -0.1521777 0 -0.9714105 -0.2374063 0 -0.9601306 -0.279552 0 -0.8767211 -0.4809992 0 -0.8550491 -0.5185471 0 -0.8066055 -0.5910901 0 -0.7797676 -0.6260692 0 -0.691613 -0.7222684 0 -0.6260684 -0.7797681 0 -0.5910897 -0.8066058 0 -0.4809986 -0.8767214 0 -0.4028499 -0.9152661 0 -0.3622445 -0.9320831 0 -0.279554 -0.96013 0 -0.2374078 -0.9714101 0 -0.152176 -0.9883534 0 -0.1090582 -0.9940354 0 -0.02195191 -0.999759 0 0.02195191 -0.999759 0 0.1090582 -0.9940354 0 0.152176 -0.9883534 0 0.2374078 -0.9714101 0 0.279554 -0.96013 0 0.3622445 -0.9320831 0 0.4028499 -0.9152661 0 0.4809986 -0.8767214 0 0.5910897 -0.8066058 0 0.6260684 -0.7797681 0 0.691613 -0.7222684 0 0.7222694 -0.6916119 0 0.7797676 -0.6260692 0 0.8066055 -0.5910901 0 0.8550491 -0.5185471 0 0.8767211 -0.4809992 0 0.9601306 -0.279552 0 0.9714105 -0.2374063 0 0.9883532 -0.1521777 0 0.9940403 -0.1090132 0 0.999759 -0.02195268 0 0.999759 0.02195233 0 0.9940351 0.1090601 0 0.9883532 0.152178 0 0.9714104 0.2374067 0 0.9601304 0.2795524 0 0.8767205 0.4810004 0 0.8550484 0.5185483 0 0.8066058 0.59109 0 0.7797677 0.626069 0 0.7222691 0.6916122 0 0.6916128 0.7222685 0 0.6260702 0.7797669 0 0.5910915 0.8066046 0 0.5185478 0.8550486 0 0.4810003 0.8767206 0 0.4028457 0.9152679 0 0.362284 0.9320678 0 0.2795518 0.9601306 0 0.2374511 0.9713995 0 0.1521784 0.9883531 0 0.1090606 0.9940352 0 0.02195191 0.999759 0 -0.02195191 0.999759 0 -0.1090606 0.9940352 0 -0.1521784 0.9883531 0 -0.2374511 0.9713995 0 -0.2795518 0.9601306 0 -0.362284 0.9320678 0 -0.4028457 0.9152679 0 -0.4810003 0.8767206 0 -0.5185478 0.8550486 0 -0.5910915 0.8066046 0 -0.6260702 0.7797669 0 -0.6916128 0.7222685 0 -0.7222691 0.6916122 0 -0.7797677 0.626069 0 -0.8066058 0.59109 0 -0.8550484 0.5185483 0 -0.8767205 0.4810004 0 -0.9601304 0.2795524 0 -0.9714104 0.2374067 0 -0.9883532 0.152178 0 -0.9940351 0.1090601 0 -0.9997591 -0.02194809 0 -0.9997591 0.02194786 0 -0.7222684 -0.691613 0 -0.6916144 -0.7222669 0 -0.6260643 -0.7797715 0 -0.5910933 -0.8066033 0 -0.518546 -0.8550497 0 -0.4810008 -0.8767203 0 -0.4028451 -0.9152682 0 -0.3622474 -0.9320821 0 -0.2795504 -0.9601311 0 -0.2374092 -0.9714097 0 -0.1521756 -0.9883536 0 -0.1090155 -0.9940401 0 -0.02194797 -0.9997591 0 0.02194797 -0.9997591 0 0.1090155 -0.9940401 0 0.1521756 -0.9883536 0 0.2374092 -0.9714097 0 0.2795504 -0.9601311 0 0.3622474 -0.9320821 0 0.4028451 -0.9152682 0 0.4810008 -0.8767203 0 0.518546 -0.8550497 0 0.5910933 -0.8066033 0 0.6260643 -0.7797715 0 0.6916144 -0.7222669 0 0.7222684 -0.691613 0 0.9997591 -0.02194809 0 0.9997591 0.02194786 0 0.9940401 0.1090157 0 0.9883536 0.1521754 0 0.9714097 0.2374092 0 0.9601312 0.2795503 0 0.5185458 0.85505 0 0.4810006 0.8767203 0 0.4028437 0.9152688 0 0.3622459 0.9320826 0 0.2795503 0.9601311 0 0.2374091 0.9714097 0 0.02194797 0.9997591 0 -0.02194797 0.9997591 0 -0.1521757 0.9883535 0 -0.2374091 0.9714097 0 -0.2795503 0.9601311 0 -0.3622459 0.9320826 0 -0.4028437 0.9152688 0 -0.4810006 0.8767203 0 -0.5185458 0.85505 0 -0.9601312 0.2795503 0 -0.9714097 0.2374092 0 -0.9883536 0.1521754 0 -0.9940401 0.1090157 0 0.6590765 -0.752076 0 0.6590768 -0.7520757 0 0.6257976 -0.7799856 -9.59963e-6 0.5912733 -0.8064714 -8.28052e-7 0.5190111 -0.8547676 -8.35825e-6 0.4812474 -0.8765849 0 0.4029005 -0.9152439 -8.61886e-6 0.3623287 -0.9320505 9.68821e-6 0.2797996 -0.9600585 -8.30091e-6 0.2379629 -0.9712743 8.3009e-6 0.1523593 -0.9883252 8.37609e-7 0.1086717 -0.9940778 7.61802e-6 0.02165669 -0.9997655 -8.5008e-6 -0.02165669 -0.9997655 8.5008e-6 -0.1086717 -0.9940778 -7.61802e-6 -0.1523593 -0.9883252 -8.37609e-7 -0.2379629 -0.9712743 -8.3009e-6 -0.2797996 -0.9600585 0 -0.3623287 -0.9320505 -9.68821e-6 -0.4029005 -0.9152439 8.61886e-6 -0.4812474 -0.8765849 0 -0.5190111 -0.8547676 8.35825e-6 -0.5912733 -0.8064714 8.28052e-7 -0.6257976 -0.7799856 9.59963e-6 -0.6590765 -0.752076 0 -0.6590768 -0.7520757 0 0.6257977 -0.7799856 0 0.5912733 -0.8064714 0 0.5190111 -0.8547676 0 0.4812474 -0.8765849 0 0.4029005 -0.9152439 0 0.3623287 -0.9320505 0 0.2797996 -0.9600585 0 0.2379629 -0.9712743 0 0.1523594 -0.9883252 0 0.1086717 -0.9940778 0 0.02165669 -0.9997655 0 -0.02165669 -0.9997655 0 -0.1086717 -0.9940778 0 -0.1523594 -0.9883252 0 -0.2379629 -0.9712743 0 -0.2797996 -0.9600585 0 -0.3623287 -0.9320505 0 -0.4029005 -0.9152439 0 -0.4812474 -0.8765849 0 -0.5190111 -0.8547676 0 -0.5912733 -0.8064714 0 -0.6257977 -0.7799856 0 1.0963e-5 0 -1 -4.0492e-6 0 -1 0.6590775 0.7520751 0 0.6590766 0.7520759 0 0.6257881 0.7799931 1.93707e-7 0.5912859 0.8064621 -1.93707e-7 0.5190032 0.8547723 0 0.4812631 0.8765764 0 0.402934 0.9152292 0 0.3622972 0.9320627 8.37028e-7 0.2798299 0.9600496 0 0.2379246 0.9712836 0 0.1523905 0.9883204 1.05667e-5 0.1086822 0.9940766 8.38941e-7 0.02164316 0.9997658 8.49548e-6 -0.02164316 0.9997658 -8.49548e-6 -0.1086822 0.9940766 7.61318e-6 -0.1523905 0.9883204 -1.05667e-5 -0.2379246 0.9712836 0 -0.2798299 0.9600496 0 -0.3622972 0.9320627 -8.37028e-7 -0.402934 0.9152292 0 -0.4812631 0.8765764 0 -0.5190032 0.8547723 0 -0.5912859 0.8064621 1.93707e-7 -0.6257881 0.7799931 -1.93707e-7 -0.6590775 0.7520751 0 -0.6590766 0.7520759 0 -0.9999997 8.40455e-4 0 -0.9999573 0.009249091 9.16185e-7 -0.9999951 0.003163754 0 -0.9999951 0.003141701 -1.62736e-7 -0.9999997 8.4069e-4 0 0.9999997 8.40455e-4 0 0.9999951 0.003141701 1.62736e-7 0.9999997 8.4069e-4 0 -1.09523e-5 0 1 4.04673e-6 0 1 -0.9940364 0.1090496 0 -0.9883513 0.1521903 0 -0.9714021 0.237441 0 -0.96014 0.2795197 0 -0.9320773 0.3622596 0 -0.9152562 0.4028723 0 -0.8767233 0.4809951 0 -0.8550466 0.5185512 0 -0.8065971 0.5911017 0 -0.7797749 0.6260601 0 -0.7222707 0.6916105 0 -0.6916109 0.7222703 0 -0.6260586 0.7797762 0 -0.5911032 0.806596 0 -0.518549 0.8550479 0 -0.480997 0.8767223 0 -0.4028718 0.9152565 0 -0.3622597 0.9320773 0 -0.2795197 0.9601401 0 -0.2374411 0.9714021 0 -0.1521884 0.9883515 0 -0.1090523 0.994036 0 -0.00924766 0.9999573 9.44901e-6 -0.003166556 0.999995 0 -6.08874e-7 0 -1 4.56655e-7 0 -1 6.08874e-7 0 -1 -0.02194792 0.9997591 0 0.02194797 0.9997591 0 -0.1090151 0.9940401 0 -0.1521754 0.9883536 0 -0.2374089 0.9714098 0 -0.2795504 0.9601311 0 -0.7222678 0.6916135 0 -0.7797703 0.6260657 0 -0.8066023 0.5910945 0 -0.85505 0.5185458 0 -0.8767199 0.4810014 0 -0.9152498 0.4028869 0 -0.9320825 0.3622462 0 -0.9601307 0.2795516 0 -0.971399 0.2374532 0 -0.9883536 0.1521751 0 -0.9940401 0.1090149 0 -0.9997591 0.02194672 0 -0.9997591 -0.02194672 0 -0.9940402 -0.109015 0 -0.9883536 -0.152175 0 -0.971399 -0.2374534 0 -0.9601308 -0.2795515 0 -0.9152499 -0.4028868 0 -0.8767199 -0.4810014 0 -0.85505 -0.5185458 0 -0.8066023 -0.5910945 0 -0.7797703 -0.6260657 0 -0.7222678 -0.6916135 0 -0.2795504 -0.9601311 0 -0.2374089 -0.9714098 0 -0.1521754 -0.9883536 0 -0.1090151 -0.9940401 0 -0.02194792 -0.9997591 0 0.02194797 -0.9997591 0 0.1090152 -0.9940401 0 0.1521753 -0.9883536 0 0.2374088 -0.9714098 0 0.2795501 -0.9601312 0 0.5185461 -0.8550497 0 0.591094 -0.8066027 0 0.626065 -0.7797709 0 0.6916135 -0.7222679 0 0.7222678 -0.6916136 0 0.779771 -0.6260649 0 0.8066032 -0.5910933 0 0.8550499 -0.518546 0 0.8767201 -0.481001 0 0.9152684 -0.4028446 0 0.9320821 -0.3622472 0 0.9601311 -0.2795504 0 0.9714099 -0.2374085 0 0.9883536 -0.1521754 0 0.9940403 -0.1090146 0 0.9997591 -0.02194797 0 0.9997591 0.02194797 0 0.9940401 0.1090146 0 0.9883536 0.1521753 0 0.9714099 0.2374086 0 0.9601311 0.2795503 0 0.932082 0.3622472 0 0.9152685 0.4028446 0 0.8767201 0.481001 0 0.8550499 0.518546 0 0.8066032 0.5910933 0 0.779771 0.6260649 0 0.7222678 0.6916136 0 0.6916135 0.7222679 0 0.626065 0.7797709 0 0.591094 0.8066027 0 0.5185461 0.8550497 0 0.2795501 0.9601312 0 0.2374088 0.9714098 0 0.1521753 0.9883536 0 0.1090152 0.9940401 0 -6.08874e-7 0 1 9.1331e-7 0 1 6.08874e-7 0 1 -9.13311e-7 0 1 -0.1090151 0.9940401 0 0.02194797 0.9997591 8.61513e-6 -0.02194792 0.9997591 -1.07149e-5 -0.1521754 0.9883536 -7.51776e-6 -0.2374089 0.9714098 0 -0.2795504 0.9601311 0 -0.481001 0.8767201 0 -0.5185464 0.8550496 0 -0.5910941 0.8066026 9.72434e-6 -0.6260653 0.7797706 -9.72434e-6 -0.6916139 0.7222675 1.03907e-5 -0.7222678 0.6916135 0 -0.7797703 0.6260658 9.72434e-6 -0.8066023 0.5910946 8.3881e-7 -0.85505 0.5185458 -8.2495e-7 -0.8767199 0.4810014 0 -0.9152498 0.4028869 9.70445e-6 -0.9320825 0.3622462 -7.59642e-6 -0.9601307 0.2795516 0 -0.971399 0.2374532 0 -0.9883536 0.1521751 0 -0.9940401 0.1090149 8.28426e-7 -0.9997591 0.02194672 8.41244e-6 -0.9997591 -0.02194672 0 -0.9940402 -0.109015 0 -0.9883536 -0.152175 8.28425e-7 -0.971399 -0.2374534 0 -0.9601308 -0.2795515 -8.36039e-6 -0.9320825 -0.3622462 8.6333e-6 -0.9152499 -0.4028868 8.37094e-7 -0.8767199 -0.4810014 0 -0.85505 -0.5185458 8.2495e-7 -0.8066023 -0.5910946 -8.3881e-7 -0.7797703 -0.6260658 -9.72434e-6 -0.7222678 -0.6916135 0 -0.6916139 -0.7222675 -1.03907e-5 -0.6260653 -0.7797706 9.72434e-6 -0.5910941 -0.8066026 -9.72434e-6 -0.5185464 -0.8550496 0 -0.481001 -0.8767201 0 -0.2795504 -0.9601311 0 -0.2374089 -0.9714098 0 -0.1521754 -0.9883536 7.51776e-6 -0.1090151 -0.9940401 0 -0.02194792 -0.9997591 1.07149e-5 0.02194797 -0.9997591 -8.61513e-6 0.1090152 -0.9940401 0 0.1521753 -0.9883536 0 0.2374088 -0.9714098 0 0.2795501 -0.9601312 0 0.481001 -0.8767201 0 0.5185461 -0.8550497 0 0.591094 -0.8066027 0 0.626065 -0.779771 0 0.6916135 -0.7222679 0 0.7222678 -0.6916136 -8.50821e-6 0.779771 -0.6260649 0 0.8066032 -0.5910933 -1.96347e-7 0.8550499 -0.518546 -8.24951e-7 0.8767201 -0.481001 -8.50807e-6 0.9152497 -0.4028874 9.70445e-6 0.9320821 -0.3622472 0 0.9601311 -0.2795504 7.53352e-6 0.9714099 -0.2374085 0 0.9883536 -0.1521754 -8.28426e-7 0.9940403 -0.1090146 -7.51777e-6 0.9997591 -0.02194797 8.61513e-6 0.9997591 0.02194797 -8.61513e-6 0.9940401 0.1090146 0 0.9883536 0.1521753 0 0.9714099 0.2374086 0 0.9601311 0.2795503 0 0.932082 0.3622472 8.6333e-6 0.9152685 0.4028446 -8.61498e-6 0.8767201 0.481001 8.50807e-6 0.8550499 0.518546 8.24951e-7 0.8066032 0.5910933 1.96347e-7 0.779771 0.6260649 0 0.7222678 0.6916136 8.50821e-6 0.6916135 0.7222679 0 0.626065 0.779771 0 0.591094 0.8066027 0 0.5185461 0.8550497 0 0.481001 0.8767201 0 0.2795501 0.9601312 0 0.2374088 0.9714098 0 0.1521753 0.9883536 0 0.1090152 0.9940401 0 -0.02195173 0.999759 0 0.02195191 0.999759 0 -0.1090601 0.9940351 0 -0.1521779 0.9883531 0 -0.2374064 0.9714105 0 -0.2795527 0.9601303 0 -0.3622859 0.9320671 0 -0.62607 0.779767 0 -0.6916124 0.7222688 0 -0.7222695 0.6916118 0 -0.779768 0.6260686 0 -0.8066046 0.5910914 0 -0.8550484 0.5185482 0 -0.8767205 0.4810001 0 -0.9152671 0.4028478 0 -0.9320847 0.3622403 0 -0.9601306 0.2795518 0 -0.9714107 0.2374055 0 -0.9883531 0.1521784 0 -0.9940403 0.1090139 0 -0.999759 0.02195191 0 -0.999759 -0.02195191 0 -0.9940403 -0.1090139 0 -0.9883531 -0.1521784 0 -0.9714107 -0.2374055 0 -0.9601306 -0.2795518 0 -0.9320847 -0.3622403 0 -0.9152671 -0.4028478 0 -0.8767205 -0.4810001 0 -0.8550484 -0.5185482 0 -0.8066046 -0.5910914 0 -0.779768 -0.6260686 0 -0.7222695 -0.6916118 0 -0.6916124 -0.7222688 0 -0.62607 -0.779767 0 -0.3622859 -0.9320671 0 -0.2795527 -0.9601303 0 -0.2374064 -0.9714105 0 -0.1521779 -0.9883531 0 -0.1090601 -0.9940351 0 -0.02195173 -0.999759 0 0.02195191 -0.999759 0 0.1090131 -0.9940403 0 0.1521775 -0.9883532 0 0.2374068 -0.9714104 0 0.2795523 -0.9601305 0 0.3622866 -0.9320668 0 0.6916117 -0.7222696 0 0.7222688 -0.6916126 0 0.7797682 -0.6260684 0 0.8066064 -0.591089 0 0.855049 -0.5185473 0 0.8767205 -0.4810003 0 0.9152665 -0.4028489 0 0.9320836 -0.3622434 0 0.9601303 -0.2795528 0 0.9714107 -0.2374055 0 0.9883533 -0.1521772 0 0.9940404 -0.1090127 0 0.999759 -0.02195191 0 0.999759 0.02195191 0 0.9940404 0.1090127 0 0.9883533 0.1521772 0 0.9714107 0.2374055 0 0.9601303 0.2795528 0 0.9320836 0.3622434 0 0.9152665 0.4028489 0 0.8767205 0.4810003 0 0.855049 0.5185473 0 0.8066064 0.591089 0 0.7797682 0.6260684 0 0.7222688 0.6916126 0 0.6916117 0.7222696 0 0.6260694 0.7797675 0 0.3622866 0.9320668 0 0.2374068 0.9714104 0 0.1521775 0.9883532 0 0.1090131 0.9940403 0 -1.62366e-6 0 -1 1.82662e-6 0 -1 1.62366e-6 0 -1 -1.82662e-6 0 -1 1.62366e-6 0 1 -1.82662e-6 0 1 -1.62366e-6 0 1 1.82662e-6 0 1 -0.7799841 0.6257994 0 -0.752074 0.6590787 0 -0.7520769 0.6590754 0 -0.8064713 0.5912734 0 -0.8547656 0.5190142 0 -0.8765825 0.4812515 0 -0.9152432 0.4029019 0 -0.9320493 0.3623314 0 -0.9600459 0.2798425 0 -0.971275 0.2379602 0 -0.988326 0.152354 0 -0.994078 0.1086694 0 -0.9997655 0.0216552 0 -0.9997655 -0.0216552 0 -0.994078 -0.1086694 0 -0.988326 -0.152354 0 -0.971275 -0.2379602 0 -0.9600459 -0.2798425 0 -0.9320493 -0.3623314 0 -0.9152432 -0.4029019 0 -0.8765825 -0.4812516 0 -0.8547656 -0.5190142 0 -0.8064713 -0.5912734 0 -0.7799841 -0.6257994 0 -0.7520769 -0.6590754 0 0.7799839 0.6257997 -1.06215e-5 0.8064704 0.5912745 8.33912e-6 0.854765 0.5190153 0 0.8765832 0.4812504 0 0.9152432 0.4029018 8.35693e-7 0.9320499 0.36233 8.41609e-6 0.9600592 0.279797 0 0.9712753 0.2379589 0 0.9883256 0.1523569 0 0.9940783 0.1086664 1.96502e-7 0.9997655 0.02165812 -8.50078e-6 0.9997655 -0.02165812 8.50078e-6 0.9940783 -0.1086664 -1.96502e-7 0.9883256 -0.1523569 0 0.9712753 -0.2379589 0 0.9600455 -0.2798441 0 0.9320499 -0.36233 -8.41609e-6 0.9152433 -0.4029018 0 0.8765832 -0.4812504 0 0.854765 -0.5190153 0 0.8064704 -0.5912745 -8.33912e-6 0.7799839 -0.6257997 1.06215e-5 -4.62811e-7 0 -1 8.71012e-7 0 -1 4.62812e-7 0 -1 -8.7101e-7 0 -1 4.62812e-7 0 -1 -4.62811e-7 0 -1 8.71012e-7 0 -1 -0.8765825 -0.4812515 0 -0.988326 -0.152354 0 -0.994078 -0.1086694 0 -0.994078 0.1086694 0 -0.988326 0.152354 0 -0.8765825 0.4812516 0 0.9152432 -0.4029018 -8.35693e-7 0.9600592 -0.279797 0 0.9600455 0.2798441 0 0.9152433 0.4029018 0 -4.62811e-7 0 1 8.71012e-7 0 1 4.62812e-7 0 1 -8.7101e-7 0 1 4.62812e-7 0 1 -4.62811e-7 0 1 8.71012e-7 0 1 0.02195221 -0.999759 0 -0.02195191 -0.999759 0 0.1090593 -0.9940353 0 0.1521781 -0.9883531 0 0.2374055 -0.9714107 0 0.2795526 -0.9601303 0 0.4809983 -0.8767216 0 0.518548 -0.8550485 0 0.5910903 -0.8066054 0 0.626069 -0.7797677 0 0.6916109 -0.7222703 0 0.7797659 -0.6260713 0 0.806608 -0.5910867 0 0.8550497 -0.5185462 0 0.8767215 -0.4809985 0 0.915266 -0.4028502 0 0.9320832 -0.3622444 0 0.9601425 -0.279511 0 0.9713995 -0.2374511 0 0.9883534 -0.152176 0 0.9940354 -0.1090582 0 0.999759 -0.02195191 0 0.999759 0.02195191 0 0.9940354 0.1090582 0 0.9883534 0.152176 0 0.9713995 0.2374511 0 0.9601425 0.279511 0 0.9320832 0.3622444 0 0.915266 0.4028502 0 0.8767215 0.4809985 0 0.8550497 0.5185462 0 0.806608 0.5910867 0 0.7797659 0.6260713 0 0.6916109 0.7222703 0 0.626069 0.7797677 0 0.5910903 0.8066054 0 0.518548 0.8550485 0 0.4809983 0.8767216 0 0.2795526 0.9601303 0 0.2374055 0.9714107 0 0.1521781 0.9883531 0 0.1090593 0.9940353 0 0.02195221 0.999759 0 -0.02195191 0.999759 0 -0.10906 0.9940353 0 -0.1521781 0.9883531 0 -0.4809983 0.8767216 0 -0.5185502 0.8550472 0 -0.5910878 0.8066073 0 -0.626071 0.7797662 0 -0.6916113 0.72227 0 -0.7222694 0.6916118 0 -0.7797655 0.6260717 0 -0.8066057 0.59109 0 -0.8550476 0.5185496 0 -0.8767215 0.4809983 0 -0.9152678 0.4028458 0 -0.9320679 0.362284 0 -0.9713995 0.2374511 0 -0.9883534 0.152176 0 -0.99404 0.1090162 0 -0.9997591 0.0219472 0 -0.9997591 -0.0219472 0 -0.99404 -0.1090162 0 -0.9883534 -0.152176 0 -0.9713995 -0.2374511 0 -0.9320679 -0.362284 0 -0.9152678 -0.4028458 0 -0.8767215 -0.4809983 0 -0.8550476 -0.5185496 0 -0.8066057 -0.59109 0 -0.7797655 -0.6260717 0 -0.7222694 -0.6916118 0 -0.6916113 -0.72227 0 -0.626071 -0.7797662 0 -0.5910878 -0.8066073 0 -0.5185502 -0.8550472 0 -0.4809983 -0.8767216 0 -0.1521781 -0.9883531 0 -0.10906 -0.9940353 0 6.08875e-7 0 -1 -4.56655e-7 0 -1 0.02194821 -0.9997591 0 -0.02194792 -0.9997591 0 0.1090155 -0.9940401 0 0.2374085 -0.97141 0 0.7222666 -0.6916148 0 0.7797717 -0.626064 0 0.8066024 -0.5910943 0 0.8550497 -0.5185461 0 0.8767203 -0.4810006 0 0.9152681 -0.4028451 0 0.9320821 -0.3622472 0 0.9714098 -0.2374091 0 0.9883538 -0.1521738 0 0.9940401 -0.1090161 0 0.9997592 -0.02194547 0 0.9997592 0.02194547 0 0.99404 0.1090162 0 0.9883537 0.1521737 0 0.9714097 0.2374092 0 0.9601311 0.2795504 0 0.932082 0.3622472 0 0.9152683 0.402845 0 0.8767203 0.4810006 0 0.8550497 0.5185461 0 0.8066024 0.5910943 0 0.7797717 0.626064 0 0.7222666 0.6916148 0 0.2374085 0.97141 0 0.1090155 0.9940401 0 0.02194821 0.9997591 0 -0.02194792 0.9997591 0 -0.1090154 0.9940401 0 -0.2374086 0.9714099 0 -0.2795507 0.9601311 0 -0.8767204 0.4810005 0 -0.9152695 0.4028422 0 -0.9320825 0.3622463 0 -0.9601308 0.2795515 0 -0.9714096 0.2374101 0 -0.9883534 0.1521764 0 -0.9940403 0.1090136 0 -0.9997591 0.02194797 0 -0.9997591 -0.02194797 0 -0.9940352 -0.1090602 0 -0.9883534 -0.1521763 0 -0.9714096 -0.2374102 0 -0.9601308 -0.2795513 0 -0.9320824 -0.3622463 0 -0.9152696 -0.4028421 0 -0.8767204 -0.4810005 0 -0.2795507 -0.9601311 0 -0.2374086 -0.9714099 0 -0.1090154 -0.9940401 0 6.08875e-7 0 1 -4.56655e-7 0 1 4.56656e-7 0 1 0.9152681 0.4028451 0 0.9320821 0.3622472 0 0.9601311 0.2795504 0 0.9714098 0.2374091 0 0.9883538 0.1521738 0 0.9940401 0.1090161 0 0.9997592 0.02194547 0 0.9997592 -0.02194547 0 0.99404 -0.1090162 0 0.9883537 -0.1521737 0 0.9714097 -0.2374092 0 0.9601311 -0.2795504 0 0.932082 -0.3622472 0 0.9152683 -0.402845 0 -0.9152695 -0.4028422 0 -0.9320825 -0.3622463 0 -0.9601308 -0.2795515 0 -0.9714096 -0.2374101 0 -0.9883534 -0.1521764 0 -0.9940403 -0.1090136 0 -0.9997591 -0.02194797 0 -0.9997591 0.02194797 0 -0.9940352 0.1090602 0 -0.9883534 0.1521763 0 -0.9714096 0.2374102 0 -0.9601308 0.2795513 0 -0.9320824 0.3622463 0 -0.9152696 0.4028421 0 1.62366e-6 0 -1 -1.82662e-6 0 -1 1.82662e-6 0 -1 1.62366e-6 0 1 -1.82662e-6 0 1 1.82662e-6 0 1 0.7520746 0.6590781 0 0.7520775 0.6590747 0 0.7799852 0.6257979 0 0.8064712 0.5912734 0 0.8547669 0.5190121 0 0.8765856 0.4812461 0 0.9152438 0.4029004 -7.58371e-6 0.9320504 0.3623287 1.95617e-7 0.960058 0.2798011 -8.30091e-6 0.9712746 0.2379616 0 0.9883249 0.1523606 -8.63862e-6 0.9940779 0.1086701 7.61802e-6 0.9997655 0.02165669 -8.5008e-6 0.9997655 -0.02165669 8.5008e-6 0.9940779 -0.1086702 -7.61802e-6 0.988325 -0.1523606 8.63862e-6 0.9712746 -0.2379616 0 0.960058 -0.2798011 -8.24256e-7 0.9320505 -0.3623287 -9.68821e-6 0.9152439 -0.4029004 -8.35693e-7 0.8765856 -0.4812461 0 0.854767 -0.5190121 -8.2995e-7 0.8064712 -0.5912734 0 0.7799852 -0.6257979 0 0.7520746 -0.6590781 0 0.7520775 -0.6590747 0 -4.35521e-7 0 -1 0.7799852 0.6257979 0 0.8064712 0.5912735 0 0.8547669 0.5190121 0 0.8765856 0.4812461 0 0.9152438 0.4029004 0 0.9320504 0.3623287 0 0.960058 0.2798011 0 0.9712746 0.2379616 0 0.9883249 0.1523606 0 0.9940779 0.1086701 0 0.9997655 0.02165669 0 0.9997655 -0.02165669 0 0.9940779 -0.1086702 0 0.988325 -0.1523606 0 0.9712746 -0.2379616 0 0.9600581 -0.2798011 0 0.9320505 -0.3623287 0 0.9152439 -0.4029004 0 0.8765856 -0.4812461 0 0.854767 -0.5190121 0 0.8064712 -0.5912735 0 0.7799852 -0.6257979 0 -4.35521e-7 0 1 -0.7799965 0.625784 0 -0.8064883 0.59125 0 -0.8547747 0.5189994 0 -0.8765739 0.4812672 0 -0.9152301 0.4029316 0 -0.9320618 0.3622996 0 -0.9600511 0.2798247 0 -0.9712824 0.2379297 0 -0.9883209 0.1523877 0 -0.9940763 0.1086848 0 -0.9997649 0.02168607 0 -0.9997649 -0.02168607 0 -0.9940763 -0.1086848 0 -0.9883209 -0.1523877 0 -0.9712824 -0.2379297 0 -0.9600511 -0.2798247 0 -0.9320618 -0.3622996 0 -0.9152301 -0.4029316 0 -0.8765741 -0.4812671 0 -0.8547746 -0.5189995 0 -0.8064593 -0.5912896 0 -0.7799963 -0.6257842 0 0.7799957 0.6257848 8.27345e-7 0.8064879 0.5912508 0 0.8547764 0.5189966 0 0.8765752 0.481265 0 0.9152308 0.4029301 -8.63146e-6 0.9320619 0.3622995 1.10484e-5 0.9600506 0.2798265 -1.93207e-7 0.9712819 0.2379319 8.51266e-6 0.9883205 0.1523892 8.38846e-7 0.9940762 0.1086859 8.44784e-6 0.9997649 0.02168661 -8.51253e-6 0.9997649 -0.02168661 8.51253e-6 0.9940762 -0.1086859 -8.44784e-6 0.9883205 -0.1523892 -8.38846e-7 0.9712819 -0.2379319 -8.51266e-6 0.9600506 -0.2798265 1.93207e-7 0.9320619 -0.3622995 -1.10484e-5 0.9152308 -0.4029301 8.63146e-6 0.8765753 -0.4812648 0 0.8547763 -0.5189966 0 0.8064877 -0.5912507 0 0.7799956 -0.625785 0 0.7520738 -0.659079 0 -4.62812e-7 0 -1 8.71011e-7 0 -1 8.71011e-7 0 -1 -0.7520759 0.6590766 0 -0.7520759 0.6590766 0 -0.7799933 0.6257879 4.99561e-7 -0.8064622 0.5912859 8.27532e-7 -0.8547723 0.5190033 0 -0.8765762 0.4812632 0 -0.9152287 0.4029348 1.07367e-5 -0.9320451 0.3623424 0 -0.9600495 0.2798307 7.49216e-6 -0.9712722 0.2379715 -7.47525e-6 -0.9883203 0.152391 -8.38941e-7 -0.9940766 0.1086818 0 -0.9997658 0.02164316 8.49548e-6 -0.9997658 -0.02164316 -8.49548e-6 -0.9940766 -0.1086818 0 -0.9883203 -0.152391 0 -0.9712722 -0.2379715 7.47525e-6 -0.9600495 -0.2798307 -7.49216e-6 -0.9320451 -0.3623424 8.41076e-6 -0.9152287 -0.4029348 -1.07367e-5 -0.8765762 -0.4812632 0 -0.8547723 -0.5190033 0 -0.8064622 -0.5912859 -8.27532e-7 -0.7799933 -0.6257879 -4.99561e-7 -0.7520759 -0.6590766 0 -0.7520759 -0.6590766 0 -8.62212e-4 -0.9999997 7.1643e-6 -0.009261727 -0.9999572 3.63803e-6 -0.003170311 -0.999995 2.56114e-7 -0.003141522 -0.9999951 3.72417e-6 -8.40528e-4 -0.9999997 0 -8.40528e-4 0.9999997 0 -0.003141522 0.9999951 1.62736e-7 -4.62812e-7 0 1 8.71011e-7 0 1 -2.12117e-6 0 1 -0.1089527 -0.9940469 3.51244e-6 -0.1520938 -0.9883661 0 -0.2374411 -0.9714021 0 -0.2795197 -0.9601401 0 -0.3622597 -0.9320773 0 -0.4028718 -0.9152565 0 -0.480997 -0.8767223 0 -0.518549 -0.8550479 0 -0.5911032 -0.806596 0 -0.6260586 -0.7797762 0 -0.6916109 -0.7222703 0 -0.7222707 -0.6916105 0 -0.7797749 -0.6260601 0 -0.8065971 -0.5911017 0 -0.8550466 -0.5185512 0 -0.8767233 -0.4809951 0 -0.9152562 -0.4028723 0 -0.9320773 -0.3622596 0 -0.96014 -0.2795197 0 -0.9714021 -0.237441 0 -0.988366 -0.1520947 0 -0.9940577 -0.1088557 0 0.9942091 0.1074627 0 0.9942091 0.1074629 0 -0.1074628 -0.9942091 0 -0.1074628 -0.9942091 0 -1.96254e-6 0 1 -0.9942091 -0.1074627 0 -0.9942091 -0.1074629 0 0.1074628 0.9942091 0 0.1074628 0.9942091 0 1.96254e-6 0 1 -0.9945909 -0.1038702 -2.16128e-6 -0.9775947 -0.2104961 -2.2584e-5 -0.9486834 -0.3162278 0 -0.9486833 -0.3162278 0 -0.2104961 -0.9775947 2.2584e-5 -0.1038702 -0.9945909 2.16128e-6 -0.3162278 -0.9486834 0 -0.3162278 -0.9486833 0 0.987588 0.1570673 0 0.9875831 0.1570979 0 0.9486834 0.3162278 0 0.9486833 0.3162278 0 0.2104961 0.9775947 2.2584e-5 0.1038702 0.9945909 2.16128e-6 0.3162278 0.9486834 0 0.3162278 0.9486833 0 -0.9471907 -0.320671 0 -0.9471907 -0.320671 0 -0.9643876 -0.2644934 0 -0.9743694 -0.224954 0 -0.9883192 -0.1523979 0 -0.9940762 -0.1086854 0 -0.9914387 0.1305737 0 -0.9914387 0.1305732 0 -0.9712377 0.2381122 0 -0.9600096 0.2799671 1.10908e-5 -0.9353642 0.3536863 1.14919e-5 -0.9194859 0.393123 1.16404e-5 -0.8970922 0.4418436 1.14433e-5 -0.8969302 0.4421722 0 -0.3933089 0.9194065 1.16465e-5 -0.3538833 0.9352896 1.15376e-5 -0.4421584 0.8969371 2.20026e-5 -0.4415303 0.8972463 0 -0.2799771 0.9600068 1.10968e-5 -0.2379476 0.9712781 0 -0.1523981 0.9883192 0 -0.1087461 0.9940696 2.69221e-6 -0.02168011 0.999765 2.84582e-6 0.02167564 0.9997651 2.84582e-6 0.1087334 0.994071 2.69225e-6 0.1524151 0.9883166 0 0.2249541 0.9743694 0 0.2644934 0.9643875 0 0.3206715 0.9471906 0 0.3206714 0.9471906 0 0.9471907 0.320671 0 0.9471907 0.320671 0 0.9643876 0.2644934 0 0.9743694 0.224954 0 0.9883192 0.1523979 0 0.9940696 0.1087465 2.69991e-6 0.999765 0.02167958 2.85396e-6 0.9997651 -0.0216751 2.85395e-6 0.994071 -0.1087338 2.69995e-6 0.9883166 -0.1524149 0 0.971278 -0.2379477 0 0.9600068 -0.279977 -1.10906e-5 0.935306 -0.3538399 -1.14904e-5 0.9194065 -0.3933086 -1.16392e-5 0.8969365 -0.4421594 -2.19105e-5 0.8972466 -0.4415299 0 0.3933015 -0.9194096 0 0.3537011 -0.9353586 0 0.4421712 -0.8969308 0 0.4421706 -0.8969311 0 0.2798249 -0.9600511 0 0.2379476 -0.9712781 0 0.1523981 -0.9883192 0 0.108685 -0.9940763 0 0.02163141 -0.9997661 0 -0.02163141 -0.9997661 0 -0.108685 -0.9940763 0 -0.1523981 -0.9883192 0 -0.2249541 -0.9743694 0 -0.2644934 -0.9643875 0 -0.3206715 -0.9471906 0 -0.3206714 -0.9471906 0 0.9997593 0.02194327 -1.07126e-5 0.9997593 -0.02194327 1.07126e-5 0.9940376 0.1090386 7.50966e-6 0.9883571 0.1521522 0 0.9714053 0.2374277 -8.29429e-7 0.9601365 0.2795316 8.29429e-7 0.9320819 0.3622478 0 0.9152701 0.4028407 -8.6134e-6 0.8767285 0.4809858 0 0.8550407 0.518561 0 0.8066046 0.5910915 -8.38941e-7 0.7797688 0.6260676 0 0.722245 0.6916373 0 0.6916373 0.722245 0 0.6260678 0.7797687 1.07612e-5 0.5910913 0.8066047 -9.72587e-6 0.5185611 0.8550407 0 0.4809859 0.8767284 0 0.4028407 0.9152702 8.6134e-6 0.362248 0.9320818 -7.59582e-6 0.2795315 0.9601365 -8.29429e-7 0.2374275 0.9714053 8.29429e-7 0.1521522 0.9883571 7.50966e-6 0.1090386 0.9940376 -7.50966e-6 0.02194327 0.9997593 1.07126e-5 -0.02194327 0.9997593 -1.07126e-5 -0.1090386 0.9940376 7.50966e-6 -0.1521522 0.9883571 -7.50966e-6 -0.2374275 0.9714053 -8.29429e-7 -0.2795315 0.9601365 8.29429e-7 -0.362248 0.9320818 7.59582e-6 -0.4028407 0.9152702 -8.6134e-6 -0.4809859 0.8767284 0 -0.5185611 0.8550407 0 -0.5910913 0.8066047 9.72587e-6 -0.6260678 0.7797687 -1.07612e-5 -0.6916373 0.722245 0 -0.722245 0.6916373 0 -0.7797688 0.6260676 0 -0.8066046 0.5910915 8.38941e-7 -0.8550407 0.518561 0 -0.8767285 0.4809857 -7.49216e-6 -0.9152701 0.4028408 8.41076e-6 -0.9320819 0.3622478 0 -0.9601365 0.2795317 8.35301e-6 -0.9714053 0.2374276 8.29429e-7 -0.9883571 0.1521522 9.59362e-6 -0.9940376 0.1090386 -7.50966e-6 -0.9997593 0.02194327 1.07126e-5 -0.9997593 -0.02194327 -1.07126e-5 -0.9940376 -0.1090386 7.50966e-6 -0.9883571 -0.1521522 0 -0.9714053 -0.2374277 -8.29429e-7 -0.9601365 -0.2795316 8.29429e-7 -0.9320819 -0.3622478 0 -0.9152701 -0.4028407 -8.6134e-6 -0.8767285 -0.4809858 0 -0.8550407 -0.518561 0 -0.8066046 -0.5910915 -8.38941e-7 -0.7797688 -0.6260676 0 -0.722245 -0.6916373 0 -0.6916373 -0.722245 0 -0.6260678 -0.7797687 1.07612e-5 -0.5910913 -0.8066047 -9.72587e-6 -0.5185611 -0.8550407 0 -0.4809859 -0.8767284 0 -0.4028407 -0.9152702 8.6134e-6 -0.362248 -0.9320818 -7.59582e-6 -0.2795315 -0.9601365 -8.29429e-7 -0.2374275 -0.9714053 8.29429e-7 -0.1521522 -0.9883571 7.50966e-6 -0.1090386 -0.9940376 -7.50966e-6 -0.02194327 -0.9997593 1.07126e-5 0.02194327 -0.9997593 -1.07126e-5 0.1090386 -0.9940376 7.50966e-6 0.1521522 -0.9883571 -7.50966e-6 0.2374275 -0.9714053 -8.29429e-7 0.2795315 -0.9601365 8.29429e-7 0.362248 -0.9320818 7.59582e-6 0.4028407 -0.9152702 -8.6134e-6 0.4809859 -0.8767284 0 0.5185611 -0.8550407 0 0.5910913 -0.8066047 9.72587e-6 0.6260678 -0.7797687 -1.07612e-5 0.6916373 -0.722245 0 0.722245 -0.6916373 0 0.7797688 -0.6260676 0 0.8066046 -0.5910915 8.38941e-7 0.8550407 -0.518561 0 0.8767285 -0.4809857 -7.49216e-6 0.9152701 -0.4028408 8.41076e-6 0.9320819 -0.3622478 0 0.9601365 -0.2795317 8.35301e-6 0.9714053 -0.2374276 8.29429e-7 0.9883571 -0.1521522 9.59362e-6 0.9940376 -0.1090386 -7.50966e-6 -8.11793e-7 0 1 5.41137e-7 0 1 -4.05848e-7 0 1 -1.21772e-6 0 1 5.41236e-7 0 1 -4.05957e-7 0 1 -1.62343e-6 0 1 1.08259e-6 0 1 5.4119e-7 0 1 -8.11983e-7 0 1 8.11831e-7 0 1 -8.1197e-7 0 1 5.41191e-7 0 1 -8.11653e-7 0 1 -1.62389e-6 0 1 1.08239e-6 0 1 -4.05858e-7 0 1 5.41297e-7 0 1 8.11706e-7 0 1 -5.41137e-7 0 1 4.05893e-7 0 1 1.21772e-6 0 1 -5.41236e-7 0 1 4.05957e-7 0 1 -1.08259e-6 0 1 5.41187e-7 0 1 8.11983e-7 0 1 -8.11831e-7 0 1 8.11925e-7 0 1 -5.41161e-7 0 1 8.11653e-7 0 1 1.62389e-6 0 1 -1.08239e-6 0 1 4.05858e-7 0 1 -5.41297e-7 0 1 4.05927e-7 0 1 -4.05939e-7 0 1 0.7799782 0.6258068 0 0.7520741 0.6590787 0 0.7520741 0.6590787 0 0.8064758 0.5912672 8.54391e-6 0.8547642 0.5190168 0 0.8765871 0.4812434 0 0.9152289 0.4029344 -1.07375e-5 0.9320635 0.3622949 8.6333e-6 0.9600538 0.2798156 -9.56368e-6 0.9712789 0.2379442 0 0.9883208 0.1523879 -1.07595e-5 0.9940761 0.1086871 0 0.9997652 0.02167528 -8.50821e-6 0.9997652 -0.02167528 8.50821e-6 0.9940761 -0.1086871 0 0.9883208 -0.1523879 1.07595e-5 0.9712789 -0.2379442 0 0.9600538 -0.2798156 -8.24951e-7 0.9320635 -0.3622949 -8.6333e-6 0.9152289 -0.4029344 1.07375e-5 0.8765871 -0.4812434 0 0.8547642 -0.5190168 0 0.8064758 -0.5912672 -8.54391e-6 0.7799782 -0.6258068 0 0.722456 -0.6914169 8.35331e-7 0.6914169 -0.722456 -8.35331e-7 0.6258069 -0.779978 -1.93917e-7 0.5912672 -0.8064758 0 0.5190169 -0.854764 0 0.4812434 -0.876587 8.36039e-6 0.4029346 -0.9152287 -8.6333e-6 0.3622948 -0.9320636 1.95945e-7 0.2798159 -0.9600537 0 0.2379439 -0.9712789 -8.24951e-7 0.1523882 -0.9883208 -8.44747e-6 0.1086868 -0.9940761 0 0.02167558 -0.9997652 -8.50821e-6 -0.02167558 -0.9997652 8.50821e-6 -0.1086868 -0.9940761 0 -0.1523882 -0.9883208 8.44747e-6 -0.2379439 -0.9712789 8.24951e-7 -0.2798159 -0.9600537 0 -0.3622948 -0.9320636 -1.95945e-7 -0.4029346 -0.9152287 8.6333e-6 -0.4812434 -0.876587 -8.36039e-6 -0.5190169 -0.854764 0 -0.5912672 -0.8064758 0 -0.6258069 -0.779978 1.93917e-7 -0.6914169 -0.722456 8.35331e-7 -0.722456 -0.6914169 -8.35331e-7 -0.7799782 -0.6258068 0 -0.8064758 -0.5912672 8.54391e-6 -0.8547642 -0.5190168 0 -0.8765871 -0.4812434 0 -0.9152289 -0.4029344 -1.07375e-5 -0.9320635 -0.3622949 8.6333e-6 -0.9600538 -0.2798156 -9.56368e-6 -0.9712789 -0.2379442 0 -0.9883208 -0.1523879 -1.07595e-5 -0.9940761 -0.1086871 0 -0.9997652 -0.02167528 -8.50821e-6 -0.9997652 0.02167528 8.50821e-6 -0.9940761 0.1086871 0 -0.9883208 0.1523879 1.07595e-5 -0.9712789 0.2379442 0 -0.9600538 0.2798156 -8.24951e-7 -0.9320635 0.3622949 -8.6333e-6 -0.9152289 0.4029344 1.07375e-5 -0.8765871 0.4812434 0 -0.8547642 0.5190168 0 -0.8064758 0.5912672 -8.54391e-6 -0.7799782 0.6258068 0 -0.7520741 0.6590787 0 -0.7520741 0.6590787 0 -8.11837e-7 0 -1 -9.13315e-7 0 -1 8.11836e-7 0 -1 -4.05917e-7 0 -1 9.13316e-7 0 -1 4.56657e-7 0 -1 -8.11838e-7 0 -1 1.82663e-6 0 -1 9.13316e-7 0 -1 8.11834e-7 0 -1 -7.54187e-7 0 -1 9.13315e-7 0 -1 -4.05919e-7 0 -1 8.48461e-7 0 -1 8.11835e-7 0 -1 -1.36997e-6 0 -1 -9.13315e-7 0 -1 9.13317e-7 0 -1 -9.13313e-7 0 -1 4.56596e-7 0 -1 -6.0882e-7 0 -1 2.86417e-7 0 -1 -4.56658e-7 0 -1 2.26995e-7 0 -1 0.7520764 -0.659076 0 0.7520765 -0.6590759 0 0.779979 -0.6258059 0 0.8064767 -0.5912661 0 0.854788 -0.5189772 0 0.8765869 -0.4812439 0 0.9152283 -0.4029358 0 0.9320461 -0.3623398 0 0.9600537 -0.2798162 0 0.9712788 -0.2379447 0 0.988321 -0.1523872 0 0.9940761 -0.1086863 0 0.9997652 -0.02167528 0 0.9997652 0.02167528 0 0.9940761 0.1086865 0 0.9883209 0.1523873 0 0.9712788 0.2379446 0 0.9600537 0.279816 0 0.932046 0.3623399 0 0.9152283 0.4029358 0 0.8765656 0.4812825 0 0.8547894 0.518975 0 0.8064762 0.5912666 0 0.7799787 0.6258062 0 0.722456 0.6914169 0 0.6914168 0.7224561 0 0.6258084 0.7799769 0 0.5912687 0.8064746 0 0.5189775 0.854788 0 0.4812439 0.8765868 0 0.4029347 0.9152287 0 0.362295 0.9320635 0 0.2798107 0.9600552 0 0.2379388 0.9712802 0 0.1523866 0.988321 0 0.108685 0.9940763 0 0.02167552 0.9997652 0 -0.02167552 0.9997652 0 -0.108685 0.9940763 0 -0.1523866 0.988321 0 -0.2379388 0.9712802 0 -0.2798107 0.9600552 0 -0.362295 0.9320635 0 -0.4029347 0.9152287 0 -0.4812439 0.8765868 0 -0.5189775 0.854788 0 -0.5912687 0.8064746 0 -0.6258084 0.7799769 0 -0.6914168 0.7224561 0 -0.722456 0.6914169 0 -0.7799787 0.6258062 0 -0.8064762 0.5912666 0 -0.8547894 0.518975 0 -0.8765656 0.4812825 0 -0.9152283 0.4029358 0 -0.932046 0.3623399 0 -0.9600537 0.279816 0 -0.9712788 0.2379446 0 -0.9883209 0.1523873 0 -0.9940761 0.1086865 0 -0.9997652 0.02167528 0 -0.9997652 -0.02167528 0 -0.9940761 -0.1086863 0 -0.988321 -0.1523872 0 -0.9712788 -0.2379447 0 -0.9600537 -0.2798162 0 -0.9320461 -0.3623398 0 -0.9152283 -0.4029358 0 -0.8765869 -0.4812439 0 -0.854788 -0.5189772 0 -0.8064767 -0.5912661 0 -0.779979 -0.6258059 0 -0.7520764 -0.659076 0 -0.7520765 -0.6590759 0 -3.98961e-6 0 1 1.18687e-5 0 1 -7.98338e-6 0 1 3.97733e-6 0 1 -3.99189e-6 0 1 3.99028e-6 0 1 3.9897e-6 0 1 -1.18855e-5 0 1 7.97368e-6 0 1 -3.97733e-6 0 1 1.18375e-5 0 -1 0.946821 0.3217607 0 0.9156363 0.4020077 -1.52267e-6 0.9127652 0.3542462 0.2033951 0.927157 0.3150784 0.2027451 0.8555027 0.5177983 1.91048e-7 0.8589261 0.469973 0.2033993 0.7803338 0.6253632 -8.68791e-7 0.7901971 0.5781103 0.2034134 0.6922975 0.7216123 -4.22473e-7 0.7078396 0.6764559 0.2033976 0.5918591 0.8060414 -8.6811e-7 0.6136968 0.7628864 0.2034223 0.4818312 0.8762641 -1.02625e-6 0.5084928 0.8366979 0.2034008 0.3629927 0.9317921 -1.22351e-6 0.3952587 0.8957623 0.2034223 0.3208684 0.9471239 0 0.3142032 0.9274523 0.2027531 0.9128208 0.3542671 -0.2031086 0.927157 0.3150784 -0.2027451 0.8589791 0.4700014 -0.2031099 0.7902465 0.5781456 -0.2031214 0.707883 0.6764965 -0.2031116 0.6137357 0.7629337 -0.2031275 0.508524 0.8367482 -0.2031153 0.395284 0.8958181 -0.2031274 0.3142032 0.9274523 -0.202753 -0.9158341 -0.3112693 0.2536916 -0.8855754 -0.3888028 0.2541428 -0.901646 -0.349928 0.2541357 -0.9158345 -0.3112683 0.2536916 -0.8274185 -0.5007867 0.2541483 -0.848462 -0.4642481 0.2541376 -0.7547293 -0.6048031 0.2541594 -0.78056 -0.5710812 0.2541506 -0.6695985 -0.6978867 0.2541497 -0.6992223 -0.6682071 0.2541409 -0.5724159 -0.7795761 0.2541679 -0.60624 -0.7535763 0.2541568 -0.4660487 -0.8474696 0.2541534 -0.5023052 -0.8264989 0.2541441 -0.3510662 -0.9011946 0.2541669 -0.390466 -0.8848387 0.254159 -0.3103342 -0.9161488 0.2537012 -0.3103359 -0.9161481 0.2537016 -0.901646 -0.349928 -0.2541357 -0.8855754 -0.3888028 -0.2541428 -0.9158341 -0.3112692 -0.2536916 -0.9158344 -0.3112683 -0.2536915 -0.8484621 -0.4642482 -0.2541375 -0.8274185 -0.5007867 -0.2541484 -0.78056 -0.5710812 -0.2541506 -0.7547293 -0.604803 -0.2541594 -0.6992223 -0.6682071 -0.2541409 -0.6695985 -0.6978868 -0.2541497 -0.60624 -0.7535765 -0.2541569 -0.5724159 -0.7795761 -0.2541679 -0.5023052 -0.8264989 -0.2541441 -0.4660487 -0.8474696 -0.2541534 -0.3904661 -0.8848388 -0.254159 -0.3510662 -0.9011946 -0.254167 -0.3103359 -0.9161481 -0.2537015 -0.3103342 -0.9161488 -0.2537012 -0.3217608 0.946821 0 -0.4020076 0.9156364 -1.56403e-6 -0.3542463 0.9127652 0.2033947 -0.3150789 0.9271569 0.2027448 -0.5177984 0.8555027 2.00401e-7 -0.469973 0.8589262 0.2033991 -0.6253634 0.7803338 -8.52757e-7 -0.5781103 0.7901971 0.2034134 -0.7216123 0.6922975 -3.96554e-7 -0.6764558 0.7078397 0.2033976 -0.8060415 0.5918589 -8.26114e-7 -0.7628865 0.6136969 0.203422 -0.8762643 0.4818307 -1.01134e-6 -0.8366978 0.5084931 0.2034003 -0.9317922 0.3629922 -1.1999e-6 -0.8957622 0.3952594 0.2034217 -0.947124 0.3208681 0 -0.9274522 0.3142037 0.2027525 -0.3542673 0.9128209 -0.203108 -0.3150789 0.9271569 -0.2027448 -0.4700013 0.8589792 -0.2031096 -0.5781456 0.7902466 -0.2031213 -0.6764962 0.7078827 -0.2031135 -0.7629338 0.6137357 -0.2031272 -0.8367481 0.5085244 -0.2031151 -0.8958179 0.3952846 -0.2031267 -0.9274522 0.3142037 -0.2027525 0.3112681 -0.9158345 0.2536915 0.3888021 -0.8855758 0.2541428 0.349885 -0.9016627 0.2541356 0.3112682 -0.9158344 0.2536917 0.5007863 -0.8274187 0.2541484 0.4642485 -0.8484619 0.2541375 0.6048032 -0.7547292 0.2541593 0.5710811 -0.78056 0.2541503 0.6978868 -0.6695983 0.25415 0.6682071 -0.6992223 0.2541408 0.7795759 -0.572416 0.2541679 0.7535761 -0.6062397 0.2541587 0.8474696 -0.4660488 0.2541531 0.8264994 -0.5023044 0.2541443 0.9011946 -0.3510667 0.2541664 0.8848389 -0.3904655 0.2541593 0.9161487 -0.3103345 0.2537008 0.916148 -0.3103359 0.2537019 0 0 1 0.3498852 -0.9016632 -0.2541338 0.3888021 -0.8855758 -0.254143 0.3112681 -0.9158344 -0.2536917 0.3112682 -0.9158343 -0.253692 0.4642485 -0.8484619 -0.2541375 0.5007863 -0.8274187 -0.2541484 0.5710811 -0.7805602 -0.2541503 0.6048032 -0.7547292 -0.2541593 0.6682071 -0.6992223 -0.2541407 0.6978868 -0.6695982 -0.2541499 0.7535761 -0.6062397 -0.2541587 0.779576 -0.5724161 -0.254168 0.8264994 -0.5023043 -0.2541441 0.8474697 -0.4660488 -0.2541531 0.8848389 -0.3904655 -0.2541594 0.9011945 -0.3510667 -0.2541666 0.916148 -0.3103359 -0.2537019 0.9161487 -0.3103345 -0.2537008 0 0 1 0 0 -1 -0.946821 -0.3217607 0 -0.9156363 -0.4020077 -1.52267e-6 -0.9127652 -0.3542462 0.2033951 -0.927157 -0.3150784 0.2027451 -0.8555027 -0.5177983 1.91048e-7 -0.8589261 -0.469973 0.2033993 -0.7803338 -0.6253632 -8.68791e-7 -0.7901971 -0.5781103 0.2034134 -0.6922975 -0.7216123 -4.22473e-7 -0.7078396 -0.6764559 0.2033976 -0.5918591 -0.8060414 -8.6811e-7 -0.6136968 -0.7628864 0.2034223 -0.4818312 -0.8762641 -1.02625e-6 -0.5084928 -0.8366979 0.2034008 -0.3629927 -0.9317921 -1.22351e-6 -0.3952587 -0.8957623 0.2034223 -0.3208684 -0.9471239 0 -0.3142032 -0.9274523 0.2027531 -0.9128208 -0.3542671 -0.2031086 -0.927157 -0.3150784 -0.2027451 -0.8589791 -0.4700014 -0.2031099 -0.7902465 -0.5781456 -0.2031214 -0.707883 -0.6764965 -0.2031116 -0.6137357 -0.7629337 -0.2031275 -0.508524 -0.8367482 -0.2031153 -0.395284 -0.8958181 -0.2031274 -0.3142032 -0.9274523 -0.202753 0.9158341 0.3112693 0.2536916 0.8855754 0.3888028 0.2541428 0.901646 0.349928 0.2541357 0.9158345 0.3112683 0.2536916 0.8274185 0.5007867 0.2541483 0.848462 0.4642481 0.2541376 0.7547293 0.6048031 0.2541594 0.78056 0.5710812 0.2541506 0.6695985 0.6978867 0.2541497 0.6992223 0.6682071 0.2541409 0.5724159 0.7795761 0.2541679 0.60624 0.7535763 0.2541568 0.4660487 0.8474696 0.2541534 0.5023052 0.8264989 0.2541441 0.3510662 0.9011946 0.2541669 0.390466 0.8848387 0.254159 0.3103342 0.9161488 0.2537012 0.3103359 0.9161481 0.2537016 4.51201e-7 0 1 0.901646 0.349928 -0.2541357 0.8855754 0.3888028 -0.2541428 0.9158341 0.3112692 -0.2536916 0.9158344 0.3112683 -0.2536915 0.8484621 0.4642482 -0.2541375 0.8274185 0.5007867 -0.2541484 0.78056 0.5710812 -0.2541506 0.7547293 0.604803 -0.2541594 0.6992223 0.6682071 -0.2541409 0.6695985 0.6978868 -0.2541497 0.60624 0.7535765 -0.2541569 0.5724159 0.7795761 -0.2541679 0.5023052 0.8264989 -0.2541441 0.4660487 0.8474696 -0.2541534 0.3904661 0.8848388 -0.254159 0.3510662 0.9011946 -0.254167 0.3103359 0.9161481 -0.2537015 0.3103342 0.9161488 -0.2537012 0.3217608 -0.946821 0 0.4020076 -0.9156364 -1.56403e-6 0.3542463 -0.9127652 0.2033947 0.3150789 -0.9271569 0.2027448 0.5177984 -0.8555027 2.00401e-7 0.469973 -0.8589262 0.2033991 0.6253634 -0.7803338 -8.52757e-7 0.5781103 -0.7901971 0.2034134 0.7216123 -0.6922975 -3.96554e-7 0.6764558 -0.7078397 0.2033976 0.8060415 -0.5918589 -8.26114e-7 0.7628865 -0.6136969 0.203422 0.8762643 -0.4818307 -1.01134e-6 0.8366978 -0.5084931 0.2034003 0.9317922 -0.3629922 -1.1999e-6 0.8957622 -0.3952594 0.2034217 0.947124 -0.3208681 0 0.9274522 -0.3142037 0.2027525 0.3542673 -0.9128209 -0.203108 0.3150789 -0.9271569 -0.2027448 0.4700013 -0.8589792 -0.2031096 0.5781456 -0.7902466 -0.2031213 0.6764962 -0.7078827 -0.2031135 0.7629338 -0.6137357 -0.2031272 0.8367481 -0.5085244 -0.2031151 0.8958179 -0.3952846 -0.2031267 0.9274522 -0.3142037 -0.2027525 -0.3112681 0.9158345 0.2536915 -0.3888021 0.8855758 0.2541428 -0.349885 0.9016627 0.2541356 -0.3112682 0.9158344 0.2536917 -0.5007863 0.8274187 0.2541484 -0.4642485 0.8484619 0.2541375 -0.6048032 0.7547292 0.2541593 -0.5710811 0.78056 0.2541503 -0.6978868 0.6695983 0.25415 -0.6682071 0.6992223 0.2541408 -0.7795759 0.572416 0.2541679 -0.7535761 0.6062397 0.2541587 -0.8474696 0.4660488 0.2541531 -0.8264994 0.5023044 0.2541443 -0.9011946 0.3510667 0.2541664 -0.8848389 0.3904655 0.2541593 -0.9161487 0.3103345 0.2537008 -0.916148 0.3103359 0.2537019 -0.3498852 0.9016632 -0.2541338 -0.3888021 0.8855758 -0.254143 -0.3112681 0.9158344 -0.2536917 -0.3112682 0.9158343 -0.253692 -0.4642485 0.8484619 -0.2541375 -0.5007863 0.8274187 -0.2541484 -0.5710811 0.7805602 -0.2541503 -0.6048032 0.7547292 -0.2541593 -0.6682071 0.6992223 -0.2541407 -0.6978868 0.6695982 -0.2541499 -0.7535761 0.6062397 -0.2541587 -0.779576 0.5724161 -0.254168 -0.8264994 0.5023043 -0.2541441 -0.8474697 0.4660488 -0.2541531 -0.8848389 0.3904655 -0.2541594 -0.9011945 0.3510667 -0.2541666 -0.916148 0.3103359 -0.2537019 -0.9161487 0.3103345 -0.2537008 0.9068483 0.004315614 -0.4214353 0.8996381 -0.114248 -0.4214249 0.8445599 -0.092166 -0.5274696 0.8493258 0.01919806 -0.5275198 0.877108 -0.2303228 -0.4214654 0.8254359 -0.2012338 -0.5274094 0.8394722 -0.3429849 -0.4214831 0.7920494 -0.3072713 -0.5274868 0.7875508 -0.4496194 -0.4214338 0.7450532 -0.4081707 -0.5275343 0.7220934 -0.5486007 -0.4214481 0.6855115 -0.5017326 -0.5275778 0.6442511 -0.6382223 -0.4214416 0.6139484 -0.5872296 -0.5274739 0.5554709 -0.7168102 -0.421468 0.5322737 -0.662109 -0.5275382 0.4570064 -0.7832896 -0.4214293 0.4409518 -0.7261471 -0.5275148 0.3509953 -0.8361597 -0.4214729 0.3427166 -0.7773468 -0.52752 0.2385916 -0.8749217 -0.4214099 0.2379654 -0.8155256 -0.5275325 0.1226829 -0.8985256 -0.4214269 0.1297372 -0.8396114 -0.5274667 0.004331469 -0.9068251 -0.4214848 0.0191648 -0.8493858 -0.5274245 0.9716075 0.001767992 -0.2365922 0.9635031 -0.1251845 -0.2366237 0.9390163 -0.2495146 -0.2366238 0.8983401 -0.3701389 -0.236606 0.8423858 -0.484162 -0.2365869 0.7719326 -0.5900314 -0.2366075 0.6882709 -0.6857779 -0.236626 0.5928493 -0.7697728 -0.2366002 0.487199 -0.8406312 -0.2365936 0.3734326 -0.8969774 -0.2366003 0.2529222 -0.9381104 -0.2365996 0.1286682 -0.9630429 -0.2366285 0.001789808 -0.9715971 -0.2366346 0.9997634 -0.02175259 0 0.9883828 -0.1519851 -1.31926e-6 0.9601874 -0.279357 -3.327e-7 0.9153429 -0.4026753 1.84389e-7 0.8551685 -0.5183503 6.1897e-7 0.7799058 -0.6258971 -2.16944e-7 0.6917762 -0.7221119 1.04117e-6 0.5912669 -0.806476 -1.73412e-6 0.4811913 -0.8766158 1.47473e-6 0.3624604 -0.9319992 1.84774e-6 0.2376276 -0.9713564 -1.80899e-6 0.1092064 -0.9940191 -6.36338e-7 -0.02175289 -0.9997634 9.78913e-7 0.8445929 -0.09213662 0.5274218 0.8996128 -0.1141818 0.4214966 0.9068304 0.004303336 0.4214736 0.8493854 0.01916414 0.5274252 0.825385 -0.2011833 0.5275081 0.8771049 -0.2303223 0.4214722 0.7920087 -0.3072922 0.5275357 0.8394877 -0.3430171 0.4214259 0.7450525 -0.4081702 0.5275357 0.7875434 -0.44964 0.4214255 0.6855267 -0.5017716 0.527521 0.7220699 -0.5486013 0.4214876 0.6139759 -0.5872281 0.5274437 0.6442511 -0.638223 0.4214404 0.5322809 -0.6621479 0.5274819 0.5554729 -0.7168104 0.4214649 0.4409767 -0.726152 0.5274874 0.4569988 -0.7832665 0.4214806 0.3427166 -0.7773469 0.52752 0.3509851 -0.8361933 0.4214147 0.2379487 -0.815594 0.5274344 0.2385951 -0.8749234 0.4214043 0.129775 -0.8396362 0.527418 0.1227204 -0.8985146 0.4214397 0.01916474 -0.8493859 0.5274245 0.004302382 -0.9068303 0.421474 0.9635086 -0.1251718 0.236608 0.9715946 0.001780748 0.2366451 0.9390258 -0.2495311 0.236569 0.8983402 -0.3701387 0.2366061 0.8423802 -0.4841675 0.2365955 0.7719314 -0.59002 0.2366396 0.6882638 -0.6857817 0.2366356 0.5928509 -0.7697618 0.2366319 0.4871991 -0.8406311 0.2365936 0.3734189 -0.8969789 0.2366164 0.2529316 -0.938094 0.2366544 0.1286681 -0.9630429 0.2366284 0.001780152 -0.9715943 0.236646 -0.004331707 0.9068251 -0.4214849 0.1141717 0.8996325 -0.4214574 0.09210592 0.8445514 -0.5274937 -0.0191648 0.8493858 -0.5274245 0.2303534 0.8771018 -0.4214614 0.2012021 0.8253582 -0.527543 0.3430312 0.8394846 -0.4214207 0.3072921 0.7920088 -0.5275355 0.4496396 0.787545 -0.4214228 0.4081944 0.7450653 -0.5274988 0.5485874 0.7220773 -0.4214929 0.5017681 0.6855441 -0.5275018 0.63822 0.6442255 -0.421484 0.587228 0.613976 -0.5274438 0.7168104 0.5554731 -0.4214648 0.6621486 0.5322809 -0.5274811 0.7832655 0.4570004 -0.4214805 0.7261524 0.4409766 -0.5274869 0.8361595 0.3509954 -0.4214731 0.7773465 0.3427174 -0.5275199 0.8749219 0.2385916 -0.4214093 0.8155258 0.2379652 -0.5275323 0.8985145 0.122718 -0.4214406 0.8396043 0.1297866 -0.5274658 -0.00178945 0.9715971 -0.2366344 0.1251828 0.963517 -0.2365679 0.2495309 0.9390257 -0.2365694 0.3701426 0.8983372 -0.2366114 0.4841607 0.8423786 -0.2366155 0.5900201 0.7719314 -0.23664 0.6857815 0.688264 -0.2366356 0.7697617 0.5928512 -0.2366315 0.8406311 0.487199 -0.2365936 0.8969774 0.3734326 -0.2366005 0.9381105 0.2529224 -0.2365989 0.9630448 0.1286808 -0.2366136 0.02175289 0.9997634 0 0.1519844 0.988383 -1.32389e-6 0.2793576 0.9601872 -3.06828e-7 0.402675 0.915343 1.71309e-7 0.5183503 0.8551684 5.66003e-7 0.6258969 0.779906 -3.60258e-7 0.7221119 0.6917763 1.02623e-6 0.8064761 0.5912669 -1.60585e-6 0.8766158 0.4811911 1.52608e-6 0.9319992 0.3624606 1.86411e-6 0.9713563 0.2376276 -1.83104e-6 0.9940192 0.109206 -6.39877e-7 0.09216612 0.8445603 0.5274689 0.11421 0.899636 0.4214395 -0.00428909 0.9068522 0.4214269 -0.01917338 0.8493041 0.5275555 0.2011834 0.8253849 0.5275083 0.2303223 0.8771049 0.4214721 0.3072921 0.7920088 0.5275356 0.3430296 0.839485 0.4214211 0.4081946 0.7450655 0.5274984 0.449639 0.7875453 0.4214227 0.501768 0.6855441 0.5275019 0.5485863 0.7221035 0.4214497 0.5872281 0.6139761 0.5274436 0.6381992 0.6442402 0.4214931 0.6621088 0.5322737 0.5275382 0.7168106 0.5554707 0.4214676 0.7261472 0.4409516 0.5275149 0.7832894 0.4570066 0.4214292 0.7773466 0.3427174 0.5275199 0.8361805 0.3509628 0.4214586 0.8155944 0.2379485 0.5274339 0.8749237 0.2385951 0.4214035 0.8396362 0.1297756 0.5274178 0.8985146 0.1227203 0.4214397 0.1251714 0.9635088 0.2366076 -0.001767516 0.9716073 0.2365929 0.2495313 0.9390256 0.2365693 0.3701245 0.8983561 0.2365679 0.4841606 0.8423786 0.2366156 0.5900201 0.7719314 0.23664 0.6857776 0.6882712 0.2366262 0.7697727 0.5928495 0.2366002 0.8406311 0.4871991 0.2365937 0.8969789 0.3734188 0.2366166 0.9380941 0.252932 0.2366536 0.9630427 0.1286683 0.2366293 -0.9068253 -0.004331588 -0.4214845 -0.8996347 0.1142089 -0.4214426 -0.844552 0.0921058 -0.5274928 -0.8493853 -0.01916414 -0.5274252 -0.8771051 0.2303516 -0.4214558 -0.8254088 0.2012525 -0.5274448 -0.8394694 0.3429978 -0.4214782 -0.7920494 0.3072713 -0.5274868 -0.787545 0.4496396 -0.4214229 -0.7450654 0.4081945 -0.5274987 -0.7221031 0.5485873 -0.421449 -0.6855443 0.5017681 -0.5275015 -0.6442399 0.6381993 -0.4214935 -0.613976 0.5872281 -0.5274436 -0.5554709 0.7168102 -0.421468 -0.5322737 0.662109 -0.5275382 -0.4570064 0.7832896 -0.4214293 -0.4409518 0.7261471 -0.5275148 -0.3509856 0.836193 -0.4214149 -0.3427166 0.7773468 -0.52752 -0.2385947 0.8749237 -0.4214039 -0.2379487 0.8155939 -0.5274345 -0.1227017 0.8984968 -0.4214832 -0.1297751 0.839636 -0.5274182 -0.9715974 -0.001789927 -0.2366335 -0.9635114 0.1251949 -0.2365843 -0.9390163 0.2495146 -0.2366238 -0.8983372 0.3701422 -0.2366116 -0.8423787 0.4841604 -0.2366157 -0.7719316 0.59002 -0.2366394 -0.6882709 0.6857779 -0.236626 -0.5928493 0.7697728 -0.2366002 -0.487199 0.8406312 -0.2365936 -0.3734188 0.8969789 -0.2366164 -0.2529312 0.9380942 -0.2366542 -0.1286682 0.9630429 -0.2366285 -0.9997634 0.02175259 0 -0.9883828 0.1519851 -1.31926e-6 -0.9601874 0.279357 -3.327e-7 -0.9153429 0.4026753 1.84389e-7 -0.8551685 0.5183503 6.1897e-7 -0.7799058 0.6258971 -2.16944e-7 -0.6917762 0.7221119 1.04117e-6 -0.5912669 0.806476 -1.73412e-6 -0.4811913 0.8766158 1.47473e-6 -0.3624604 0.9319992 1.84774e-6 -0.2376276 0.9713564 -1.80899e-6 -0.1092064 0.9940191 -6.36338e-7 -0.844519 0.09213513 0.5275405 -0.8996339 0.1142106 0.4214438 -0.9068229 -0.00432825 0.42149 -0.8493258 -0.01919806 0.5275198 -0.8253579 0.2012022 0.5275436 -0.8771255 0.2303417 0.4214187 -0.7920087 0.3072922 0.5275357 -0.8394849 0.3430299 0.4214209 -0.7450653 0.4081945 0.5274987 -0.7875452 0.449639 0.421423 -0.6855443 0.5017682 0.5275015 -0.7221035 0.5485863 0.4214493 -0.6139759 0.5872281 0.5274437 -0.64424 0.638199 0.4214936 -0.5322739 0.6621089 0.5275381 -0.5554575 0.7167915 0.4215175 -0.4409497 0.7261222 0.5275509 -0.457013 0.7832831 0.4214342 -0.3427058 0.7773206 0.5275657 -0.3509727 0.8361997 0.4214123 -0.237936 0.8155884 0.5274487 -0.2386071 0.8749175 0.4214099 -0.1297935 0.8395884 0.5274894 -0.1227549 0.898501 0.4214584 -0.9635169 0.125183 0.2365683 -0.9715996 -0.001753687 0.2366244 -0.9390258 0.2495311 0.236569 -0.8983373 0.370142 0.2366117 -0.8423787 0.4841603 0.2366157 -0.7719314 0.59002 0.2366396 -0.6882712 0.6857776 0.2366263 -0.5928547 0.7697705 0.2365942 -0.4872012 0.8406366 0.2365694 -0.3734163 0.8969843 0.2366 -0.2529416 0.9380943 0.2366428 -0.128673 0.9630557 0.2365737 -0.1142092 -0.8996344 -0.4214431 -0.09210592 -0.8445514 -0.5274937 -0.2303514 -0.8771052 -0.4214558 -0.2012522 -0.825409 -0.5274445 -0.3429976 -0.8394694 -0.4214782 -0.3072714 -0.7920496 -0.5274862 -0.4496396 -0.787545 -0.4214228 -0.4081944 -0.7450653 -0.5274988 -0.5485575 -0.7220927 -0.4215054 -0.5017681 -0.6855441 -0.5275018 -0.6382225 -0.6442484 -0.4214454 -0.5871721 -0.61396 -0.5275246 -0.7168164 -0.5554361 -0.4215033 -0.6621459 -0.5322435 -0.5275223 -0.7832748 -0.4570231 -0.4214385 -0.726127 -0.4409752 -0.527523 -0.8361788 -0.3510071 -0.4214252 -0.7773419 -0.3427027 -0.5275364 -0.8749219 -0.2385916 -0.4214093 -0.8155258 -0.2379652 -0.5275323 -0.8985257 -0.1226831 -0.4214267 -0.8396043 -0.1297866 -0.5274658 -0.1251727 -0.9635252 -0.23654 -0.2495148 -0.9390162 -0.236624 -0.3701426 -0.8983372 -0.2366114 -0.4841607 -0.8423786 -0.2366155 -0.5900261 -0.7719173 -0.2366704 -0.6857972 -0.6882638 -0.2365908 -0.7697601 -0.5928559 -0.2366251 -0.8406377 -0.4871972 -0.2365739 -0.8969774 -0.3734326 -0.2366005 -0.9381105 -0.2529224 -0.2365989 -0.9630427 -0.1286683 -0.2366293 -0.1519844 -0.988383 -1.32389e-6 -0.2793576 -0.9601872 -3.06828e-7 -0.402675 -0.915343 1.71309e-7 -0.5183503 -0.8551684 5.66003e-7 -0.6258969 -0.779906 -3.60258e-7 -0.7221119 -0.6917763 1.02623e-6 -0.8064761 -0.5912669 -1.60585e-6 -0.8766158 -0.4811911 1.52608e-6 -0.9319992 -0.3624606 1.86411e-6 -0.9713563 -0.2376276 -1.83104e-6 -0.9940192 -0.109206 -6.39877e-7 -0.09213668 -0.8445925 0.5274224 -0.1141819 -0.8996127 0.4214969 -0.2011834 -0.8253849 0.5275083 -0.2303223 -0.8771049 0.4214721 -0.3072921 -0.7920088 0.5275356 -0.343017 -0.8394876 0.421426 -0.4081705 -0.7450525 0.5275354 -0.4496199 -0.7875502 0.4214342 -0.5017326 -0.6855118 0.5275775 -0.5486013 -0.7220932 0.4214476 -0.5872299 -0.6139489 0.527473 -0.6382224 -0.6442509 0.4214417 -0.6621088 -0.5322737 0.5275382 -0.7167915 -0.5554575 0.4215176 -0.726122 -0.4409502 0.5275508 -0.7832896 -0.4570053 0.4214308 -0.7773419 -0.3427027 0.5275365 -0.8361999 -0.3509742 0.4214106 -0.8155944 -0.2379485 0.5274339 -0.8749237 -0.2385951 0.4214035 -0.8396362 -0.1297756 0.5274178 -0.8985026 -0.1227578 0.4214543 -0.1251714 -0.9635088 0.2366076 -0.2495313 -0.9390256 0.2365693 -0.3701385 -0.8983402 0.2366062 -0.484162 -0.8423858 0.236587 -0.5900316 -0.7719323 0.2366077 -0.6857776 -0.6882712 0.2366262 -0.7697709 -0.5928543 0.236594 -0.8406376 -0.4871974 0.236574 -0.8969789 -0.3734188 0.2366166 -0.9380941 -0.252932 0.2366536 -0.9630447 -0.1286814 0.2366139 1.08124e-6 0 -1 -1.1411e-6 0 -1 1.08087e-6 0 -1 -1.14092e-6 0 -1 -5.70521e-7 0 -1 -1.35156e-7 0 -1 1.35155e-7 0 -1 -2.70259e-7 0 -1 2.85274e-7 0 -1 2.70218e-7 0 -1 2.85257e-7 0 -1 5.40493e-7 0 -1 5.40534e-7 0 -1 -5.70564e-7 0 -1 1.08104e-6 0 -1 -1.14131e-6 0 -1 -1.08124e-6 0 -1 1.1411e-6 0 -1 -1.08087e-6 0 -1 1.14092e-6 0 -1 5.70521e-7 0 -1 1.35156e-7 0 -1 1.35161e-7 0 -1 -2.85301e-7 0 -1 2.70259e-7 0 -1 -2.85317e-7 0 -1 -2.70218e-7 0 -1 -2.85257e-7 0 -1 -5.40493e-7 0 -1 -5.40534e-7 0 -1 5.70564e-7 0 -1 -1.08104e-6 0 -1 1.14131e-6 0 -1 -1.25135e-5 0 -1 7.4866e-6 0 -1 -4.55913e-6 0 -1 -2.71645e-6 0 -1 2.12235e-6 0 -1 7.43353e-7 0 1 0 0 1 -7.84503e-7 0 1 5.40434e-7 0 1 -6.41767e-7 0 1 -2.70244e-7 0 1 2.85281e-7 0 1 -5.70521e-7 0 1 -2.70243e-7 0 1 -2.8523e-7 0 1 -2.70259e-7 0 1 2.85274e-7 0 1 2.70218e-7 0 1 2.85257e-7 0 1 5.40493e-7 0 1 2.70267e-7 0 1 -5.70564e-7 0 1 2.85257e-7 0 1 0 0 1 7.43214e-7 0 1 0 0 1 -7.8465e-7 0 1 -7.43353e-7 0 1 0 0 1 7.84503e-7 0 1 -5.40434e-7 0 1 6.41767e-7 0 1 2.70244e-7 0 1 -2.85281e-7 0 1 5.70521e-7 0 1 2.70243e-7 0 1 2.8523e-7 0 1 2.70259e-7 0 1 -2.85274e-7 0 1 -2.70218e-7 0 1 -2.85257e-7 0 1 -5.40493e-7 0 1 -2.70267e-7 0 1 5.70564e-7 0 1 -2.85257e-7 0 1 0 0 1 -7.43214e-7 0 1 0 0 1 7.8465e-7 0 1 5.13809e-6 0 1 -3.7438e-6 0 1 1.8699e-6 0 1 -1.35822e-6 0 1 1.19026e-6 0 1 -1.06116e-6 0 1</float_array>
          <technique_common>
            <accessor source="#Inner-Node-Modell_dot_io-16_001-mesh-normals-array" count="3994" stride="3">
              <param name="X" type="float"/>
              <param name="Y" type="float"/>
              <param name="Z" type="float"/>
            </accessor>
          </technique_common>
        </source>
        <vertices id="Inner-Node-Modell_dot_io-16_001-mesh-vertices">
          <input semantic="POSITION" source="#Inner-Node-Modell_dot_io-16_001-mesh-positions"/>
        </vertices>
        <triangles material="SOLID-BLACK-material" count="8732">
          <input semantic="VERTEX" source="#Inner-Node-Modell_dot_io-16_001-mesh-vertices" offset="0"/>
          <input semantic="NORMAL" source="#Inner-Node-Modell_dot_io-16_001-mesh-normals" offset="1"/>
          <p>3207 0 3151 0 2340 0 2340 1 2454 1 3207 1 3357 2 3415 2 3151 2 3151 3 3207 3 3357 3 3415 4 3357 4 3627 4 5260 0 6015 0 6130 0 6130 0 5320 0 5260 0 5112 5 5260 5 5320 5 5320 0 5056 0 5112 0 5056 6 4845 6 5112 6 3211 7 2456 7 2341 7 2341 7 3152 7 3211 7 3359 8 3211 8 3152 8 3152 7 3416 7 3359 7 3416 9 3628 9 3359 9 5265 7 5321 7 6134 7 6131 10 6018 10 5265 10 5114 11 5057 11 5321 11 5321 12 5265 12 5114 12 5057 13 5114 13 4846 13 2760 14 2774 14 2771 14 2771 14 2761 14 2760 14 5747 15 5756 15 5759 15 5759 15 5745 15 5747 15 2121 0 2775 0 2759 0 2759 0 2119 0 2121 0 6405 0 5743 0 5760 0 5760 0 6407 0 6405 0 2769 14 2764 14 2772 14 2772 14 2776 14 2769 14 5749 15 5753 15 5762 15 5762 15 5757 15 5749 15 2123 7 2120 7 2768 7 2768 7 2777 7 2123 7 6406 7 6410 7 5761 7 5761 7 5752 7 6406 7 6395 16 6389 16 5654 16 5654 0 5661 0 6395 0 2815 17 2101 17 2109 17 2109 0 2752 0 2815 0 6396 7 5669 7 5736 7 5736 7 6392 7 6396 7 2753 18 2110 18 2106 18 2106 7 2751 7 2753 7 2829 7 2748 7 5733 7 5733 7 5666 7 2829 7 254 19 39 19 51 19 51 20 258 20 254 20 269 21 54 21 42 21 42 22 265 22 269 22 59 23 38 23 253 23 253 0 101 0 59 0 109 24 266 24 43 24 43 0 62 0 109 0 264 20 260 20 52 20 52 25 41 25 264 25 272 22 274 22 44 22 44 26 57 26 272 26 60 7 102 7 262 7 262 7 40 7 60 7 110 7 64 7 45 7 45 7 276 7 110 7 2038 0 2101 0 2815 0 2815 0 1862 0 2038 0 2809 0 2081 0 2034 0 2034 0 1873 0 2809 0 2039 7 1870 7 2099 7 2099 7 2106 7 2039 7 1874 7 2035 7 2086 7 2086 27 2091 27 1874 27 1857 7 2088 7 2097 7 2097 7 1868 7 1857 7 5705 15 5696 15 5700 15 5700 15 5708 15 5705 15 2723 14 2714 14 2710 14 2710 14 2720 14 2723 14 6351 0 5695 0 5704 0 5704 0 6354 0 6351 0 2068 0 2718 0 2711 0 2711 0 2065 0 2068 0 5712 15 5709 15 5701 15 5701 15 5698 15 5712 15 2726 14 2728 14 2712 14 2712 14 2717 14 2726 14 6353 7 6355 7 5713 7 5713 7 5697 7 6353 7 2069 7 2066 7 2713 7 2713 7 2727 7 2069 7 2078 17 2081 17 2809 17 2809 0 2802 0 2078 0 5645 16 6366 16 6364 16 6364 0 5719 0 5645 0 2079 7 2808 7 2739 7 2739 7 2086 7 2079 7 5720 28 6365 28 6371 28 6371 7 5724 7 5720 7 5642 7 5722 7 2736 7 2736 7 2805 7 5642 7 8211 29 8434 29 8422 29 8422 22 8214 22 8211 22 8201 30 8418 30 8431 30 8431 20 8199 20 8201 20 8415 0 8435 0 8210 0 8210 0 8372 0 8415 0 8364 0 8198 0 8430 0 8430 0 8411 0 8364 0 8219 22 8217 22 8424 22 8424 31 8436 31 8219 31 8204 20 8209 20 8433 20 8433 32 8420 32 8204 32 8416 7 8373 7 8220 7 8220 7 8437 7 8416 7 8365 7 8412 7 8432 7 8432 7 8207 7 8365 7 6435 0 6366 0 5645 0 5645 0 6604 0 6435 0 5654 0 6389 0 6439 0 6439 33 6600 33 5654 33 6436 7 6613 7 6376 7 6376 7 6371 7 6436 7 6601 7 6440 7 6392 7 6392 7 6386 7 6601 7 6620 7 6383 7 6374 7 6374 7 6608 7 6620 7 6380 7 4223 7 5722 7 5722 7 6374 7 6380 7 4243 7 6380 7 6383 7 6383 7 5733 7 4243 7 2093 7 4243 7 2748 7 2748 7 2097 7 2093 7 4223 7 2093 7 2088 7 2088 7 2736 7 4223 7 3065 34 3056 34 2734 34 2734 35 2740 35 3065 35 3435 0 3431 0 3059 0 3059 36 3070 36 3435 36 3431 0 3925 0 4227 0 4227 0 4219 0 3431 0 3831 0 3925 0 3431 0 3435 0 3831 0 3431 0 5400 0 5725 0 5719 0 5719 37 5390 37 5400 37 5034 0 5404 0 5394 0 5394 38 5030 38 5034 38 5030 0 4219 0 4227 0 4227 0 4545 0 5030 0 4639 0 5030 0 4545 0 5034 0 5030 0 4639 0 4145 39 2553 40 2457 41 2457 41 3210 42 4145 39 3212 43 3360 44 2930 45 4145 39 5264 46 6017 47 6017 47 5918 48 4145 39 5263 49 5543 50 5115 51 4144 52 3208 53 2455 54 2455 54 2552 55 4144 52 3209 56 2929 57 3358 58 4144 52 5917 59 6016 60 6016 60 5262 61 4144 52 5261 62 5113 63 5542 64 8428 65 8457 66 8461 67 8461 67 8438 68 8428 65 8405 69 8446 70 8457 66 8457 66 8428 65 8405 69 8386 71 8401 72 8446 70 8446 70 8405 69 8386 71 8338 73 8378 74 8401 72 8401 72 8386 71 8338 73 8088 75 8166 76 8378 74 8378 74 8338 73 8088 75 7918 77 7961 78 8166 76 8166 76 8088 75 7918 77 7692 79 7770 80 7961 78 7961 78 7918 77 7692 79 7404 81 7472 82 7770 80 7770 80 7692 79 7404 81 7004 83 7043 84 7472 82 7472 82 7404 81 7004 83 6688 85 6716 86 7043 84 7043 84 7004 83 6688 85 5919 87 6012 88 6716 86 6716 86 6688 85 5919 87 4325 89 4328 90 6012 88 6012 88 5919 87 4325 89 8408 91 8428 65 8438 68 8438 68 8409 92 8408 91 8393 93 8405 69 8428 65 8428 65 8408 91 8393 93 8383 94 8386 71 8405 69 8405 69 8393 93 8383 94 8267 95 8338 73 8386 71 8386 71 8383 94 8267 95 8053 96 8088 75 8338 73 8338 73 8267 95 8053 96 7887 97 7918 77 8088 75 8088 75 8053 96 7887 97 7645 98 7692 79 7918 77 7918 77 7887 97 7645 98 7371 99 7404 81 7692 79 7692 79 7645 98 7371 99 6971 100 7004 83 7404 81 7404 81 7371 99 6971 100 6661 101 6688 85 7004 83 7004 83 6971 100 6661 101 5916 102 5919 87 6688 85 6688 85 6661 101 5916 102 4324 103 4325 89 5919 87 5919 87 5916 102 4324 103 12 104 21 105 48 106 48 106 36 107 12 104 21 105 33 108 71 109 71 109 48 106 21 105 33 108 78 110 89 111 89 111 71 109 33 108 78 110 98 112 137 113 137 113 89 111 78 110 98 112 309 114 387 115 387 115 137 113 98 112 309 114 516 116 557 117 557 117 387 115 309 114 516 116 705 118 783 119 783 119 557 117 516 116 705 118 1012 120 1071 121 1071 121 783 119 705 118 1012 120 1434 122 1471 123 1471 123 1071 121 1012 120 1434 122 1759 124 1787 125 1787 125 1471 123 1434 122 1759 124 2463 126 2554 127 2554 127 1787 125 1759 124 2463 126 4328 90 4325 89 4325 89 2554 127 2463 126 36 107 48 106 68 128 68 128 66 14 36 107 48 106 71 109 82 129 82 129 68 128 48 106 71 109 89 111 92 130 92 130 82 129 71 109 89 111 137 113 208 131 208 131 92 130 89 111 137 113 387 115 422 132 422 132 208 131 137 113 387 115 557 117 588 133 588 133 422 132 387 115 557 117 783 119 830 134 830 134 588 133 557 117 783 119 1071 121 1104 135 1104 135 830 134 783 119 1071 121 1471 123 1504 136 1504 136 1104 135 1071 121 1471 123 1787 125 1814 137 1814 137 1504 136 1471 123 1787 125 2554 127 2557 138 2557 138 1814 137 1787 125 2554 127 4325 89 4324 103 4324 103 2557 138 2554 127 8461 67 8452 139 8426 140 8426 140 8438 68 8461 67 8452 139 8442 141 8403 142 8403 142 8426 140 8452 139 8442 141 8396 143 8384 144 8384 144 8403 142 8442 141 8396 143 8375 145 8336 146 8336 146 8384 144 8396 143 8375 145 8163 147 8086 148 8086 148 8336 146 8375 145 8163 147 7956 149 7916 150 7916 150 8086 148 8163 147 7956 149 7767 151 7690 152 7690 152 7916 150 7956 149 7767 151 7461 153 7402 154 7402 154 7690 152 7767 151 7461 153 7038 155 7002 156 7002 156 7402 154 7461 153 7038 155 6712 157 6686 158 6686 158 7002 156 7038 155 6712 157 6007 159 5917 59 5917 59 6686 158 6712 157 8438 68 8426 140 8407 160 8407 160 8409 92 8438 68 8426 140 8403 142 8392 161 8392 161 8407 160 8426 140 8403 142 8384 144 8382 162 8382 162 8392 161 8403 142 8384 144 8336 146 8266 163 8266 163 8382 162 8384 144 8336 146 8086 148 8052 164 8052 164 8266 163 8336 146 8086 148 7916 150 7886 165 7886 165 8052 164 8086 148 7916 150 7690 152 7644 166 7644 166 7886 165 7916 150 7690 152 7402 154 7370 167 7370 167 7644 166 7690 152 7402 154 7002 156 6970 168 6970 168 7370 167 7402 154 7002 156 6686 158 6660 169 6660 169 6970 168 7002 156 6686 158 5917 59 5915 170 5915 170 6660 169 6686 158 5917 59 4144 52 4146 171 4146 171 5915 170 5917 59 46 172 16 173 12 104 12 104 36 107 46 172 69 174 29 175 16 173 16 173 46 172 69 174 87 176 74 177 29 175 29 175 69 174 87 176 135 178 94 179 74 177 74 177 87 176 135 178 385 180 305 181 94 179 94 179 135 178 385 180 555 182 511 183 305 181 305 181 385 180 555 182 781 184 702 185 511 183 511 183 555 182 781 184 1069 186 1000 187 702 185 702 185 781 184 1069 186 1469 188 1430 189 1000 187 1000 187 1069 186 1469 188 1785 190 1756 191 1430 189 1430 189 1469 188 1785 190 2552 55 2458 192 1756 191 1756 191 1785 190 2552 55 67 193 46 172 36 107 36 107 66 14 67 193 81 194 69 174 46 172 46 172 67 193 81 194 91 195 87 176 69 174 69 174 81 194 91 195 207 196 135 178 87 176 87 176 91 195 207 196 421 197 385 180 135 178 135 178 207 196 421 197 587 198 555 182 385 180 385 180 421 197 587 198 829 199 781 184 555 182 555 182 587 198 829 199 1103 200 1069 186 781 184 781 184 829 199 1103 200 1503 201 1469 188 1069 186 1069 186 1103 200 1503 201 1813 202 1785 190 1469 188 1469 188 1503 201 1813 202 2556 203 2552 55 1785 190 1785 190 1813 202 2556 203 4146 171 4144 52 2552 55 2552 55 2556 203 4146 171 8460 204 8456 204 8470 204 8470 0 8472 0 8460 0 8456 205 8440 205 8464 205 8464 206 8470 206 8456 206 8440 0 8397 0 8450 0 8450 207 8464 207 8440 207 8397 0 8379 0 8390 0 8390 0 8450 0 8397 0 8379 208 8167 208 8322 208 8322 209 8390 209 8379 209 8167 0 7960 0 8022 0 8022 210 8322 210 8167 210 7960 0 7771 0 7840 0 7840 211 8022 211 7960 211 7771 212 7473 212 7494 212 7494 0 7840 0 7771 0 7473 0 7042 0 7100 0 7100 213 7494 213 7473 213 7042 0 6717 0 6758 0 6758 0 7100 0 7042 0 6717 0 6011 0 6129 0 6129 0 6758 0 6717 0 6011 0 4327 0 4331 0 4331 0 6129 0 6011 0 6 0 20 0 13 0 13 0 2 0 6 0 10 0 32 0 20 0 20 0 6 0 10 0 26 0 77 0 32 0 32 0 10 0 26 0 85 0 97 0 77 0 77 0 26 0 85 0 153 214 310 214 97 214 97 215 85 215 153 215 453 0 515 0 310 0 310 216 153 216 453 216 635 0 706 0 515 0 515 217 453 217 635 217 981 0 1011 0 706 0 706 0 635 0 981 0 1375 0 1433 0 1011 0 1011 218 981 218 1375 218 1717 0 1760 0 1433 0 1433 0 1375 0 1717 0 2344 0 2462 0 1760 0 1760 0 1717 0 2344 0 4331 0 4327 0 2462 0 2462 0 2344 0 4331 0 8468 0 8453 0 8460 0 8460 0 8474 0 8468 0 8466 219 8443 219 8453 219 8453 220 8468 220 8466 220 8448 221 8395 221 8443 221 8443 222 8466 222 8448 222 8388 0 8374 0 8395 0 8398 0 8448 0 8388 0 8320 0 8162 0 8374 0 8374 223 8388 223 8320 223 8020 0 7957 0 8162 0 8162 0 8320 0 8020 0 7838 224 7766 224 7957 224 7957 0 8020 0 7838 0 7492 0 7460 0 7766 0 7766 225 7838 225 7492 225 7098 0 7039 0 7460 0 7460 0 7492 0 7098 0 6756 0 6713 0 7039 0 7039 0 7098 0 6756 0 6132 0 6008 0 6713 0 6713 226 6756 226 6127 226 13 227 17 227 4 227 4 0 0 0 13 0 17 228 28 228 8 228 8 229 4 229 17 229 28 230 73 230 24 230 24 231 8 231 28 231 73 0 93 0 83 0 83 232 24 232 73 232 93 233 306 233 151 233 151 234 83 234 93 234 306 0 512 0 451 0 451 235 151 235 306 235 512 236 701 236 633 236 633 0 451 0 512 0 701 0 999 0 979 0 979 237 633 237 701 237 999 0 1429 0 1373 0 1373 0 979 0 999 0 1429 0 1755 0 1715 0 1715 0 1373 0 1429 0 1755 0 2459 0 2342 0 2342 0 1715 0 1755 0 4845 0 4738 0 4947 0 4947 0 5112 0 4845 0 4738 0 4714 0 4840 0 4840 0 4947 0 4738 0 4714 0 4543 0 4716 0 4716 0 4840 0 4714 0 4543 0 4498 0 4539 0 4539 0 4716 0 4543 0 4498 0 4333 0 4374 0 4374 0 4539 0 4498 0 4333 0 4142 0 4147 0 4147 0 4374 0 4333 0 4142 0 4140 0 4098 0 4098 0 4147 0 4142 0 4140 0 3975 0 3932 0 3932 0 4098 0 4140 0 3975 0 3930 0 3755 0 3755 0 3932 0 3975 0 3930 0 3759 0 3632 0 3632 0 3755 0 3930 0 3759 0 3735 0 3524 0 3524 0 3632 0 3759 0 3735 0 3627 0 3357 0 3357 0 3524 0 3735 0 4946 238 5216 239 5542 64 5542 64 5113 63 4946 238 4839 240 5054 241 5216 239 5216 239 4946 238 4839 240 4717 242 4843 243 5054 241 5054 241 4839 240 4717 242 4540 244 4620 245 4843 243 4843 243 4717 242 4540 244 4375 246 4442 247 4620 245 4620 245 4540 244 4375 246 4148 248 4151 249 4442 247 4442 247 4375 246 4148 248 4097 250 4031 251 4151 249 4151 249 4148 248 4097 250 3933 252 3853 253 4031 251 4031 251 4097 250 3933 252 3756 254 3629 255 3853 253 3853 253 3933 252 3756 254 3631 256 3417 257 3629 255 3629 255 3756 254 3631 256 3523 258 3255 259 3417 257 3417 257 3631 256 3523 258 3358 58 2929 57 3255 259 3255 259 3523 258 3358 58 8462 260 8458 261 8429 262 8429 262 8439 263 8462 260 8458 261 8447 264 8406 265 8406 265 8429 262 8458 261 8447 264 8402 266 8387 267 8387 267 8406 265 8447 264 8402 266 8380 268 8339 269 8339 269 8387 267 8402 266 8380 268 8168 270 8089 271 8089 271 8339 269 8380 268 8168 270 7962 272 7919 273 7919 273 8089 271 8168 270 7962 272 7772 274 7693 275 7693 275 7919 273 7962 272 7772 274 7475 276 7405 277 7405 277 7693 275 7772 274 7475 276 7044 278 7005 279 7005 279 7405 277 7475 276 7044 278 6718 280 6689 281 6689 281 7005 279 7044 278 6718 280 6013 282 5920 283 5920 283 6689 281 6718 280 6013 282 4330 284 4326 285 4326 285 5920 283 6013 282 8439 263 8429 262 8408 91 8408 91 8409 92 8439 263 8429 262 8406 265 8393 93 8393 93 8408 91 8429 262 8406 265 8387 267 8383 94 8383 94 8393 93 8406 265 8387 267 8339 269 8267 95 8267 95 8383 94 8387 267 8339 269 8089 271 8053 96 8053 96 8267 95 8339 269 8089 271 7919 273 7887 97 7887 97 8053 96 8089 271 7919 273 7693 275 7645 98 7645 98 7887 97 7919 273 7693 275 7405 277 7371 99 7371 99 7645 98 7693 275 7405 277 7005 279 6971 100 6971 100 7371 99 7405 277 7005 279 6689 281 6661 101 6661 101 6971 100 7005 279 6689 281 5920 283 5916 102 5916 102 6661 101 6689 281 5920 283 4326 285 4324 103 4324 103 5916 102 5920 283 49 286 22 287 15 288 15 288 37 289 49 286 72 290 34 291 22 287 22 287 49 286 72 290 90 292 79 293 34 291 34 291 72 290 90 292 138 294 100 295 79 293 79 293 90 292 138 294 388 296 312 297 100 295 100 295 138 294 388 296 558 298 517 299 312 297 312 297 388 296 558 298 784 300 708 301 517 299 517 299 558 298 784 300 1072 302 1014 303 708 301 708 301 784 300 1072 302 1472 304 1435 305 1014 303 1014 303 1072 302 1472 304 1788 306 1762 307 1435 305 1435 305 1472 304 1788 306 2555 308 2465 309 1762 307 1762 307 1788 306 2555 308 4326 285 4330 284 2465 309 2465 309 2555 308 4326 285 68 128 49 286 37 289 37 289 66 14 68 128 82 129 72 290 49 286 49 286 68 128 82 129 92 130 90 292 72 290 72 290 82 129 92 130 208 131 138 294 90 292 90 292 92 130 208 131 422 132 388 296 138 294 138 294 208 131 422 132 588 133 558 298 388 296 388 296 422 132 588 133 830 134 784 300 558 298 558 298 588 133 830 134 1104 135 1072 302 784 300 784 300 830 134 1104 135 1504 136 1472 304 1072 302 1072 302 1104 135 1504 136 1814 137 1788 306 1472 304 1472 304 1504 136 1814 137 2557 138 2555 308 1788 306 1788 306 1814 137 2557 138 4324 103 4326 285 2555 308 2555 308 2557 138 4324 103 8427 310 8454 311 8462 260 8462 260 8439 263 8427 310 8404 312 8445 313 8454 311 8454 311 8427 310 8404 312 8385 314 8400 315 8445 313 8445 313 8404 312 8385 314 8337 316 8376 317 8400 315 8400 315 8385 314 8337 316 8087 318 8165 319 8376 317 8376 317 8337 316 8087 318 7917 320 7959 321 8165 319 8165 319 8087 318 7917 320 7691 322 7768 323 7959 321 7959 321 7917 320 7691 322 7403 324 7463 325 7768 323 7768 323 7691 322 7403 324 7003 326 7040 327 7463 325 7463 325 7403 324 7003 326 6687 328 6714 329 7040 327 7040 327 7003 326 6687 328 5918 48 6009 330 6714 329 6714 329 6687 328 5918 48 8407 160 8427 310 8439 263 8439 263 8409 92 8407 160 8392 161 8404 312 8427 310 8427 310 8407 160 8392 161 8382 162 8385 314 8404 312 8404 312 8392 161 8382 162 8266 163 8337 316 8385 314 8385 314 8382 162 8266 163 8052 164 8087 318 8337 316 8337 316 8266 163 8052 164 7886 165 7917 320 8087 318 8087 318 8052 164 7886 165 7644 166 7691 322 7917 320 7917 320 7886 165 7644 166 7370 167 7403 324 7691 322 7691 322 7644 166 7370 167 6970 168 7003 326 7403 324 7403 324 7370 167 6970 168 6660 169 6687 328 7003 326 7003 326 6970 168 6660 169 5915 170 5918 48 6687 328 6687 328 6660 169 5915 170 4146 171 4145 39 5918 48 5918 48 5915 170 4146 171 15 288 18 331 47 332 47 332 37 289 15 288 18 331 30 333 70 334 70 334 47 332 18 331 30 333 76 335 88 336 88 336 70 334 30 333 76 335 95 337 136 338 136 338 88 336 76 335 95 337 308 339 386 340 386 340 136 338 95 337 308 339 513 341 556 342 556 342 386 340 308 339 513 341 704 343 782 344 782 344 556 342 513 341 704 343 1001 345 1070 346 1070 346 782 344 704 343 1001 345 1431 347 1470 348 1470 348 1070 346 1001 345 1431 347 1758 349 1786 350 1786 350 1470 348 1431 347 1758 349 2460 351 2553 40 2553 40 1786 350 1758 349 37 289 47 332 67 193 67 193 66 14 37 289 47 332 70 334 81 194 81 194 67 193 47 332 70 334 88 336 91 195 91 195 81 194 70 334 88 336 136 338 207 196 207 196 91 195 88 336 136 338 386 340 421 197 421 197 207 196 136 338 386 340 556 342 587 198 587 198 421 197 386 340 556 342 782 344 829 199 829 199 587 198 556 342 782 344 1070 346 1103 200 1103 200 829 199 782 344 1070 346 1470 348 1503 201 1503 201 1103 200 1070 346 1470 348 1786 350 1813 202 1813 202 1503 201 1470 348 1786 350 2553 40 2556 203 2556 203 1813 202 1786 350 2553 40 4145 39 4146 171 4146 171 2556 203 2553 40 8471 7 8459 7 8463 7 8463 7 8473 7 8471 7 8465 7 8441 7 8459 7 8459 7 8471 7 8465 7 8451 7 8394 7 8441 7 8441 7 8465 7 8451 7 8391 7 8381 7 8394 7 8394 7 8451 7 8391 7 8323 352 8169 352 8381 352 8381 353 8391 353 8323 353 8023 7 7963 7 8169 7 8169 354 8323 354 8023 354 7841 7 7773 7 7963 7 7963 355 8023 355 7841 355 7495 7 7474 7 7773 7 7773 7 7841 7 7495 7 7101 7 7045 7 7474 7 7474 356 7495 356 7101 356 6759 7 6719 7 7045 7 7045 7 7101 7 6759 7 6133 7 6014 7 6719 7 6719 7 6759 7 6133 7 4332 7 4329 7 6014 7 6014 7 6133 7 4332 7 14 357 23 357 7 357 7 7 3 7 14 7 23 358 35 358 11 358 11 359 7 359 23 359 35 7 80 7 27 7 27 360 11 360 35 360 80 7 99 7 86 7 86 7 27 7 80 7 99 361 311 361 154 361 154 362 86 362 99 362 311 7 518 7 454 7 454 363 154 363 311 363 518 7 707 7 636 7 636 364 454 364 518 364 707 365 1013 365 982 365 982 7 636 7 707 7 1013 7 1436 7 1376 7 1376 366 982 366 1013 366 1436 7 1761 7 1718 7 1718 7 1376 7 1436 7 1761 7 2464 7 2345 7 2345 7 1718 7 1761 7 2464 7 4329 7 4332 7 4332 7 2345 7 2464 7 8463 367 8455 367 8469 367 8469 7 8475 7 8463 7 8455 368 8444 368 8467 368 8467 369 8469 369 8455 369 8444 370 8399 370 8449 370 8449 371 8467 371 8444 371 8399 7 8377 7 8389 7 8389 372 8449 372 8399 372 8377 373 8164 373 8321 373 8321 374 8389 374 8377 374 8164 7 7958 7 8021 7 8021 375 8321 375 8164 375 7958 376 7769 376 7839 376 7839 7 8021 7 7958 7 7769 7 7462 7 7493 7 7493 377 7839 377 7769 377 7462 7 7041 7 7099 7 7099 7 7493 7 7462 7 7041 7 6715 7 6757 7 6757 7 7099 7 7041 7 6715 7 6010 7 6128 7 6128 7 6757 7 6715 7 5 7 19 7 14 7 14 7 1 7 5 7 9 378 31 378 19 378 19 379 5 379 9 379 25 380 75 380 31 380 31 381 9 381 25 381 84 7 96 7 75 7 75 7 25 7 84 7 152 7 307 7 96 7 96 382 84 382 152 382 452 7 514 7 307 7 307 7 152 7 452 7 634 383 703 383 514 383 514 7 452 7 634 7 980 7 1002 7 703 7 703 384 634 384 980 384 1374 7 1432 7 1002 7 1002 7 980 7 1374 7 1716 7 1757 7 1432 7 1432 7 1374 7 1716 7 2343 7 2461 7 1757 7 1757 385 1716 385 2343 385 4949 7 4739 7 4846 7 4846 7 5114 7 4949 7 4842 7 4715 7 4739 7 4739 7 4949 7 4842 7 4718 7 4544 7 4715 7 4715 7 4842 7 4718 7 4541 7 4499 7 4544 7 4544 7 4718 7 4541 7 4377 7 4334 7 4499 7 4499 7 4541 7 4377 7 4149 7 4143 7 4334 7 4334 7 4377 7 4149 7 4099 7 4141 7 4143 7 4143 7 4149 7 4099 7 3934 7 3976 7 4141 7 4141 7 4099 7 3934 7 3758 7 3931 7 3976 7 3976 7 3934 7 3758 7 3633 7 3760 7 3931 7 3931 7 3758 7 3633 7 3525 7 3736 7 3760 7 3760 7 3633 7 3525 7 3359 7 3628 7 3736 7 3736 7 3525 7 3359 7 5543 50 5217 386 4948 387 4948 387 5115 51 5543 50 5217 386 5055 388 4841 389 4841 389 4948 387 5217 386 5055 388 4844 390 4719 391 4719 391 4841 389 5055 388 4844 390 4621 392 4542 393 4542 393 4719 391 4844 390 4621 392 4443 394 4376 395 4376 395 4542 393 4621 392 4443 394 4152 396 4150 397 4150 397 4376 395 4443 394 4152 396 4032 398 4100 399 4100 399 4150 397 4152 396 4032 398 3854 400 3935 401 3935 401 4100 399 4032 398 3854 400 3630 402 3757 403 3757 403 3935 401 3854 400 3630 402 3418 404 3634 405 3634 405 3757 403 3630 402 3418 404 3256 406 3526 407 3526 407 3634 405 3418 404 3256 406 2930 45 3360 44 3360 44 3526 407 3256 406 6394 20 8417 20 8414 20 8414 20 6387 20 6394 20 6408 14 6409 14 6393 14 6393 14 6388 14 6408 14 2108 15 2124 15 2122 15 2122 15 2103 15 2108 15 63 20 65 20 2107 20 2107 20 2102 20 63 20 2085 22 61 22 58 22 58 22 2082 22 2085 22 2064 15 2067 15 2087 15 2087 15 2080 15 2064 15 6373 14 6352 14 6350 14 6350 14 6368 14 6373 14 8410 22 8413 22 6372 22 6372 22 6367 22 8410 22 5534 0 5510 0 6186 0 6186 0 6235 0 5534 0 5510 0 5470 0 6075 0 6075 0 6186 0 5510 0 5470 0 5349 0 5979 0 5979 0 6075 0 5470 0 5349 0 5243 0 5851 0 5851 0 5979 0 5349 0 5243 0 5140 0 5595 0 5595 0 5851 0 5243 0 5140 0 5042 0 5421 0 5421 0 5595 0 5140 0 5042 0 4934 0 5195 0 5195 0 5421 0 5042 0 4934 0 4764 0 4996 0 4996 0 5195 0 4934 0 4764 0 4648 0 4818 0 4818 0 4996 0 4764 0 4648 0 4527 0 4598 0 4598 0 4818 0 4648 0 4527 0 4362 0 4420 0 4420 0 4598 0 4527 0 4362 0 4266 0 4272 0 4272 0 4420 0 4362 0 4266 0 4129 0 4076 0 4076 0 4272 0 4266 0 4129 0 3964 0 3897 0 3897 0 4076 0 4129 0 3964 0 3841 0 3677 0 3677 0 3897 0 3964 0 3841 0 3723 0 3502 0 3502 0 3677 0 3841 0 3723 0 3551 0 3300 0 3300 0 3502 0 3723 0 3551 0 3443 0 3085 0 3085 0 3300 0 3551 0 3443 0 3346 0 2908 0 2908 0 3085 0 3443 0 3346 0 3244 0 2650 0 2650 0 2908 0 3346 0 3244 0 3140 0 2522 0 2522 0 2650 0 3244 0 3140 0 3020 0 2427 0 2427 0 2522 0 3140 0 3020 0 2980 0 2318 0 2318 0 2427 0 3020 0 2980 0 2943 0 2249 0 2249 0 2318 0 2980 0 2943 0 2975 0 2310 0 2310 0 2249 0 2943 0 2975 0 3016 0 2418 0 2418 0 2310 0 2975 0 3016 0 3135 0 2514 0 2514 0 2418 0 3016 0 3135 0 3240 0 2642 0 2642 0 2514 0 3135 0 3240 0 3342 0 2900 0 2900 0 2642 0 3240 0 3342 0 3440 0 3077 0 3077 0 2900 0 3342 0 3440 0 3547 0 3291 0 3291 0 3077 0 3440 0 3547 0 3720 0 3493 0 3493 0 3291 0 3547 0 3720 0 3838 0 3670 0 3670 0 3493 0 3720 0 3838 0 3960 0 3889 0 3889 0 3670 0 3838 0 3960 0 4124 0 4067 0 4067 0 3889 0 3960 0 4124 0 4263 0 4257 0 4257 0 4067 0 4124 0 4263 0 4358 0 4412 0 4412 0 4257 0 4263 0 4358 0 4523 0 4590 0 4590 0 4412 0 4358 0 4523 0 4645 0 4810 0 4810 0 4590 0 4523 0 4645 0 4760 0 4989 0 4989 0 4810 0 4645 0 4760 0 4931 0 5186 0 5186 0 4989 0 4760 0 4931 0 5039 0 5413 0 5413 0 5186 0 4931 0 5039 0 5137 0 5586 0 5586 0 5413 0 5039 0 5137 0 5238 0 5844 0 5844 0 5586 0 5137 0 5238 0 5344 0 5972 0 5972 0 5844 0 5238 0 5344 0 5467 0 6067 0 6067 0 5972 0 5344 0 5467 0 5506 0 6177 0 6177 0 6067 0 5467 0 5506 0 5534 0 6235 0 6235 0 6177 0 5506 0 6233 408 6236 409 6185 410 6185 410 6183 411 6233 408 6183 411 6185 410 6076 412 6076 412 6074 413 6183 411 6074 413 6076 412 5980 414 5980 414 5977 415 6074 413 5977 415 5980 414 5852 416 5852 416 5849 417 5977 415 5849 417 5852 416 5594 418 5594 418 5592 419 5849 417 5592 419 5594 418 5420 420 5420 420 5419 421 5592 419 5419 421 5420 420 5194 422 5194 422 5192 423 5419 421 5192 423 5194 422 4997 424 4997 424 4994 425 5192 423 4994 425 4997 424 4817 426 4817 426 4815 427 4994 425 4815 427 4817 426 4599 428 4599 428 4596 429 4815 427 4596 429 4599 428 4421 430 4421 430 4419 431 4596 429 4419 431 4421 430 4273 432 4273 432 4271 433 4419 431 4271 433 4273 432 4075 434 4075 434 4074 435 4271 433 4074 435 4075 434 3898 436 3898 436 3895 437 4074 435 3895 437 3898 436 3678 438 3678 438 3676 439 3895 437 3676 439 3678 438 3501 440 3501 440 3499 441 3676 439 3499 441 3501 440 3299 442 3299 442 3298 443 3499 441 3298 443 3299 442 3086 444 3086 444 3084 445 3298 443 3084 445 3086 444 2907 446 2907 446 2905 447 3084 445 2905 447 2907 446 2651 448 2651 448 2648 449 2905 447 2648 449 2651 448 2523 450 2523 450 2520 451 2648 449 2520 451 2523 450 2426 452 2426 452 2424 453 2520 451 2424 453 2426 452 2319 454 2319 454 2317 455 2424 453 2317 455 2319 454 2248 456 2248 456 2246 457 2317 455 2246 457 2248 456 2311 458 2311 458 2308 459 2246 457 2308 459 2311 458 2419 460 2419 460 2416 461 2308 459 2416 461 2419 460 2515 462 2515 462 2512 463 2416 461 2512 463 2515 462 2643 464 2643 464 2641 465 2512 463 2641 465 2643 464 2899 466 2899 466 2898 467 2641 465 2898 467 2899 466 3078 468 3078 468 3075 469 2898 467 3075 469 3078 468 3292 470 3292 470 3290 471 3075 469 3290 471 3292 470 3494 472 3494 472 3492 473 3290 471 3492 473 3494 472 3669 474 3669 474 3667 475 3492 473 3667 475 3669 474 3890 476 3890 476 3887 477 3667 475 3887 477 3890 476 4068 478 4068 478 4065 479 3887 477 4065 479 4068 478 4256 480 4256 480 4255 481 4065 479 4255 481 4256 480 4413 482 4413 482 4410 483 4255 481 4410 483 4413 482 4591 484 4591 484 4588 485 4410 483 4588 485 4591 484 4809 486 4809 486 4807 487 4588 485 4807 487 4809 486 4988 488 4988 488 4987 489 4807 487 4987 489 4988 488 5187 490 5187 490 5185 491 4987 489 5185 491 5187 490 5412 492 5412 492 5411 493 5185 491 5411 493 5412 492 5587 494 5587 494 5585 495 5411 493 5585 495 5587 494 5843 496 5843 496 5841 497 5585 495 5841 497 5843 496 5971 498 5971 498 5969 499 5841 497 5969 499 5971 498 6068 500 6068 500 6065 501 5969 499 6065 501 6068 500 6178 502 6178 502 6176 503 6065 501 6176 503 6178 502 6236 409 6236 409 6233 408 6176 503 6188 7 5512 7 5537 7 5537 7 6237 7 6188 7 6078 7 5472 7 5512 7 5512 7 6188 7 6078 7 5981 7 5351 7 5472 7 5472 7 6078 7 5981 7 5854 7 5244 7 5351 7 5351 7 5981 7 5854 7 5597 7 5142 7 5244 7 5244 7 5854 7 5597 7 5422 7 5045 7 5142 7 5142 7 5597 7 5422 7 5197 7 4937 7 5045 7 5045 7 5422 7 5197 7 4998 7 4766 7 4937 7 4937 7 5197 7 4998 7 4820 7 4651 7 4766 7 4766 7 4998 7 4820 7 4600 7 4529 7 4651 7 4651 7 4820 7 4600 7 4422 7 4364 7 4529 7 4529 7 4600 7 4422 7 4275 7 4269 7 4364 7 4364 7 4422 7 4275 7 4078 7 4130 7 4269 7 4269 7 4275 7 4078 7 3899 7 3965 7 4130 7 4130 7 4078 7 3899 7 3679 7 3844 7 3965 7 3965 7 3899 7 3679 7 3503 7 3725 7 3844 7 3844 7 3679 7 3503 7 3302 7 3554 7 3725 7 3725 7 3503 7 3302 7 3087 7 3445 7 3554 7 3554 7 3302 7 3087 7 2910 7 3348 7 3445 7 3445 7 3087 7 2910 7 2653 7 3246 7 3348 7 3348 7 2910 7 2653 7 2524 7 3141 7 3246 7 3246 7 2653 7 2524 7 2429 7 3022 7 3141 7 3141 7 2524 7 2429 7 2320 7 2981 7 3022 7 3022 7 2429 7 2320 7 2251 7 2946 7 2981 7 2981 7 2320 7 2251 7 2312 7 2978 7 2946 7 2946 7 2251 7 2312 7 2420 7 3018 7 2978 7 2978 7 2312 7 2420 7 2516 7 3137 7 3018 7 3018 7 2420 7 2516 7 2645 7 3241 7 3137 7 3137 7 2516 7 2645 7 2901 7 3343 7 3241 7 3241 7 2645 7 2901 7 3080 7 3441 7 3343 7 3343 7 2901 7 3080 7 3294 7 3549 7 3441 7 3441 7 3080 7 3294 7 3495 7 3722 7 3549 7 3549 7 3294 7 3495 7 3672 7 3839 7 3722 7 3722 7 3495 7 3672 7 3892 7 3962 7 3839 7 3839 7 3672 7 3892 7 4070 7 4127 7 3962 7 3962 7 3892 7 4070 7 4258 7 4264 7 4127 7 4127 7 4070 7 4258 7 4415 7 4360 7 4264 7 4264 7 4258 7 4415 7 4593 7 4526 7 4360 7 4360 7 4415 7 4593 7 4811 7 4647 7 4526 7 4526 7 4593 7 4811 7 4990 7 4762 7 4647 7 4647 7 4811 7 4990 7 5189 7 4932 7 4762 7 4762 7 4990 7 5189 7 5415 7 5040 7 4932 7 4932 7 5189 7 5415 7 5588 7 5138 7 5040 7 5040 7 5415 7 5588 7 5846 7 5240 7 5138 7 5138 7 5588 7 5846 7 5974 7 5347 7 5240 7 5240 7 5846 7 5974 7 6069 7 5468 7 5347 7 5347 7 5974 7 6069 7 6179 7 5509 7 5468 7 5468 7 6069 7 6179 7 6237 7 5537 7 5509 7 5509 7 6179 7 6237 7 6187 504 6238 505 6240 506 6240 506 6189 507 6187 504 6077 508 6187 504 6189 507 6189 507 6080 509 6077 508 5982 510 6077 508 6080 509 6080 509 5984 511 5982 510 5853 512 5982 510 5984 511 5984 511 5855 513 5853 512 5596 514 5853 512 5855 513 5855 513 5598 515 5596 514 5423 516 5596 514 5598 515 5598 515 5424 517 5423 516 5196 518 5423 516 5424 517 5424 517 5198 519 5196 518 4999 520 5196 518 5198 519 5198 519 5000 521 4999 520 4819 522 4999 520 5000 521 5000 521 4822 523 4819 522 4601 524 4819 522 4822 523 4822 523 4602 525 4601 524 4423 526 4601 524 4602 525 4602 525 4425 527 4423 526 4274 528 4423 526 4425 527 4425 527 4277 529 4274 528 4077 530 4274 528 4277 529 4277 529 4079 531 4077 530 3900 532 4077 530 4079 531 4079 531 3902 533 3900 532 3680 534 3900 532 3902 533 3902 533 3682 535 3680 534 3504 536 3680 534 3682 535 3682 535 3506 537 3504 536 3301 538 3504 536 3506 537 3506 537 3303 539 3301 538 3088 540 3301 538 3303 539 3303 539 3089 541 3088 540 2909 542 3088 540 3089 541 3089 541 2911 543 2909 542 2652 544 2909 542 2911 543 2911 543 2654 545 2652 544 2525 546 2652 544 2654 545 2654 545 2527 547 2525 546 2428 548 2525 546 2527 547 2527 547 2431 549 2428 548 2321 550 2428 548 2431 549 2431 549 2322 551 2321 550 2250 552 2321 550 2322 551 2322 551 2252 553 2250 552 2313 554 2250 552 2252 553 2252 553 2315 555 2313 554 2421 556 2313 554 2315 555 2315 555 2422 557 2421 556 2517 558 2421 556 2422 557 2422 557 2518 559 2517 558 2644 560 2517 558 2518 559 2518 559 2646 561 2644 560 2902 562 2644 560 2646 561 2646 561 2904 563 2902 562 3079 564 2902 562 2904 563 2904 563 3081 565 3079 564 3293 566 3079 564 3081 565 3081 565 3296 567 3293 566 3496 568 3293 566 3296 567 3296 567 3497 569 3496 568 3671 570 3496 568 3497 569 3497 569 3674 571 3671 570 3891 572 3671 570 3674 571 3674 571 3893 573 3891 572 4069 574 3891 572 3893 573 3893 573 4071 575 4069 574 4259 576 4069 574 4071 575 4071 575 4260 577 4259 576 4414 578 4259 576 4260 577 4260 577 4416 579 4414 578 4592 580 4414 578 4416 579 4416 579 4595 581 4592 580 4812 582 4592 580 4595 581 4595 581 4814 583 4812 582 4991 584 4812 582 4814 583 4814 583 4992 585 4991 584 5188 586 4991 584 4992 585 4992 585 5191 587 5188 586 5414 588 5188 586 5191 587 5191 587 5416 589 5414 588 5589 590 5414 588 5416 589 5416 589 5591 591 5589 590 5845 592 5589 590 5591 591 5591 591 5847 593 5845 592 5973 594 5845 592 5847 593 5847 593 5976 595 5973 594 6070 596 5973 594 5976 595 5976 595 6072 597 6070 596 6180 598 6070 596 6072 597 6072 597 6181 599 6180 598 6238 505 6180 598 6181 599 6181 599 6240 506 6238 505 5535 600 5536 601 5513 602 5513 602 5511 603 5535 600 5511 603 5513 602 5473 604 5473 604 5471 605 5511 603 5471 605 5473 604 5350 606 5350 606 5348 607 5471 605 5348 607 5350 606 5245 608 5245 608 5242 609 5348 607 5242 609 5245 608 5143 610 5143 610 5141 611 5242 609 5141 611 5143 610 5044 612 5044 612 5043 613 5141 611 5043 613 5044 612 4936 614 4936 614 4935 615 5043 613 4935 615 4936 614 4765 616 4765 616 4763 617 4935 615 4763 617 4765 616 4650 618 4650 618 4649 619 4763 617 4649 619 4650 618 4530 620 4530 620 4528 621 4649 619 4528 621 4530 620 4365 622 4365 622 4363 623 4528 621 4363 623 4365 622 4268 624 4268 624 4267 625 4363 623 4267 625 4268 624 4131 626 4131 626 4128 627 4267 625 4128 627 4131 626 3966 628 3966 628 3963 629 4128 627 3963 629 3966 628 3843 630 3843 630 3842 631 3963 629 3842 631 3843 630 3726 632 3726 632 3724 633 3842 631 3724 633 3726 632 3553 634 3553 634 3552 635 3724 633 3552 635 3553 634 3446 636 3446 636 3444 637 3552 635 3444 637 3446 636 3347 638 3347 638 3345 639 3444 637 3345 639 3347 638 3245 640 3245 640 3243 641 3345 639 3243 641 3245 640 3142 642 3142 642 3139 643 3243 641 3139 643 3142 642 3021 644 3021 644 3019 645 3139 643 3019 645 3021 644 2982 646 2982 646 2979 647 3019 645 2979 647 2982 646 2945 648 2945 648 2944 649 2979 647 2944 649 2945 648 2977 650 2977 650 2976 651 2944 649 2976 651 2977 650 3017 652 3017 652 3015 653 2976 651 3015 653 3017 652 3138 654 3138 654 3136 655 3015 653 3136 655 3138 654 3242 656 3242 656 3239 657 3136 655 3239 657 3242 656 3344 658 3344 658 3341 659 3239 657 3341 659 3344 658 3442 660 3442 660 3439 661 3341 659 3439 661 3442 660 3550 662 3550 662 3548 663 3439 661 3548 663 3550 662 3721 664 3721 664 3719 665 3548 663 3719 665 3721 664 3840 666 3840 666 3837 667 3719 665 3837 667 3840 666 3961 668 3961 668 3959 669 3837 667 3959 669 3961 668 4126 670 4126 670 4125 671 3959 669 4125 671 4126 670 4265 672 4265 672 4262 673 4125 671 4262 673 4265 672 4361 674 4361 674 4359 675 4262 673 4359 675 4361 674 4525 676 4525 676 4524 677 4359 675 4524 677 4525 676 4646 678 4646 678 4644 679 4524 677 4644 679 4646 678 4761 680 4761 680 4759 681 4644 679 4759 681 4761 680 4933 682 4933 682 4930 683 4759 681 4930 683 4933 682 5041 684 5041 684 5038 685 4930 683 5038 685 5041 684 5139 686 5139 686 5136 687 5038 685 5136 687 5139 686 5241 688 5241 688 5239 689 5136 687 5239 689 5241 688 5346 690 5346 690 5345 691 5239 689 5345 691 5346 690 5469 692 5469 692 5466 693 5345 691 5466 693 5469 692 5508 694 5508 694 5507 695 5466 693 5507 695 5508 694 5536 601 5536 601 5535 600 5507 695 6184 0 6341 0 6397 0 6397 0 6234 0 6184 0 6073 0 6313 0 6341 0 6341 0 6184 0 6073 0 5978 0 6273 0 6313 0 6313 0 6073 0 5978 0 5850 0 6121 0 6273 0 6273 0 5978 0 5850 0 5593 0 5909 0 6121 0 6121 0 5850 0 5593 0 5418 0 5739 0 5909 0 5909 0 5593 0 5418 0 5193 0 5310 0 5739 0 5739 0 5418 0 5193 0 4995 0 5102 0 5310 0 5310 0 5193 0 4995 0 4816 0 4901 0 5102 0 5102 0 4995 0 4816 0 4597 0 4704 0 4901 0 4901 0 4816 0 4597 0 4418 0 4484 0 4704 0 4704 0 4597 0 4418 0 4270 0 4284 0 4484 0 4484 0 4418 0 4270 0 4073 0 4017 0 4284 0 4284 0 4270 0 4073 0 3896 0 3781 0 4017 0 4017 0 4073 0 3896 0 3675 0 3583 0 3781 0 3781 0 3896 0 3675 0 3500 0 3381 0 3583 0 3583 0 3675 0 3500 0 3297 0 3173 0 3381 0 3381 0 3500 0 3297 0 3083 0 2754 0 3173 0 3173 0 3297 0 3083 0 2906 0 2576 0 2754 0 2754 0 3083 0 2906 0 2649 0 2364 0 2576 0 2576 0 2906 0 2649 0 2521 0 2214 0 2364 0 2364 0 2649 0 2521 0 2425 0 2174 0 2214 0 2214 0 2521 0 2425 0 2316 0 2146 0 2174 0 2174 0 2425 0 2316 0 2247 0 2111 0 2146 0 2146 0 2316 0 2247 0 2309 0 2144 0 2111 0 2111 0 2247 0 2309 0 2417 0 2172 0 2144 0 2144 0 2309 0 2417 0 2513 0 2212 0 2172 0 2172 0 2417 0 2513 0 2640 0 2362 0 2212 0 2212 0 2513 0 2640 0 2897 0 2574 0 2362 0 2362 0 2640 0 2897 0 3076 0 2752 0 2574 0 2574 0 2897 0 3076 0 3289 0 3171 0 2752 0 2752 0 3076 0 3289 0 3491 0 3379 0 3171 0 3171 0 3289 0 3491 0 3668 0 3581 0 3379 0 3379 0 3491 0 3668 0 3888 0 3779 0 3581 0 3581 0 3668 0 3888 0 4066 0 4007 0 3779 0 3779 0 3888 0 4066 0 4254 0 4247 0 4007 0 4007 0 4066 0 4254 0 4411 0 4474 0 4247 0 4247 0 4254 0 4411 0 4589 0 4702 0 4474 0 4474 0 4411 0 4589 0 4808 0 4899 0 4702 0 4702 0 4589 0 4808 0 4986 0 5100 0 4899 0 4899 0 4808 0 4986 0 5184 0 5308 0 5100 0 5100 0 4986 0 5184 0 5410 0 5737 0 5308 0 5308 0 5184 0 5410 0 5584 0 5907 0 5737 0 5737 0 5410 0 5584 0 5842 0 6119 0 5907 0 5907 0 5584 0 5842 0 5970 0 6271 0 6119 0 6119 0 5842 0 5970 0 6066 0 6311 0 6271 0 6271 0 5970 0 6066 0 6175 0 6339 0 6311 0 6311 0 6066 0 6175 0 6234 0 6397 0 6339 0 6339 0 6175 0 6234 0 6182 7 6340 7 6398 7 6398 7 6239 7 6182 7 6071 7 6312 7 6340 7 6340 7 6182 7 6071 7 5975 7 6272 7 6312 7 6312 7 6071 7 5975 7 5848 7 6120 7 6272 7 6272 7 5975 7 5848 7 5590 7 5908 7 6120 7 6120 7 5848 7 5590 7 5417 7 5738 7 5908 7 5908 7 5590 7 5417 7 5190 7 5309 7 5738 7 5738 7 5417 7 5190 7 4993 7 5101 7 5309 7 5309 7 5190 7 4993 7 4813 7 4900 7 5101 7 5101 7 4993 7 4813 7 4594 7 4703 7 4900 7 4900 7 4813 7 4594 7 4417 7 4475 7 4703 7 4703 7 4594 7 4417 7 4261 7 4248 7 4475 7 4475 7 4417 7 4261 7 4072 7 4008 7 4248 7 4248 7 4261 7 4072 7 3894 7 3780 7 4008 7 4008 7 4072 7 3894 7 3673 7 3582 7 3780 7 3780 7 3894 7 3673 7 3498 7 3380 7 3582 7 3582 7 3673 7 3498 7 3295 7 3172 7 3380 7 3380 7 3498 7 3295 7 3082 7 2753 7 3172 7 3172 7 3295 7 3082 7 2903 7 2575 7 2753 7 2753 7 3082 7 2903 7 2647 7 2363 7 2575 7 2575 7 2903 7 2647 7 2519 7 2213 7 2363 7 2363 7 2647 7 2519 7 2423 7 2173 7 2213 7 2213 7 2519 7 2423 7 2314 7 2145 7 2173 7 2173 7 2423 7 2314 7 2253 7 2112 7 2145 7 2145 7 2314 7 2253 7 2323 7 2147 7 2112 7 2112 7 2253 7 2323 7 2430 7 2175 7 2147 7 2147 7 2323 7 2430 7 2526 7 2215 7 2175 7 2175 7 2430 7 2526 7 2655 7 2365 7 2215 7 2215 7 2526 7 2655 7 2912 7 2577 7 2365 7 2365 7 2655 7 2912 7 3090 7 2755 7 2577 7 2577 7 2912 7 3090 7 3304 7 3174 7 2755 7 2755 7 3090 7 3304 7 3505 7 3382 7 3174 7 3174 7 3304 7 3505 7 3681 7 3584 7 3382 7 3382 7 3505 7 3681 7 3901 7 3782 7 3584 7 3584 7 3681 7 3901 7 4080 7 4018 7 3782 7 3782 7 3901 7 4080 7 4276 7 4285 7 4018 7 4018 7 4080 7 4276 7 4424 7 4485 7 4285 7 4285 7 4276 7 4424 7 4603 7 4705 7 4485 7 4485 7 4424 7 4603 7 4821 7 4902 7 4705 7 4705 7 4603 7 4821 7 5001 7 5103 7 4902 7 4902 7 4821 7 5001 7 5199 7 5311 7 5103 7 5103 7 5001 7 5199 7 5425 7 5740 7 5311 7 5311 7 5199 7 5425 7 5599 7 5910 7 5740 7 5740 7 5425 7 5599 7 5856 7 6122 7 5910 7 5910 7 5599 7 5856 7 5983 7 6274 7 6122 7 6122 7 5856 7 5983 7 6079 7 6314 7 6274 7 6274 7 5983 7 6079 7 6190 7 6342 7 6314 7 6314 7 6079 7 6190 7 6239 7 6398 7 6342 7 6342 7 6190 7 6239 7 3204 696 2850 697 2846 698 2846 698 3203 699 3204 696 3412 700 3204 696 3203 699 3203 699 3411 701 3412 700 3622 702 3412 700 3411 701 3411 701 3621 703 3622 702 3812 704 3622 702 3621 703 3621 703 3811 705 3812 704 4022 706 3812 704 3811 705 3811 705 4021 707 4022 706 4289 708 4022 706 4021 707 4021 707 4288 709 4289 708 4489 710 4289 708 4288 709 4288 709 4488 711 4489 710 4681 712 4489 710 4488 711 4488 711 4680 713 4681 712 4876 714 4681 712 4680 713 4680 713 4875 715 4876 714 5079 716 4876 714 4875 715 4875 715 5078 717 5079 716 5287 718 5079 716 5078 717 5078 717 5286 719 5287 718 5687 720 5287 718 5286 719 5286 719 5685 721 5687 720 2835 722 2836 723 3200 724 3200 724 3199 725 2835 722 3199 725 3200 724 3408 726 3408 726 3407 727 3199 725 3407 727 3408 726 3616 728 3616 728 3615 729 3407 727 3615 729 3616 728 3808 730 3808 730 3807 731 3615 729 3807 731 3808 730 4014 732 4014 732 4013 733 3807 731 4013 733 4014 732 4280 734 4280 734 4278 735 4013 733 4278 735 4280 734 4481 736 4481 736 4480 737 4278 735 4480 737 4481 736 4677 738 4677 738 4676 739 4480 737 4676 739 4677 738 4871 740 4871 740 4869 741 4676 739 4869 741 4871 740 5075 742 5075 742 5074 743 4869 741 5074 743 5075 742 5283 744 5283 744 5282 745 5074 743 5282 745 5283 744 5674 746 5674 746 5672 747 5282 745 3623 0 3617 0 2837 0 2837 0 2849 0 3623 0 4290 0 4279 0 3617 0 3617 0 3623 0 4290 0 4877 0 4870 0 4279 0 4279 0 4290 0 4877 0 5688 0 5676 0 4870 0 4870 0 4877 0 5688 0 2845 14 2848 14 2838 14 2838 14 2834 14 2845 14 5675 15 5686 15 5683 15 5683 15 5671 15 5675 15 2115 0 2847 0 2833 0 2833 0 2113 0 2115 0 2115 0 2117 0 2148 0 2115 0 2148 0 2176 0 2115 0 2176 0 2216 0 2115 0 2216 0 2366 0 2115 0 2366 0 2578 0 2115 0 2578 0 2756 0 2146 0 2111 0 2113 0 2174 0 2146 0 2113 0 2214 0 2174 0 2113 0 2364 0 2214 0 2113 0 2576 0 2364 0 2113 0 2754 0 2576 0 2113 0 6399 0 5673 0 5684 0 5684 0 6401 0 6399 0 6399 0 6397 0 6341 0 6399 748 6341 748 6313 748 6399 749 6313 749 6273 749 6399 0 6273 0 6121 0 6399 0 6121 0 5909 0 6399 0 5909 0 5739 0 6343 0 6403 0 6401 0 6315 0 6343 0 6401 0 6275 0 6315 0 6401 0 6123 0 6275 0 6401 0 5911 0 6123 0 6401 0 5741 0 5911 0 6401 0 5288 719 5689 721 5693 720 5693 720 5289 718 5288 719 5080 717 5288 719 5289 718 5289 718 5081 716 5080 717 4879 715 5080 717 5081 716 5081 716 4880 714 4879 715 4682 713 4879 715 4880 714 4880 714 4683 712 4682 713 4490 711 4682 713 4683 712 4683 712 4491 710 4490 711 4292 709 4490 711 4491 710 4491 710 4293 708 4292 709 4023 707 4292 709 4293 708 4293 708 4024 706 4023 707 3813 705 4023 707 4024 706 4024 706 3814 704 3813 705 3624 703 3813 705 3814 704 3814 704 3626 702 3624 703 3413 701 3624 703 3626 702 3626 702 3414 700 3413 701 3205 699 3413 701 3414 700 3414 700 3206 696 3205 699 2853 698 3205 699 3206 696 3206 696 2854 697 2853 698 5680 746 5679 747 5284 745 5284 745 5285 744 5680 746 5285 744 5284 745 5076 743 5076 743 5077 742 5285 744 5077 742 5076 743 4872 741 4872 741 4874 740 5077 742 4874 740 4872 741 4678 739 4678 739 4679 738 4874 740 4679 738 4678 739 4482 737 4482 737 4483 736 4679 738 4483 736 4482 737 4282 735 4282 735 4283 734 4483 736 4283 734 4282 735 4015 733 4015 733 4016 732 4283 734 4016 732 4015 733 3809 731 3809 731 3810 730 4016 732 3810 730 3809 731 3618 729 3618 729 3620 728 3810 730 3620 728 3618 729 3409 727 3409 727 3410 726 3620 728 3410 726 3409 727 3201 725 3201 725 3202 724 3410 726 3202 724 3201 725 2841 722 2841 722 2842 723 3202 724 4878 7 4873 7 5678 7 5678 7 5690 7 4878 7 4291 7 4281 7 4873 7 4873 7 4878 7 4291 7 3625 7 3619 7 4281 7 4281 7 4291 7 3625 7 2852 7 2840 7 3619 7 3619 7 3625 7 2852 7 5692 15 5691 15 5677 15 5677 15 5681 15 5692 15 2839 14 2851 14 2855 14 2855 14 2843 14 2839 14 6402 7 5694 7 5682 7 5682 7 6400 7 6402 7 6402 7 6404 7 6344 7 6402 7 6344 7 6316 7 6402 7 6316 7 6276 7 6402 7 6276 7 6124 7 6402 7 6124 7 5912 7 6402 7 5912 7 5742 7 6342 7 6398 7 6400 7 6314 7 6342 7 6400 7 6274 7 6314 7 6400 7 6122 7 6274 7 6400 7 5910 7 6122 7 6400 7 5740 7 5910 7 6400 7 2114 7 2844 7 2856 7 2856 7 2116 7 2114 7 2114 7 2112 7 2147 7 2114 750 2147 750 2175 750 2114 751 2175 751 2215 751 2114 7 2215 7 2365 7 2114 7 2365 7 2577 7 2114 7 2577 7 2755 7 2149 7 2118 7 2116 7 2177 7 2149 7 2116 7 2217 7 2177 7 2116 7 2367 7 2217 7 2116 7 2579 7 2367 7 2116 7 2757 7 2579 7 2116 7 2947 752 2950 753 2985 754 2985 754 2984 755 2947 752 2984 755 2985 754 3025 756 3025 756 3024 757 2984 755 3024 757 3025 756 3145 758 3145 758 3144 759 3024 757 3144 759 3145 758 3250 760 3250 760 3247 761 3144 759 3247 761 3250 760 3352 762 3352 762 3350 763 3247 761 3350 763 3352 762 3450 764 3450 764 3447 765 3350 763 3447 765 3450 764 3558 766 3558 766 3555 767 3447 765 3555 767 3558 766 3730 472 3730 472 3728 768 3555 767 3728 768 3730 472 3847 769 3847 769 3845 770 3728 768 3845 770 3847 769 3969 771 3969 771 3967 772 3845 770 3967 772 3969 771 4135 773 4135 773 4133 774 3967 772 4133 774 4135 773 4304 775 4304 775 4303 776 4133 774 4303 776 4304 775 4368 777 4368 777 4366 778 4303 776 4366 778 4368 777 4533 779 4533 779 4531 780 4366 778 4531 780 4533 779 4654 781 4654 781 4652 782 4531 780 4652 782 4654 781 4769 783 4769 783 4768 489 4652 782 4768 489 4769 783 4941 784 4941 784 4938 785 4768 489 4938 785 4941 784 5049 786 5049 786 5047 787 4938 785 5047 787 5049 786 5146 788 5146 788 5145 789 5047 787 5145 789 5146 788 5248 790 5248 790 5247 791 5145 789 5247 791 5248 790 5354 792 5354 792 5353 793 5247 791 5353 793 5354 792 5476 794 5476 794 5475 795 5353 793 5475 795 5476 794 5517 796 5517 796 5515 797 5475 795 5515 797 5517 796 5540 798 5540 798 5539 799 5515 797 5539 799 5540 798 5520 602 5520 602 5518 603 5539 799 5518 603 5520 602 5481 604 5481 604 5479 605 5518 603 5479 605 5481 604 5358 606 5358 606 5356 607 5479 605 5356 607 5358 606 5253 800 5253 800 5250 801 5356 607 5250 801 5253 800 5151 802 5151 802 5148 803 5250 801 5148 803 5151 802 5052 804 5052 804 5050 805 5148 803 5050 805 5052 804 4944 806 4944 806 4942 807 5050 805 4942 807 4944 806 4773 808 4773 808 4772 809 4942 807 4772 809 4773 808 4659 810 4659 810 4657 811 4772 809 4657 811 4659 810 4537 620 4537 620 4536 812 4657 811 4536 812 4537 620 4372 622 4372 622 4370 813 4536 812 4370 813 4372 622 4308 624 4308 624 4307 625 4370 813 4307 625 4308 624 4139 814 4139 814 4136 627 4307 625 4136 627 4139 814 3973 815 3973 815 3971 629 4136 627 3971 629 3973 815 3851 816 3851 816 3850 817 3971 629 3850 817 3851 816 3733 818 3733 818 3731 819 3850 817 3731 819 3733 818 3562 820 3562 820 3560 821 3731 819 3560 821 3562 820 3454 822 3454 822 3452 823 3560 821 3452 823 3454 822 3355 824 3355 824 3353 825 3452 823 3353 825 3355 824 3254 826 3254 826 3252 827 3353 825 3252 827 3254 826 3149 642 3149 642 3148 643 3252 827 3148 643 3149 642 3030 644 3030 644 3027 645 3148 643 3027 645 3030 644 2989 646 2989 646 2988 647 3027 645 2988 647 2989 646 2950 753 2950 753 2947 752 2988 647 2948 0 2983 0 2326 0 2326 0 2257 0 2948 0 2983 0 3023 0 2435 0 2435 0 2326 0 2983 0 3023 0 3143 0 2530 0 2530 0 2435 0 3023 0 3143 0 3248 0 2659 0 2659 0 2530 0 3143 0 3248 0 3349 0 2915 0 2915 0 2659 0 3248 0 3349 0 3448 0 3094 0 3094 0 2915 0 3349 0 3448 0 3556 0 3307 0 3307 0 3094 0 3448 0 3556 0 3727 0 3510 0 3510 0 3307 0 3556 0 3727 0 3846 0 3685 0 3685 0 3510 0 3727 0 3846 0 3968 0 3906 0 3906 0 3685 0 3846 0 3968 0 4132 0 4084 0 4084 0 3906 0 3968 0 4132 0 4302 0 4296 0 4296 0 4084 0 4132 0 4302 0 4367 0 4429 0 4429 0 4296 0 4302 0 4367 0 4532 0 4606 0 4606 0 4429 0 4367 0 4532 0 4653 0 4825 0 4825 0 4606 0 4532 0 4653 0 4767 0 5004 0 5004 0 4825 0 4653 0 4767 0 4939 0 5202 0 5202 0 5004 0 4767 0 4939 0 5046 0 5428 0 5428 0 5202 0 4939 0 5046 0 5144 0 5603 0 5603 0 5428 0 5046 0 5144 0 5246 0 5860 0 5860 0 5603 0 5144 0 5246 0 5352 0 5988 0 5988 0 5860 0 5246 0 5352 0 5474 0 6083 0 6083 0 5988 0 5352 0 5474 0 5514 0 6193 0 6193 0 6083 0 5474 0 5514 0 5538 0 6243 0 6243 0 6193 0 5514 0 5538 0 5519 0 6201 0 6201 0 6243 0 5538 0 5519 0 5478 0 6092 0 6092 0 6201 0 5519 0 5478 0 5357 0 5996 0 5996 0 6092 0 5478 0 5357 0 5251 0 5868 0 5868 0 5996 0 5357 0 5251 0 5149 0 5611 0 5611 0 5868 0 5251 0 5149 0 5051 0 5436 0 5436 0 5611 0 5149 0 5051 0 4943 0 5210 0 5210 0 5436 0 5051 0 4943 0 4771 0 5013 0 5013 0 5210 0 4943 0 4771 0 4656 0 4833 0 4833 0 5013 0 4771 0 4656 0 4535 0 4614 0 4614 0 4833 0 4656 0 4535 0 4371 0 4437 0 4437 0 4614 0 4535 0 4371 0 4306 0 4312 0 4312 0 4437 0 4371 0 4306 0 4137 0 4092 0 4092 0 4312 0 4306 0 4137 0 3972 0 3914 0 3914 0 4092 0 4137 0 3972 0 3849 0 3693 0 3693 0 3914 0 3972 0 3849 0 3732 0 3517 0 3517 0 3693 0 3849 0 3732 0 3559 0 3316 0 3316 0 3517 0 3732 0 3559 0 3451 0 3101 0 3101 0 3316 0 3559 0 3451 0 3354 0 2923 0 2923 0 3101 0 3451 0 3354 0 3251 0 2667 0 2667 0 2923 0 3354 0 3251 0 3147 0 2539 0 2539 0 2667 0 3251 0 3147 0 3028 0 2442 0 2442 0 2539 0 3147 0 3028 0 2987 0 2334 0 2334 0 2442 0 3028 0 2987 0 2948 0 2257 0 2257 0 2334 0 2987 0 2254 828 2256 829 2327 458 2327 458 2324 459 2254 828 2324 459 2327 458 2434 460 2434 460 2432 461 2324 459 2432 461 2434 460 2531 462 2531 462 2529 463 2432 461 2529 463 2531 462 2658 830 2658 830 2657 831 2529 463 2657 831 2658 830 2916 832 2916 832 2913 833 2657 831 2913 833 2916 832 3093 834 3093 834 3092 835 2913 833 3092 835 3093 834 3308 836 3308 836 3305 837 3092 835 3305 837 3308 836 3509 838 3509 838 3507 839 3305 837 3507 839 3509 838 3686 840 3686 840 3683 841 3507 839 3683 841 3686 840 3905 842 3905 842 3903 843 3683 841 3903 843 3905 842 4083 844 4083 844 4081 845 3903 843 4081 845 4083 844 4297 846 4297 846 4294 847 4081 845 4294 847 4297 846 4428 848 4428 848 4427 849 4294 847 4427 849 4428 848 4607 850 4607 850 4605 851 4427 849 4605 851 4607 850 4826 852 4826 852 4824 853 4605 851 4824 853 4826 852 5005 854 5005 854 5002 855 4824 853 5002 855 5005 854 5203 856 5203 856 5200 857 5002 855 5200 857 5203 856 5429 858 5429 858 5427 859 5200 857 5427 859 5429 858 5602 860 5602 860 5600 861 5427 859 5600 861 5602 860 5859 862 5859 862 5857 863 5600 861 5857 863 5859 862 5987 498 5987 498 5986 499 5857 863 5986 499 5987 498 6084 500 6084 500 6082 501 5986 499 6082 501 6084 500 6194 502 6194 502 6191 503 6082 501 6191 503 6194 502 6244 864 6244 864 6241 865 6191 503 6241 865 6244 864 6202 866 6202 866 6199 867 6241 865 6199 867 6202 866 6091 868 6091 868 6089 869 6199 867 6089 869 6091 868 5995 414 5995 414 5993 415 6089 869 5993 415 5995 414 5867 416 5867 416 5866 417 5993 415 5866 417 5867 416 5610 418 5610 418 5609 419 5866 417 5609 419 5610 418 5437 420 5437 420 5434 421 5609 419 5434 421 5437 420 5211 422 5211 422 5209 423 5434 421 5209 423 5211 422 5012 870 5012 870 5011 871 5209 423 5011 871 5012 870 4834 872 4834 872 4832 873 5011 871 4832 873 4834 872 4615 874 4615 874 4613 875 4832 873 4613 875 4615 874 4436 876 4436 876 4435 431 4613 875 4435 431 4436 876 4313 877 4313 877 4310 878 4435 431 4310 878 4313 877 4091 434 4091 434 4089 879 4310 878 4089 879 4091 434 3913 880 3913 880 3912 881 4089 879 3912 881 3913 880 3694 882 3694 882 3692 883 3912 881 3692 883 3694 882 3518 884 3518 884 3515 885 3692 883 3515 885 3518 884 3315 442 3315 442 3314 443 3515 885 3314 443 3315 442 3102 444 3102 444 3099 445 3314 443 3099 445 3102 444 2924 446 2924 446 2922 447 3099 445 2922 447 2924 446 2666 448 2666 448 2665 449 2922 447 2665 449 2666 448 2538 450 2538 450 2536 451 2665 449 2536 451 2538 450 2443 886 2443 886 2440 887 2536 451 2440 887 2443 886 2335 888 2335 888 2332 889 2440 887 2332 889 2335 888 2256 829 2256 829 2254 828 2332 889 5541 7 5516 7 6196 7 6196 7 6245 7 5541 7 5516 7 5477 7 6086 7 6086 7 6196 7 5516 7 5477 7 5355 7 5989 7 5989 7 6086 7 5477 7 5355 7 5249 7 5861 7 5861 7 5989 7 5355 7 5249 7 5147 7 5604 7 5604 7 5861 7 5249 7 5147 7 5048 7 5430 7 5430 7 5604 7 5147 7 5048 7 4940 7 5205 7 5205 7 5430 7 5048 7 4940 7 4770 7 5006 7 5006 7 5205 7 4940 7 4770 7 4655 7 4827 7 4827 7 5006 7 4770 7 4655 7 4534 7 4609 7 4609 7 4827 7 4655 7 4534 7 4369 7 4431 7 4431 7 4609 7 4534 7 4369 7 4305 7 4298 7 4298 7 4431 7 4369 7 4305 7 4134 7 4086 7 4086 7 4298 7 4305 7 4134 7 3970 7 3908 7 3908 7 4086 7 4134 7 3970 7 3848 7 3688 7 3688 7 3908 7 3970 7 3848 7 3729 7 3511 7 3511 7 3688 7 3848 7 3729 7 3557 7 3310 7 3310 7 3511 7 3729 7 3557 7 3449 7 3096 7 3096 7 3310 7 3557 7 3449 7 3351 7 2917 7 2917 7 3096 7 3449 7 3351 7 3249 7 2661 7 2661 7 2917 7 3351 7 3249 7 3146 7 2532 7 2532 7 2661 7 3249 7 3146 7 3026 7 2436 7 2436 7 2532 7 3146 7 3026 7 2986 7 2328 7 2328 7 2436 7 3026 7 2986 7 2949 7 2259 7 2259 7 2328 7 2986 7 2949 7 2990 7 2336 7 2336 7 2259 7 2949 7 2990 7 3029 7 2444 7 2444 7 2336 7 2990 7 3029 7 3150 7 2541 7 2541 7 2444 7 3029 7 3150 7 3253 7 2668 7 2668 7 2541 7 3150 7 3253 7 3356 7 2925 7 2925 7 2668 7 3253 7 3356 7 3453 7 3103 7 3103 7 2925 7 3356 7 3453 7 3561 7 3318 7 3318 7 3103 7 3453 7 3561 7 3734 7 3519 7 3519 7 3318 7 3561 7 3734 7 3852 7 3695 7 3695 7 3519 7 3734 7 3852 7 3974 7 3915 7 3915 7 3695 7 3852 7 3974 7 4138 7 4093 7 4093 7 3915 7 3974 7 4138 7 4309 7 4314 7 4314 7 4093 7 4138 7 4309 7 4373 7 4438 7 4438 7 4314 7 4309 7 4373 7 4538 7 4616 7 4616 7 4438 7 4373 7 4538 7 4658 7 4836 7 4836 7 4616 7 4538 7 4658 7 4774 7 5015 7 5015 7 4836 7 4658 7 4774 7 4945 7 5213 7 5213 7 5015 7 4774 7 4945 7 5053 7 5439 7 5439 7 5213 7 4945 7 5053 7 5150 7 5612 7 5612 7 5439 7 5053 7 5150 7 5252 7 5869 7 5869 7 5612 7 5150 7 5252 7 5359 7 5997 7 5997 7 5869 7 5252 7 5359 7 5480 7 6094 7 6094 7 5997 7 5359 7 5480 7 5521 7 6204 7 6204 7 6094 7 5480 7 5521 7 5541 7 6245 7 6245 7 6204 7 5521 7 6247 864 6246 865 6195 503 6195 503 6197 502 6247 864 6197 502 6195 503 6085 501 6085 501 6088 500 6197 502 6088 500 6085 501 5990 499 5990 499 5992 498 6088 500 5992 498 5990 499 5862 863 5862 863 5864 862 5992 498 5864 862 5862 863 5605 861 5605 861 5606 860 5864 862 5606 860 5605 861 5431 859 5431 859 5433 858 5606 860 5433 858 5431 859 5204 857 5204 857 5206 856 5433 858 5206 856 5204 857 5007 855 5007 855 5009 854 5206 856 5009 854 5007 855 4828 853 4828 853 4830 852 5009 854 4830 852 4828 853 4608 851 4608 851 4611 850 4830 852 4611 850 4608 851 4430 849 4430 849 4432 848 4611 850 4432 848 4430 849 4299 847 4299 847 4300 846 4432 848 4300 846 4299 847 4085 845 4085 845 4088 844 4300 846 4088 844 4085 845 3907 843 3907 843 3909 842 4088 844 3909 842 3907 843 3687 841 3687 841 3689 840 3909 842 3689 840 3687 841 3512 839 3512 839 3513 838 3689 840 3513 838 3512 839 3309 837 3309 837 3312 836 3513 838 3312 836 3309 837 3095 835 3095 835 3097 834 3312 836 3097 834 3095 835 2918 833 2918 833 2920 832 3097 834 2920 832 2918 833 2660 831 2660 831 2662 830 2920 832 2662 830 2660 831 2533 463 2533 463 2534 462 2662 830 2534 462 2533 463 2437 461 2437 461 2438 460 2534 462 2438 460 2437 461 2329 459 2329 459 2330 458 2438 460 2330 458 2329 459 2258 828 2258 828 2260 829 2330 458 2260 829 2258 828 2337 889 2337 889 2339 888 2260 829 2339 888 2337 889 2445 887 2445 887 2446 886 2339 888 2446 886 2445 887 2540 451 2540 451 2543 450 2446 886 2543 450 2540 451 2669 449 2669 449 2670 448 2543 450 2670 448 2669 449 2926 447 2926 447 2928 446 2670 448 2928 446 2926 447 3104 445 3104 445 3105 444 2928 446 3105 444 3104 445 3317 443 3317 443 3319 442 3105 444 3319 442 3317 443 3520 885 3520 885 3522 884 3319 442 3522 884 3520 885 3696 883 3696 883 3697 882 3522 884 3697 882 3696 883 3916 881 3916 881 3917 880 3697 882 3917 880 3916 881 4094 879 4094 879 4095 434 3917 880 4095 434 4094 879 4315 878 4315 878 4316 877 4095 434 4316 877 4315 878 4439 431 4439 431 4440 876 4316 877 4440 876 4439 431 4617 875 4617 875 4619 874 4440 876 4619 874 4617 875 4835 873 4835 873 4838 872 4619 874 4838 872 4835 873 5014 871 5014 871 5016 870 4838 872 5016 870 5014 871 5212 423 5212 423 5215 422 5016 870 5215 422 5212 423 5438 421 5438 421 5440 420 5215 422 5440 420 5438 421 5613 419 5613 419 5614 418 5440 420 5614 418 5613 419 5870 417 5870 417 5871 416 5614 418 5871 416 5870 417 5998 415 5998 415 5999 414 5871 416 5999 414 5998 415 6093 869 6093 869 6095 868 5999 414 6095 868 6093 869 6203 867 6203 867 6205 866 6095 868 6205 866 6203 867 6246 865 6246 865 6247 864 6205 866 2325 0 2148 0 2117 0 2117 0 2255 0 2325 0 2433 0 2176 0 2148 0 2148 0 2325 0 2433 0 2528 0 2216 0 2176 0 2176 0 2433 0 2528 0 2656 0 2366 0 2216 0 2216 0 2528 0 2656 0 2914 0 2578 0 2366 0 2366 0 2656 0 2914 0 3091 0 2756 0 2578 0 2578 0 2914 0 3091 0 3306 0 3175 0 2756 0 2756 0 3091 0 3306 0 3508 0 3383 0 3175 0 3175 0 3306 0 3508 0 3684 0 3585 0 3383 0 3383 0 3508 0 3684 0 3904 0 3783 0 3585 0 3585 0 3684 0 3904 0 4082 0 4019 0 3783 0 3783 0 3904 0 4082 0 4295 0 4286 0 4019 0 4019 0 4082 0 4295 0 4426 0 4486 0 4286 0 4286 0 4295 0 4426 0 4604 0 4706 0 4486 0 4486 0 4426 0 4604 0 4823 0 4903 0 4706 0 4706 0 4604 0 4823 0 5003 0 5104 0 4903 0 4903 0 4823 0 5003 0 5201 0 5312 0 5104 0 5104 0 5003 0 5201 0 5426 0 5741 0 5312 0 5312 0 5201 0 5426 0 5601 0 5911 0 5741 0 5741 0 5426 0 5601 0 5858 0 6123 0 5911 0 5911 0 5601 0 5858 0 5985 0 6275 0 6123 0 6123 0 5858 0 5985 0 6081 0 6315 0 6275 0 6275 0 5985 0 6081 0 6192 0 6343 0 6315 0 6315 0 6081 0 6192 0 6242 0 6403 0 6343 0 6343 0 6192 0 6242 0 6200 0 6345 0 6403 0 6403 0 6242 0 6200 0 6090 0 6317 0 6345 0 6345 0 6200 0 6090 0 5994 0 6277 0 6317 0 6317 0 6090 0 5994 0 5865 0 6125 0 6277 0 6277 0 5994 0 5865 0 5608 0 5913 0 6125 0 6125 0 5865 0 5608 0 5435 0 5743 0 5913 0 5913 0 5608 0 5435 0 5208 0 5315 0 5743 0 5743 0 5435 0 5208 0 5010 0 5107 0 5315 0 5315 0 5208 0 5010 0 4831 0 4905 0 5107 0 5107 0 5010 0 4831 0 4612 0 4708 0 4905 0 4905 0 4831 0 4612 0 4434 0 4493 0 4708 0 4708 0 4612 0 4434 0 4311 0 4318 0 4493 0 4493 0 4434 0 4311 0 4090 0 4025 0 4318 0 4318 0 4311 0 4090 0 3911 0 3786 0 4025 0 4025 0 4090 0 3911 0 3691 0 3587 0 3786 0 3786 0 3911 0 3691 0 3516 0 3386 0 3587 0 3587 0 3691 0 3516 0 3313 0 3178 0 3386 0 3386 0 3516 0 3313 0 3100 0 2759 0 3178 0 3178 0 3313 0 3100 0 2921 0 2580 0 2759 0 2759 0 3100 0 2921 0 2664 0 2368 0 2580 0 2580 0 2921 0 2664 0 2537 0 2218 0 2368 0 2368 0 2664 0 2537 0 2441 0 2178 0 2218 0 2218 0 2537 0 2441 0 2333 0 2150 0 2178 0 2178 0 2441 0 2333 0 2255 0 2117 0 2150 0 2150 0 2333 0 2255 0 6198 7 6344 7 6404 7 6404 7 6248 7 6198 7 6087 7 6316 7 6344 7 6344 7 6198 7 6087 7 5991 7 6276 7 6316 7 6316 7 6087 7 5991 7 5863 7 6124 7 6276 7 6276 7 5991 7 5863 7 5607 7 5912 7 6124 7 6124 7 5863 7 5607 7 5432 7 5742 7 5912 7 5912 7 5607 7 5432 7 5207 7 5313 7 5742 7 5742 7 5432 7 5207 7 5008 7 5105 7 5313 7 5313 7 5207 7 5008 7 4829 7 4904 7 5105 7 5105 7 5008 7 4829 7 4610 7 4707 7 4904 7 4904 7 4829 7 4610 7 4433 7 4487 7 4707 7 4707 7 4610 7 4433 7 4301 7 4287 7 4487 7 4487 7 4433 7 4301 7 4087 7 4020 7 4287 7 4287 7 4301 7 4087 7 3910 7 3784 7 4020 7 4020 7 4087 7 3910 7 3690 7 3586 7 3784 7 3784 7 3910 7 3690 7 3514 7 3384 7 3586 7 3586 7 3690 7 3514 7 3311 7 3176 7 3384 7 3384 7 3514 7 3311 7 3098 7 2757 7 3176 7 3176 7 3311 7 3098 7 2919 7 2579 7 2757 7 2757 7 3098 7 2919 7 2663 7 2367 7 2579 7 2579 7 2919 7 2663 7 2535 7 2217 7 2367 7 2367 7 2663 7 2535 7 2439 7 2177 7 2217 7 2217 7 2535 7 2439 7 2331 7 2149 7 2177 7 2177 7 2439 7 2331 7 2261 7 2118 7 2149 7 2149 7 2331 7 2261 7 2338 7 2151 7 2118 7 2118 7 2261 7 2338 7 2447 7 2179 7 2151 7 2151 7 2338 7 2447 7 2542 7 2219 7 2179 7 2179 7 2447 7 2542 7 2671 7 2369 7 2219 7 2219 7 2542 7 2671 7 2927 7 2581 7 2369 7 2369 7 2671 7 2927 7 3106 7 2768 7 2581 7 2581 7 2927 7 3106 7 3320 7 3182 7 2768 7 2768 7 3106 7 3320 7 3521 7 3390 7 3182 7 3182 7 3320 7 3521 7 3698 7 3591 7 3390 7 3390 7 3521 7 3698 7 3918 7 3789 7 3591 7 3591 7 3698 7 3918 7 4096 7 4030 7 3789 7 3789 7 3918 7 4096 7 4317 7 4322 7 4030 7 4030 7 4096 7 4317 7 4441 7 4496 7 4322 7 4322 7 4317 7 4441 7 4618 7 4712 7 4496 7 4496 7 4441 7 4618 7 4837 7 4910 7 4712 7 4712 7 4618 7 4837 7 5017 7 5110 7 4910 7 4910 7 4837 7 5017 7 5214 7 5318 7 5110 7 5110 7 5017 7 5214 7 5441 7 5752 7 5318 7 5318 7 5214 7 5441 7 5615 7 5914 7 5752 7 5752 7 5441 7 5615 7 5872 7 6126 7 5914 7 5914 7 5615 7 5872 7 6000 7 6278 7 6126 7 6126 7 5872 7 6000 7 6096 7 6318 7 6278 7 6278 7 6000 7 6096 7 6206 7 6346 7 6318 7 6318 7 6096 7 6206 7 6248 7 6404 7 6346 7 6346 7 6206 7 6248 7 2758 890 2762 891 3179 892 3179 892 3177 893 2758 890 3177 893 3179 892 3387 894 3387 894 3385 895 3177 893 3385 895 3387 894 3589 896 3589 896 3588 897 3385 895 3588 897 3589 896 3787 898 3787 898 3785 899 3588 897 3785 899 3787 898 4027 900 4027 900 4026 901 3785 899 4026 901 4027 900 4320 902 4320 902 4319 903 4026 901 4319 903 4320 902 4494 904 4494 904 4492 905 4319 903 4492 905 4494 904 4710 906 4710 906 4709 907 4492 905 4709 907 4710 906 4907 908 4907 908 4906 909 4709 907 4906 909 4907 908 5108 910 5108 910 5106 911 4906 909 5106 911 5108 910 5316 912 5316 912 5314 913 5106 911 5314 913 5316 912 5748 914 5748 914 5744 915 5314 913 2150 0 2117 0 2119 0 2178 0 2150 0 2119 0 2218 0 2178 0 2119 0 2368 0 2218 0 2119 0 2580 0 2368 0 2119 0 2759 0 2580 0 2119 0 6405 0 6403 0 6345 0 6405 0 6345 0 6317 0 6405 0 6317 0 6277 0 6405 0 6277 0 6125 0 6405 0 6125 0 5913 0 6405 0 5913 0 5743 0 2770 0 5755 0 5746 0 5746 0 2763 0 2770 0 3180 916 2765 891 2767 890 2767 890 3181 917 3180 916 3388 918 3180 916 3181 917 3181 917 3389 919 3388 918 3590 920 3388 918 3389 919 3389 919 3592 921 3590 920 3788 922 3590 920 3592 921 3592 921 3790 923 3788 922 4028 924 3788 922 3790 923 3790 923 4029 925 4028 924 4321 926 4028 924 4029 925 4029 925 4323 927 4321 926 4495 928 4321 926 4323 927 4323 927 4497 929 4495 928 4711 930 4495 928 4497 929 4497 929 4713 931 4711 930 4908 932 4711 930 4713 931 4713 931 4909 933 4908 932 5109 934 4908 932 4909 933 4909 933 5111 935 5109 934 5317 936 5109 934 5111 935 5111 935 5319 937 5317 936 5751 914 5317 936 5319 937 5319 937 5754 915 5751 914 2120 7 2118 7 2151 7 2120 7 2151 7 2179 7 2120 7 2179 7 2219 7 2120 7 2219 7 2369 7 2120 7 2369 7 2581 7 2120 7 2581 7 2768 7 6346 7 6404 7 6406 7 6318 7 6346 7 6406 7 6278 7 6318 7 6406 7 6126 7 6278 7 6406 7 5914 7 6126 7 6406 7 5752 7 5914 7 6406 7 2766 7 5750 7 5758 7 5758 7 2773 7 2766 7 3196 938 2827 697 2824 939 2824 939 3195 940 3196 938 3404 941 3196 938 3195 940 3195 940 3403 942 3404 941 3612 943 3404 941 3403 942 3403 942 3610 944 3612 943 3804 945 3612 943 3610 944 3610 944 3803 946 3804 945 4010 947 3804 945 3803 946 3803 946 4009 948 4010 947 4251 949 4010 947 4009 948 4009 948 4249 950 4251 949 4477 951 4251 949 4249 950 4249 950 4476 952 4477 951 4673 953 4477 951 4476 952 4476 952 4672 954 4673 953 4865 955 4673 953 4672 954 4672 954 4864 956 4865 955 5071 957 4865 955 4864 956 4864 956 5070 958 5071 957 5279 959 5071 957 5070 958 5070 958 5278 960 5279 959 5662 961 5279 959 5278 960 5278 960 5659 721 5662 961 2816 962 2822 963 3194 964 3194 964 3193 965 2816 962 3193 965 3194 964 3402 966 3402 966 3401 967 3193 965 3401 967 3402 966 3609 968 3609 968 3607 969 3401 967 3607 969 3609 968 3802 970 3802 970 3801 971 3607 969 3801 971 3802 970 4002 972 4002 972 4001 973 3801 971 4001 973 4002 972 4240 974 4240 974 4239 975 4001 973 4239 975 4240 974 4469 976 4469 976 4468 977 4239 975 4468 977 4469 976 4671 978 4671 978 4670 979 4468 977 4670 979 4671 978 4862 980 4862 980 4861 981 4670 979 4861 981 4862 980 5069 982 5069 982 5068 983 4861 981 5068 983 5069 982 5277 984 5277 984 5276 985 5068 983 5276 985 5277 984 5656 986 5656 986 5652 987 5276 985 3611 0 3608 0 2819 0 2819 0 2825 0 3611 0 4250 0 4241 0 3608 0 3608 0 3611 0 4250 0 4866 0 4863 0 4241 0 4241 0 4250 0 4866 0 5664 0 5657 0 4863 0 4863 0 4866 0 5664 0 2823 14 2826 14 2821 14 2821 14 2817 14 2823 14 5658 15 5663 15 5660 15 5660 15 5653 15 5658 15 2109 988 2111 988 2144 988 2109 989 2144 989 2172 989 2109 0 2172 0 2212 0 2109 0 2212 0 2362 0 2109 0 2362 0 2574 0 2109 0 2574 0 2752 0 6339 0 6397 0 6395 0 6311 0 6339 0 6395 0 6271 0 6311 0 6395 0 6119 0 6271 0 6395 0 5907 0 6119 0 6395 0 5737 0 5907 0 6395 0 2832 990 2828 991 3197 992 3197 992 3198 993 2832 990 3198 993 3197 992 3405 994 3405 994 3406 995 3198 993 3406 995 3405 994 3613 996 3613 996 3614 997 3406 995 3614 997 3613 996 3805 998 3805 998 3806 999 3614 997 3806 999 3805 998 4011 1000 4011 1000 4012 1001 3806 999 4012 1001 4011 1000 4252 1002 4252 1002 4253 1003 4012 1001 4253 1003 4252 1002 4478 1004 4478 1004 4479 1005 4253 1003 4479 1005 4478 1004 4674 1006 4674 1006 4675 1007 4479 1005 4675 1007 4674 1006 4867 1008 4867 1008 4868 1009 4675 1007 4868 1009 4867 1008 5072 1010 5072 1010 5073 1011 4868 1009 5073 1011 5072 1010 5280 1012 5280 1012 5281 1013 5073 1011 5281 1013 5280 1012 5665 1014 5665 1014 5670 1015 5281 1013 2831 1016 2750 1017 2749 1018 2749 1019 2830 1016 2831 1016 5667 1020 5734 1021 5735 1022 5735 1023 5668 1020 5667 1020 2145 7 2112 7 2110 7 2173 7 2145 7 2110 7 2213 7 2173 7 2110 7 2363 7 2213 7 2110 7 2575 7 2363 7 2110 7 2753 7 2575 7 2110 7 6396 1024 6398 1024 6340 1024 6396 1025 6340 1025 6312 1025 6396 7 6312 7 6272 7 6396 7 6272 7 6120 7 6396 7 6120 7 5908 7 6396 7 5908 7 5738 7 2703 7 2709 7 2751 7 2751 7 2106 7 2703 7 2682 7 2688 7 2703 7 2703 7 2106 7 2682 7 2590 7 2676 7 2682 7 2682 7 2106 7 2590 7 2453 7 2470 7 2590 7 2590 7 2106 7 2453 7 2194 7 2267 7 2453 7 2453 7 2106 7 2194 7 2099 7 2188 7 2194 7 2194 7 2106 7 2099 7 2707 1026 2749 1018 2750 1017 2750 1017 2708 1027 2707 1026 2701 1028 2707 1026 2708 1027 2708 1027 2702 1029 2701 1028 2687 1030 2701 1028 2702 1029 2702 1029 2689 1031 2687 1030 2681 1032 2687 1030 2689 1031 2689 1031 2683 1033 2681 1032 2675 1034 2681 1032 2683 1033 2683 1033 2677 1035 2675 1034 2589 1036 2675 1034 2677 1035 2677 1035 2591 1037 2589 1036 2469 1038 2589 1036 2591 1037 2591 1037 2471 1039 2469 1038 2451 1040 2469 1038 2471 1039 2471 1039 2452 1041 2451 1040 2265 1042 2451 1040 2452 1041 2452 1041 2266 1043 2265 1042 2193 1044 2265 1042 2266 1043 2266 1043 2195 1045 2193 1044 2187 1046 2193 1044 2195 1045 2195 1045 2189 1047 2187 1046 2098 1048 2187 1046 2189 1047 2189 1047 2100 1049 2098 1048 1536 0 1510 0 1497 0 1497 0 1542 0 1536 0 1510 0 1465 0 1447 0 1447 0 1497 0 1510 0 1465 0 1426 0 1395 0 1395 0 1447 0 1465 0 1426 0 1405 0 1345 0 1345 0 1395 0 1426 0 1405 0 1357 0 1286 0 1286 0 1345 0 1405 0 1357 0 1332 0 1249 0 1249 0 1286 0 1357 0 1332 0 1303 0 1195 0 1195 0 1249 0 1332 0 1303 0 1271 0 1152 0 1152 0 1195 0 1303 0 1271 0 1259 0 1115 0 1115 0 1152 0 1271 0 1259 0 1235 0 1096 0 1096 0 1115 0 1259 0 1235 0 1217 0 1063 0 1063 0 1096 0 1235 0 1217 0 1209 0 1047 0 1047 0 1063 0 1217 0 1209 0 1213 0 1055 0 1055 0 1047 0 1209 0 1213 1050 1231 1050 1088 1050 1088 1051 1055 1051 1213 1051 1231 0 1256 0 1107 0 1107 0 1088 0 1231 0 1256 0 1268 0 1144 0 1144 0 1107 0 1256 0 1268 0 1299 0 1187 0 1187 0 1144 0 1268 0 1299 0 1328 0 1241 0 1241 0 1187 0 1299 0 1328 0 1354 0 1277 0 1277 0 1241 0 1328 0 1354 0 1401 0 1338 0 1338 0 1277 0 1354 0 1401 0 1421 0 1387 0 1387 0 1338 0 1401 0 1421 0 1461 0 1440 0 1440 0 1387 0 1421 0 1461 0 1506 0 1490 0 1490 0 1440 0 1461 0 1506 0 1532 0 1526 0 1526 0 1490 0 1506 0 1532 0 1558 0 1574 0 1574 0 1526 0 1532 0 1558 0 1594 0 1605 0 1605 0 1574 0 1558 0 1594 0 1628 0 1657 0 1657 0 1605 0 1594 0 1628 0 1648 0 1693 0 1693 0 1657 0 1628 0 1648 0 1676 0 1742 0 1742 0 1693 0 1648 0 1676 0 1708 0 1792 0 1792 0 1742 0 1676 0 1708 0 1732 0 1838 0 1838 0 1792 0 1708 0 1732 0 1766 0 1887 0 1887 0 1838 0 1732 0 1766 0 1777 0 1924 0 1924 0 1887 0 1766 0 1777 0 1806 0 1940 0 1940 0 1924 0 1777 0 1806 0 1824 0 1968 0 1968 0 1940 0 1806 0 1824 0 1831 0 1983 0 1983 0 1968 0 1824 0 1831 0 1828 0 1976 0 1976 0 1983 0 1831 0 1828 1052 1809 1052 1947 1052 1947 1053 1976 1053 1828 1053 1809 0 1781 0 1931 0 1931 0 1947 0 1809 0 1781 0 1769 0 1896 0 1896 0 1931 0 1781 0 1769 0 1736 0 1845 0 1845 0 1896 0 1769 0 1736 0 1712 0 1800 0 1800 0 1845 0 1736 0 1712 0 1679 0 1749 0 1749 0 1800 0 1712 0 1679 0 1651 0 1702 0 1702 0 1749 0 1679 0 1651 0 1632 0 1665 0 1665 0 1702 0 1651 0 1632 0 1597 0 1613 0 1613 0 1665 0 1632 0 1597 0 1562 0 1582 0 1582 0 1613 0 1597 0 1562 0 1536 0 1542 0 1542 0 1582 0 1562 0 1539 1054 1541 1055 1498 1056 1498 1056 1496 1057 1539 1054 1496 1057 1498 1056 1448 1058 1448 1058 1446 1059 1496 1057 1446 1059 1448 1058 1396 1060 1396 1060 1394 1061 1446 1059 1394 1061 1396 1060 1346 1062 1346 1062 1344 1063 1394 1061 1344 1063 1346 1062 1285 1064 1285 1064 1283 1065 1344 1063 1283 1065 1285 1064 1250 1066 1250 1066 1248 1067 1283 1065 1248 1067 1250 1066 1196 1068 1196 1068 1194 1069 1248 1067 1194 1069 1196 1068 1151 1070 1151 1070 1149 1071 1194 1069 1149 1071 1151 1070 1116 1072 1116 1072 1114 1073 1149 1071 1114 1073 1116 1072 1095 1074 1095 1074 1093 1075 1114 1073 1093 1075 1095 1074 1064 1076 1064 1076 1062 1077 1093 1075 1062 1077 1064 1076 1048 1078 1048 1078 1045 1079 1062 1077 1045 1079 1048 1078 1056 1080 1056 1080 1054 1081 1045 1079 1054 1081 1056 1080 1087 1082 1087 1082 1086 1083 1054 1081 1086 1083 1087 1082 1108 462 1108 462 1105 1084 1086 1083 1105 1084 1108 462 1143 1085 1143 1085 1142 1086 1105 1084 1142 1086 1143 1085 1188 1087 1188 1087 1186 1088 1142 1086 1186 1088 1188 1087 1242 1089 1242 1089 1239 1090 1186 1088 1239 1090 1242 1089 1278 1091 1278 1091 1276 1092 1239 1090 1276 1092 1278 1091 1337 1093 1337 1093 1335 1094 1276 1092 1335 1094 1337 1093 1388 1095 1388 1095 1385 1096 1335 1094 1385 1096 1388 1095 1439 1097 1439 1097 1437 1098 1385 1096 1437 1098 1439 1097 1489 1099 1489 1099 1487 1100 1437 1098 1487 1100 1489 1099 1525 1101 1525 1101 1524 1102 1487 1100 1524 1102 1525 1101 1573 1103 1573 1103 1571 1104 1524 1102 1571 1104 1573 1103 1606 1105 1606 1105 1603 1106 1571 1104 1603 1106 1606 1105 1658 1107 1658 1107 1655 1108 1603 1106 1655 1108 1658 1107 1694 1109 1694 1109 1692 1110 1655 1108 1692 1110 1694 1109 1741 1111 1741 1111 1739 1112 1692 1110 1739 1112 1741 1111 1791 1113 1791 1113 1790 1114 1739 1112 1790 1114 1791 1113 1837 1115 1837 1115 1836 1116 1790 1114 1836 1116 1837 1115 1888 1117 1888 1117 1886 1118 1836 1116 1886 1118 1888 1117 1923 1119 1923 1119 1922 1120 1886 1118 1922 1120 1923 1119 1939 1121 1939 1121 1937 1122 1922 1120 1937 1122 1939 1121 1967 1123 1967 1123 1966 1124 1937 1122 1966 1124 1967 1123 1984 1125 1984 1125 1981 1126 1966 1124 1981 1126 1984 1125 1975 1127 1975 1127 1974 1128 1981 1126 1974 1128 1975 1127 1948 1129 1948 1129 1945 1130 1974 1128 1945 1130 1948 1129 1932 1131 1932 1131 1930 1132 1945 1130 1930 1132 1932 1131 1895 1133 1895 1133 1894 1134 1930 1132 1894 1134 1895 1133 1846 1135 1846 1135 1844 1136 1894 1134 1844 1136 1846 1135 1799 1137 1799 1137 1798 1138 1844 1136 1798 1138 1799 1137 1750 1139 1750 1139 1747 1140 1798 1138 1747 1140 1750 1139 1701 1141 1701 1141 1699 1142 1747 1140 1699 1142 1701 1141 1666 1143 1666 1143 1664 1144 1699 1142 1664 1144 1666 1143 1614 1145 1614 1145 1611 1146 1664 1144 1611 1146 1614 1145 1581 1147 1581 1147 1579 1148 1611 1146 1579 1148 1581 1147 1541 1055 1541 1055 1539 1054 1579 1148 1499 7 1512 7 1537 7 1537 7 1544 7 1499 7 1449 7 1468 7 1512 7 1512 7 1499 7 1449 7 1397 7 1428 7 1468 7 1468 7 1449 7 1397 7 1348 7 1407 7 1428 7 1428 7 1397 7 1348 7 1288 7 1360 7 1407 7 1407 7 1348 7 1288 7 1251 7 1333 7 1360 7 1360 7 1288 7 1251 7 1198 7 1306 7 1333 7 1333 7 1251 7 1198 7 1153 7 1274 7 1306 7 1306 7 1198 7 1153 7 1118 7 1261 7 1274 7 1274 7 1153 7 1118 7 1097 7 1237 7 1261 7 1261 7 1118 7 1097 7 1065 7 1219 7 1237 7 1237 7 1097 7 1065 7 1049 7 1212 7 1219 7 1219 7 1065 7 1049 7 1057 7 1216 7 1212 7 1212 7 1049 7 1057 7 1089 1149 1233 1149 1216 1149 1216 1150 1057 1150 1089 1150 1109 7 1258 7 1233 7 1233 7 1089 7 1109 7 1146 7 1270 7 1258 7 1258 7 1109 7 1146 7 1189 7 1301 7 1270 7 1270 7 1146 7 1189 7 1243 7 1330 7 1301 7 1301 7 1189 7 1243 7 1279 7 1355 7 1330 7 1330 7 1243 7 1279 7 1340 7 1404 7 1355 7 1355 7 1279 7 1340 7 1389 7 1424 7 1404 7 1404 7 1340 7 1389 7 1441 7 1464 7 1424 7 1424 7 1389 7 1441 7 1491 7 1508 7 1464 7 1464 7 1441 7 1491 7 1527 7 1533 7 1508 7 1508 7 1491 7 1527 7 1576 7 1559 7 1533 7 1533 7 1527 7 1576 7 1608 7 1596 7 1559 7 1559 7 1576 7 1608 7 1659 7 1629 7 1596 7 1596 7 1608 7 1659 7 1696 7 1650 7 1629 7 1629 7 1659 7 1696 7 1744 7 1678 7 1650 7 1650 7 1696 7 1744 7 1794 7 1710 7 1678 7 1678 7 1744 7 1794 7 1839 7 1733 7 1710 7 1710 7 1794 7 1839 7 1890 7 1767 7 1733 7 1733 7 1839 7 1890 7 1925 7 1779 7 1767 7 1767 7 1890 7 1925 7 1941 7 1808 7 1779 7 1779 7 1925 7 1941 7 1969 7 1826 7 1808 7 1808 7 1941 7 1969 7 1986 7 1833 7 1826 7 1826 7 1969 7 1986 7 1977 7 1829 7 1833 7 1833 7 1986 7 1977 7 1950 1151 1811 1151 1829 1151 1829 1152 1977 1152 1950 1152 1934 7 1783 7 1811 7 1811 7 1950 7 1934 7 1898 7 1771 7 1783 7 1783 7 1934 7 1898 7 1848 7 1737 7 1771 7 1771 7 1898 7 1848 7 1801 7 1713 7 1737 7 1737 7 1848 7 1801 7 1751 7 1681 7 1713 7 1713 7 1801 7 1751 7 1704 7 1654 7 1681 7 1681 7 1751 7 1704 7 1668 7 1634 7 1654 7 1654 7 1704 7 1668 7 1616 7 1599 7 1634 7 1634 7 1668 7 1616 7 1584 7 1564 7 1599 7 1599 7 1616 7 1584 7 1544 7 1537 7 1564 7 1564 7 1584 7 1544 7 1500 1153 1543 1154 1545 1155 1545 1155 1501 1156 1500 1153 1450 1157 1500 1153 1501 1156 1501 1156 1452 1158 1450 1157 1398 1159 1450 1157 1452 1158 1452 1158 1400 1160 1398 1159 1347 1161 1398 1159 1400 1160 1400 1160 1350 1162 1347 1161 1287 1163 1347 1161 1350 1162 1350 1162 1290 1164 1287 1163 1252 1165 1287 1163 1290 1164 1290 1164 1254 1166 1252 1165 1197 1167 1252 1165 1254 1166 1254 1166 1199 1168 1197 1167 1154 1169 1197 1167 1199 1168 1199 1168 1155 1170 1154 1169 1117 1171 1154 1169 1155 1170 1155 1170 1120 1172 1117 1171 1098 1173 1117 1171 1120 1172 1120 1172 1099 1174 1098 1173 1066 1175 1098 1173 1099 1174 1099 1174 1068 1176 1066 1175 1050 1177 1066 1175 1068 1176 1068 1176 1052 1178 1050 1177 1058 1179 1050 1177 1052 1178 1052 1178 1059 1180 1058 1179 1090 1181 1058 1179 1059 1180 1059 1180 1091 1182 1090 1181 1110 1183 1090 1181 1091 1182 1091 1182 1112 1184 1110 1183 1145 1185 1110 1183 1112 1184 1112 1184 1147 1186 1145 1185 1190 1187 1145 1185 1147 1186 1147 1186 1191 1188 1190 1187 1244 1189 1190 1187 1191 1188 1191 1188 1245 1190 1244 1189 1280 1191 1244 1189 1245 1190 1245 1190 1281 1192 1280 1191 1339 1193 1280 1191 1281 1192 1281 1192 1341 1194 1339 1193 1390 1195 1339 1193 1341 1194 1341 1194 1392 1196 1390 1195 1442 1197 1390 1195 1392 1196 1392 1196 1443 1198 1442 1197 1492 1199 1442 1197 1443 1198 1443 1198 1493 1200 1492 1199 1528 1201 1492 1199 1493 1200 1493 1200 1529 1202 1528 1201 1575 1203 1528 1201 1529 1202 1529 1202 1578 1204 1575 1203 1607 1205 1575 1203 1578 1204 1578 1204 1610 1206 1607 1205 1660 1207 1607 1205 1610 1206 1610 1206 1661 1208 1660 1207 1695 1209 1660 1207 1661 1208 1661 1208 1698 1210 1695 1209 1743 1211 1695 1209 1698 1210 1698 1210 1745 1212 1743 1211 1793 1213 1743 1211 1745 1212 1745 1212 1796 1214 1793 1213 1840 1215 1793 1213 1796 1214 1796 1214 1842 1216 1840 1215 1889 1217 1840 1215 1842 1216 1842 1216 1891 1218 1889 1217 1926 1219 1889 1217 1891 1218 1891 1218 1928 1220 1926 1219 1942 1221 1926 1219 1928 1220 1928 1220 1943 1222 1942 1221 1970 1223 1942 1221 1943 1222 1943 1222 1971 1224 1970 1223 1985 1225 1970 1223 1971 1224 1971 1224 1987 1226 1985 1225 1978 1227 1985 1225 1987 1226 1987 1226 1980 1228 1978 1227 1949 1229 1978 1227 1980 1228 1980 1228 1952 1230 1949 1229 1933 1231 1949 1229 1952 1230 1952 1230 1936 1232 1933 1231 1897 1233 1933 1231 1936 1232 1936 1232 1899 1234 1897 1233 1847 1235 1897 1233 1899 1234 1899 1234 1850 1236 1847 1235 1802 1237 1847 1235 1850 1236 1850 1236 1804 1238 1802 1237 1752 1239 1802 1237 1804 1238 1804 1238 1754 1240 1752 1239 1703 1241 1752 1239 1754 1240 1754 1240 1706 1242 1703 1241 1667 1243 1703 1241 1706 1242 1706 1242 1670 1244 1667 1243 1615 1245 1667 1243 1670 1244 1670 1244 1617 1246 1615 1245 1583 1247 1615 1245 1617 1246 1617 1246 1585 1248 1583 1247 1543 1154 1583 1247 1585 1248 1585 1248 1545 1155 1543 1154 1535 1249 1538 1250 1511 1251 1511 1251 1509 1252 1535 1249 1509 1252 1511 1251 1467 1253 1467 1253 1466 1254 1509 1252 1466 1254 1467 1253 1427 1255 1427 1255 1425 1256 1466 1254 1425 1256 1427 1255 1408 1257 1408 1257 1406 1258 1425 1256 1406 1258 1408 1257 1359 1259 1359 1259 1358 1260 1406 1258 1358 1260 1359 1259 1334 1261 1334 1261 1331 1262 1358 1260 1331 1262 1334 1261 1305 1263 1305 1263 1304 1264 1331 1262 1304 1264 1305 1263 1273 1265 1273 1265 1272 1266 1304 1264 1272 1266 1273 1265 1262 1267 1262 1267 1260 1268 1272 1266 1260 1268 1262 1267 1238 1269 1238 1269 1236 1270 1260 1268 1236 1270 1238 1269 1220 1271 1220 1271 1218 1272 1236 1270 1218 1272 1220 1271 1211 1273 1211 1273 1210 1274 1218 1272 1210 1274 1211 1273 1215 1275 1215 1275 1214 1276 1210 1274 1214 1276 1215 1275 1234 1277 1234 1277 1232 1278 1214 1276 1232 1278 1234 1277 1257 1279 1257 1279 1255 1280 1232 1278 1255 1280 1257 1279 1269 1281 1269 1281 1267 1282 1255 1280 1267 1282 1269 1281 1302 1283 1302 1283 1300 1284 1267 1282 1300 1284 1302 1283 1329 1285 1329 1285 1327 1286 1300 1284 1327 1286 1329 1285 1356 1287 1356 1287 1353 1288 1327 1286 1353 1288 1356 1287 1403 1289 1403 1289 1402 1290 1353 1288 1402 1290 1403 1289 1423 1291 1423 1291 1422 1292 1402 1290 1422 1292 1423 1291 1463 1293 1463 1293 1462 1294 1422 1292 1462 1294 1463 1293 1507 1295 1507 1295 1505 1296 1462 1294 1505 1296 1507 1295 1534 1297 1534 1297 1531 1298 1505 1296 1531 1298 1534 1297 1560 1299 1560 1299 1557 1300 1531 1298 1557 1300 1560 1299 1595 1301 1595 1301 1593 677 1557 1300 1593 677 1595 1301 1630 1302 1630 1302 1627 1303 1593 677 1627 1303 1630 1302 1649 1304 1649 1304 1647 1305 1627 1303 1647 1305 1649 1304 1677 1306 1677 1306 1675 1307 1647 1305 1675 1307 1677 1306 1709 1308 1709 1308 1707 1309 1675 1307 1707 1309 1709 1308 1734 1310 1734 1310 1731 1311 1707 1309 1731 1311 1734 1310 1768 1312 1768 1312 1765 1313 1731 1311 1765 1313 1768 1312 1780 1314 1780 1314 1778 1315 1765 1313 1778 1315 1780 1314 1807 1316 1807 1316 1805 1317 1778 1315 1805 1317 1807 1316 1825 1318 1825 1318 1823 1319 1805 1317 1823 1319 1825 1318 1834 1320 1834 1320 1832 1321 1823 1319 1832 1321 1834 1320 1830 1322 1830 1322 1827 1323 1832 1321 1827 1323 1830 1322 1812 1324 1812 1324 1810 1325 1827 1323 1810 1325 1812 1324 1784 1326 1784 1326 1782 1327 1810 1325 1782 1327 1784 1326 1772 1328 1772 1328 1770 1329 1782 1327 1770 1329 1772 1328 1738 1330 1738 1330 1735 1331 1770 1329 1735 1331 1738 1330 1714 1332 1714 1332 1711 1333 1735 1331 1711 1333 1714 1332 1682 614 1682 614 1680 1334 1711 1333 1680 1334 1682 614 1653 1335 1653 1335 1652 1336 1680 1334 1652 1336 1653 1335 1633 1337 1633 1337 1631 1338 1652 1336 1631 1338 1633 1337 1600 1339 1600 1339 1598 1340 1631 1338 1598 1340 1600 1339 1563 1341 1563 1341 1561 1342 1598 1340 1561 1342 1563 1341 1538 1250 1538 1250 1535 1249 1561 1342 1495 0 1483 0 1547 0 1547 0 1540 0 1495 0 1445 0 1419 0 1483 0 1483 0 1495 0 1445 0 1393 0 1363 0 1419 0 1419 0 1445 0 1393 0 1343 0 1309 0 1363 0 1363 0 1393 0 1343 0 1284 0 1265 0 1309 0 1309 0 1343 0 1284 0 1247 0 1159 0 1265 0 1265 0 1284 0 1247 0 1193 0 1131 0 1159 0 1159 0 1247 0 1193 0 1150 0 1075 0 1131 0 1131 0 1193 0 1150 0 1113 0 1031 0 1075 0 1075 0 1150 0 1113 0 1094 0 1019 0 1031 0 1031 0 1113 0 1094 0 1061 0 997 0 1019 0 1019 0 1094 0 1061 0 1046 0 985 0 997 0 997 0 1061 0 1046 0 1053 0 995 0 985 0 985 0 1046 0 1053 0 1085 1343 1017 1343 995 1343 995 1344 1053 1344 1085 1344 1106 0 1029 0 1017 0 1017 0 1085 0 1106 0 1141 0 1073 0 1029 0 1029 0 1106 0 1141 0 1185 0 1129 0 1073 0 1073 0 1141 0 1185 0 1240 0 1157 0 1129 0 1129 0 1185 0 1240 0 1275 0 1263 0 1157 0 1157 0 1240 0 1275 0 1336 0 1307 0 1263 0 1263 0 1275 0 1336 0 1386 0 1361 0 1307 0 1307 0 1336 0 1386 0 1438 0 1417 0 1361 0 1361 0 1386 0 1438 0 1488 0 1481 0 1417 0 1417 0 1438 0 1488 0 1523 0 1521 0 1481 0 1481 0 1488 0 1523 0 1572 0 1589 0 1521 0 1521 0 1523 0 1572 0 1604 0 1635 0 1589 0 1589 0 1572 0 1604 0 1656 0 1671 0 1635 0 1635 0 1604 0 1656 0 1691 0 1719 0 1671 0 1671 0 1656 0 1691 0 1740 0 1773 0 1719 0 1719 0 1691 0 1740 0 1789 0 1873 0 1773 0 1773 0 1740 0 1789 0 1835 0 1909 0 1873 0 1873 0 1789 0 1835 0 1885 0 1961 0 1909 0 1909 0 1835 0 1885 0 1921 0 1999 0 1961 0 1961 0 1885 0 1921 0 1938 0 2013 0 1999 0 1999 0 1921 0 1938 0 1965 0 2025 0 2013 0 2013 0 1938 0 1965 0 1982 0 2036 0 2025 0 2025 0 1965 0 1982 0 1973 0 2027 0 2036 0 2036 0 1982 0 1973 0 1946 1345 2015 1345 2027 1345 2027 1346 1973 1346 1946 1346 1929 0 2001 0 2015 0 2015 0 1946 0 1929 0 1893 0 1963 0 2001 0 2001 0 1929 0 1893 0 1843 0 1911 0 1963 0 1963 0 1893 0 1843 0 1797 0 1875 0 1911 0 1911 0 1843 0 1797 0 1748 0 1775 0 1875 0 1875 0 1797 0 1748 0 1700 0 1721 0 1775 0 1775 0 1748 0 1700 0 1663 0 1673 0 1721 0 1721 0 1700 0 1663 0 1612 0 1637 0 1673 0 1673 0 1663 0 1612 0 1580 0 1591 0 1637 0 1637 0 1612 0 1580 0 1540 0 1547 0 1591 0 1591 0 1580 0 1540 0 1586 7 1592 7 1548 7 1548 7 1546 7 1586 7 1618 7 1638 7 1592 7 1592 7 1586 7 1618 7 1669 7 1674 7 1638 7 1638 7 1618 7 1669 7 1705 7 1722 7 1674 7 1674 7 1669 7 1705 7 1753 7 1776 7 1722 7 1722 7 1705 7 1753 7 1803 7 1876 7 1776 7 1776 7 1753 7 1803 7 1849 7 1912 7 1876 7 1876 7 1803 7 1849 7 1900 7 1964 7 1912 7 1912 7 1849 7 1900 7 1935 7 2002 7 1964 7 1964 7 1900 7 1935 7 1951 7 2016 7 2002 7 2002 7 1935 7 1951 7 1979 7 2028 7 2016 7 2016 7 1951 7 1979 7 1988 7 2037 7 2028 7 2028 7 1979 7 1988 7 1972 7 2026 7 2037 7 2037 7 1988 7 1972 7 1944 1347 2014 1347 2026 1347 2026 1348 1972 1348 1944 1348 1927 7 2000 7 2014 7 2014 7 1944 7 1927 7 1892 7 1962 7 2000 7 2000 7 1927 7 1892 7 1841 7 1910 7 1962 7 1962 7 1892 7 1841 7 1795 7 1874 7 1910 7 1910 7 1841 7 1795 7 1746 7 1774 7 1874 7 1874 7 1795 7 1746 7 1697 7 1720 7 1774 7 1774 7 1746 7 1697 7 1662 7 1672 7 1720 7 1720 7 1697 7 1662 7 1609 7 1636 7 1672 7 1672 7 1662 7 1609 7 1577 7 1590 7 1636 7 1636 7 1609 7 1577 7 1530 7 1522 7 1590 7 1590 7 1577 7 1530 7 1494 7 1482 7 1522 7 1522 7 1530 7 1494 7 1444 7 1418 7 1482 7 1482 7 1494 7 1444 7 1391 7 1362 7 1418 7 1418 7 1444 7 1391 7 1342 7 1308 7 1362 7 1362 7 1391 7 1342 7 1282 7 1264 7 1308 7 1308 7 1342 7 1282 7 1246 7 1158 7 1264 7 1264 7 1282 7 1246 7 1192 7 1130 7 1158 7 1158 7 1246 7 1192 7 1148 7 1074 7 1130 7 1130 7 1192 7 1148 7 1111 7 1030 7 1074 7 1074 7 1148 7 1111 7 1092 7 1018 7 1030 7 1030 7 1111 7 1092 7 1060 7 996 7 1018 7 1018 7 1092 7 1060 7 1051 7 986 7 996 7 996 7 1060 7 1051 7 1067 7 998 7 986 7 986 7 1051 7 1067 7 1100 1349 1020 1349 998 1349 998 1350 1067 1350 1100 1350 1119 7 1032 7 1020 7 1020 7 1100 7 1119 7 1156 7 1076 7 1032 7 1032 7 1119 7 1156 7 1200 7 1132 7 1076 7 1076 7 1156 7 1200 7 1253 7 1160 7 1132 7 1132 7 1200 7 1253 7 1289 7 1266 7 1160 7 1160 7 1253 7 1289 7 1349 7 1310 7 1266 7 1266 7 1289 7 1349 7 1399 7 1364 7 1310 7 1310 7 1349 7 1399 7 1451 7 1420 7 1364 7 1364 7 1399 7 1451 7 1502 7 1484 7 1420 7 1420 7 1451 7 1502 7 1546 7 1548 7 1484 7 1484 7 1502 7 1546 7 848 1351 806 1352 802 1353 802 1353 847 1354 848 1351 892 1355 848 1351 847 1354 847 1354 891 1356 892 1355 929 1357 892 1355 891 1356 891 1356 927 1358 929 1357 944 1359 929 1357 927 1358 927 1358 943 1360 944 1359 956 1361 944 1359 943 1360 943 1360 955 1362 956 1361 969 1363 956 1361 955 1362 955 1362 967 1364 969 1363 960 1365 969 1363 967 1364 967 1364 959 1366 960 1365 948 1367 960 1365 959 1366 959 1366 947 1368 948 1367 935 1369 948 1367 947 1368 947 1368 933 1370 935 1369 896 1371 935 1369 933 1370 933 1370 895 1372 896 1371 852 1373 896 1371 895 1372 895 1372 851 1374 852 1373 818 1375 852 1373 851 1374 851 1374 814 1376 818 1375 1163 1377 1164 1378 1134 1379 1134 1379 1133 1380 1163 1377 1133 1380 1134 1379 1078 1381 1078 1381 1077 1382 1133 1380 1077 1382 1078 1381 1035 1383 1035 1383 1033 1384 1077 1382 1033 1384 1035 1383 1022 1385 1022 1385 1021 1386 1033 1384 1021 1386 1022 1385 1004 1387 1004 1387 1003 1388 1021 1386 1003 1388 1004 1387 990 1389 990 1389 989 1390 1003 1388 989 1390 990 1389 1008 1391 1008 1391 1007 1392 989 1390 1007 1392 1008 1391 1026 1393 1026 1393 1025 1394 1007 1392 1025 1394 1026 1393 1040 1395 1040 1395 1039 1396 1025 1394 1039 1396 1040 1395 1082 1397 1082 1397 1081 1398 1039 1396 1081 1398 1082 1397 1138 1399 1138 1399 1137 1400 1081 1398 1137 1400 1138 1399 1176 1401 1176 1401 1175 1402 1137 1400 928 0 1034 0 1165 0 1165 0 805 0 928 0 968 0 991 0 1034 0 1034 0 928 0 968 0 934 0 1041 0 991 0 991 0 968 0 934 0 817 0 1177 0 1041 0 1041 0 934 0 817 0 803 20 804 20 1166 20 1166 20 1162 20 803 20 1178 22 816 22 813 22 813 22 1174 22 1178 22 973 0 801 0 1161 0 1161 0 983 0 973 0 973 0 527 0 583 0 973 0 583 0 621 0 973 0 621 0 653 0 973 0 653 0 689 0 973 1403 689 1403 733 1403 973 1404 733 1404 825 1404 1481 0 1521 0 983 0 1417 0 1481 0 983 0 1361 0 1417 0 983 0 1307 0 1361 0 983 0 1263 1405 1307 1405 983 1405 1157 1406 1263 1406 983 1406 987 0 1173 0 815 0 815 0 977 0 987 0 987 0 1547 0 1483 0 987 0 1483 0 1419 0 987 0 1419 0 1363 0 987 0 1363 0 1309 0 987 1407 1309 1407 1265 1407 987 1406 1265 1406 1159 1406 585 0 553 0 977 0 623 0 585 0 977 0 655 0 623 0 977 0 691 0 655 0 977 0 735 1408 691 1408 977 1408 827 1409 735 1409 977 1409 853 1374 819 1376 824 1375 824 1375 854 1373 853 1374 897 1372 853 1374 854 1373 854 1373 898 1410 897 1372 936 1370 897 1372 898 1410 898 1410 938 1369 936 1370 949 1368 936 1370 938 1369 938 1369 950 1367 949 1368 961 1411 949 1368 950 1367 950 1367 962 1412 961 1411 970 1364 961 1411 962 1412 962 1412 972 1363 970 1364 957 1413 970 1364 972 1363 972 1363 958 1414 957 1413 945 1360 957 1413 958 1414 958 1414 946 1359 945 1360 930 1358 945 1360 946 1359 946 1359 932 1357 930 1358 893 1415 930 1358 932 1357 932 1357 894 1355 893 1415 849 1354 893 1415 894 1355 894 1355 850 1351 849 1354 809 1353 849 1354 850 1351 850 1351 812 1352 809 1353 1184 1401 1181 1402 1139 1400 1139 1400 1140 1399 1184 1401 1140 1399 1139 1400 1083 1398 1083 1398 1084 1397 1140 1399 1084 1397 1083 1398 1043 1416 1043 1416 1044 1395 1084 1397 1044 1395 1043 1416 1027 1417 1027 1417 1028 1393 1044 1395 1028 1393 1027 1417 1009 1392 1009 1392 1010 1391 1028 1393 1010 1391 1009 1392 993 1390 993 1390 994 1389 1010 1391 994 1389 993 1390 1005 1388 1005 1388 1006 1387 994 1389 1006 1387 1005 1388 1023 1386 1023 1386 1024 1418 1006 1387 1024 1418 1023 1386 1037 1384 1037 1384 1038 1419 1024 1418 1038 1419 1037 1384 1079 1382 1079 1382 1080 1381 1038 1419 1080 1381 1079 1382 1135 1380 1135 1380 1136 1379 1080 1381 1136 1379 1135 1380 1168 1377 1168 1377 1172 1378 1136 1379 937 7 1042 7 1180 7 1180 7 820 7 937 7 971 7 992 7 1042 7 1042 7 937 7 971 7 931 7 1036 7 992 7 992 7 971 7 931 7 807 7 1167 7 1036 7 1036 7 931 7 807 7 822 22 821 22 1179 22 1179 22 1183 22 822 22 1169 20 808 20 810 20 810 20 1170 20 1169 20 978 7 823 7 1182 7 1182 7 988 7 978 7 978 7 554 7 586 7 978 7 586 7 624 7 978 7 624 7 656 7 978 7 656 7 692 7 978 1420 692 1420 736 1420 978 1421 736 1421 828 1421 1484 7 1548 7 988 7 1420 7 1484 7 988 7 1364 7 1420 7 988 7 1310 7 1364 7 988 7 1266 1422 1310 1422 988 1422 1160 1423 1266 1423 988 1423 984 7 1171 7 811 7 811 7 974 7 984 7 984 7 1522 7 1482 7 984 7 1482 7 1418 7 984 7 1418 7 1362 7 984 7 1362 7 1308 7 984 1424 1308 1424 1264 1424 984 1423 1264 1423 1158 1423 584 7 528 7 974 7 622 7 584 7 974 7 654 7 622 7 974 7 690 7 654 7 974 7 734 1425 690 1425 974 1425 826 1426 734 1426 974 1426 537 1427 539 1428 562 1429 562 1429 559 1430 537 1427 559 1430 562 1429 592 1431 592 1431 590 1432 559 1430 590 1432 592 1431 615 1433 615 1433 613 1434 590 1432 613 1434 615 1433 627 1435 627 1435 626 1436 613 1434 626 1436 627 1435 660 1437 660 1437 658 1438 626 1436 658 1438 660 1437 684 1439 684 1439 681 787 658 1438 681 787 684 1439 696 1440 696 1440 693 1441 681 787 693 1441 696 1440 727 1442 727 1442 725 1443 693 1441 725 1443 727 1442 740 1444 740 1444 738 1445 725 1443 738 1445 740 1444 763 1446 763 1446 762 1447 738 1445 762 1447 763 1446 771 1448 771 1448 769 1449 762 1447 769 1449 771 1448 779 1450 779 1450 777 1451 769 1449 777 1451 779 1450 775 1452 775 1452 774 1453 777 1451 774 1453 775 1452 767 1454 767 1454 766 1455 774 1453 766 1455 767 1454 744 1456 744 1456 742 1457 766 1455 742 1457 744 1456 731 1458 731 1458 730 1459 742 1457 730 1459 731 1458 700 1460 700 1460 697 1461 730 1459 697 1461 700 1460 687 1462 687 1462 686 1463 697 1461 686 1463 687 1462 664 1464 664 1464 661 1465 686 1463 661 1465 664 1464 631 1466 631 1466 629 1467 661 1465 629 1467 631 1466 619 1468 619 1468 618 1469 629 1467 618 1469 619 1468 596 1470 596 1470 594 1471 618 1469 594 1471 596 1470 566 1472 566 1472 564 1473 594 1471 564 1473 566 1472 543 1474 543 1474 542 1475 564 1473 542 1475 543 1474 525 1476 525 1476 523 1477 542 1475 523 1477 525 1476 490 1253 490 1253 488 1254 523 1477 488 1254 490 1253 465 1478 465 1478 464 1479 488 1254 464 1479 465 1478 450 1480 450 1480 448 1481 464 1479 448 1481 450 1480 420 1482 420 1482 417 1483 448 1481 417 1483 420 1482 395 1484 395 1484 394 1485 417 1483 394 1485 395 1484 379 1486 379 1486 377 1487 394 1485 377 1487 379 1486 356 1488 356 1488 353 1489 377 1487 353 1489 356 1488 344 1490 344 1490 341 1491 353 1489 341 1491 344 1490 319 1269 319 1269 318 1492 341 1491 318 1492 319 1269 304 1493 304 1493 301 1494 318 1492 301 1494 304 1493 296 1495 296 1495 293 1496 301 1494 293 1496 296 1495 300 1497 300 1497 298 1498 293 1496 298 1498 300 1497 316 1499 316 1499 313 1278 298 1498 313 1278 316 1499 340 1500 340 1500 337 1501 313 1278 337 1501 340 1500 352 1502 352 1502 350 1503 337 1501 350 1503 352 1502 375 1504 375 1504 374 1505 350 1503 374 1505 375 1504 391 1506 391 1506 389 1507 374 1505 389 1507 391 1506 416 1508 416 1508 414 1509 389 1507 414 1509 416 1508 446 1510 446 1510 443 1511 414 1509 443 1511 446 1510 462 1512 462 1512 459 1513 443 1511 459 1513 462 1512 485 1293 485 1293 483 1294 459 1513 483 1294 485 1293 522 1514 522 1514 520 1515 483 1294 520 1515 522 1514 539 1428 539 1428 537 1427 520 1515 538 0 560 0 570 0 570 0 531 0 538 0 560 0 589 0 600 0 600 0 570 0 560 0 589 0 614 0 639 0 639 0 600 0 589 0 614 0 625 0 668 0 668 0 639 0 614 0 625 0 657 0 711 0 711 0 668 0 625 0 657 0 682 0 747 0 747 0 711 0 657 0 682 0 694 0 788 0 788 0 747 0 682 0 694 0 726 0 833 0 833 0 788 0 694 0 726 0 737 0 861 0 861 0 833 0 726 0 737 0 761 0 877 0 877 0 861 0 737 0 761 0 770 0 906 0 906 0 877 0 761 0 770 0 778 0 922 0 922 0 906 0 770 0 778 0 773 0 913 0 913 0 922 0 778 0 773 1516 765 1516 885 1516 885 1517 913 1517 773 1517 765 0 741 0 870 0 870 0 885 0 765 0 741 0 729 0 841 0 841 0 870 0 741 0 729 0 698 0 795 0 795 0 841 0 729 0 698 0 685 0 755 0 755 0 795 0 698 0 685 0 662 0 719 0 719 0 755 0 685 0 662 0 630 0 676 0 676 0 719 0 662 0 630 0 617 0 648 0 648 0 676 0 630 0 617 0 593 0 607 0 607 0 648 0 617 0 593 0 563 0 577 0 577 0 607 0 593 0 563 0 541 0 547 0 547 0 577 0 563 0 541 0 524 0 506 0 506 0 547 0 541 0 524 0 487 0 478 0 478 0 506 0 524 0 487 0 463 0 437 0 437 0 478 0 487 0 463 0 447 0 407 0 407 0 437 0 463 0 447 0 418 0 368 0 368 0 407 0 447 0 418 0 393 0 332 0 332 0 368 0 418 0 393 0 378 0 288 0 288 0 332 0 393 0 378 0 354 0 247 0 247 0 288 0 378 0 354 0 342 0 219 0 219 0 247 0 354 0 342 0 317 0 202 0 202 0 219 0 342 0 317 0 302 0 174 0 174 0 202 0 317 0 302 0 294 0 158 0 158 0 174 0 302 0 294 0 297 0 165 0 165 0 158 0 294 0 297 1050 314 1050 193 1050 193 1518 165 1518 297 1518 314 0 338 0 212 0 212 0 193 0 314 0 338 0 349 0 240 0 240 0 212 0 338 0 349 0 373 0 279 0 279 0 240 0 349 0 373 0 390 0 324 0 324 0 279 0 373 0 390 0 413 0 360 0 360 0 324 0 390 0 413 0 444 0 399 0 399 0 360 0 413 0 444 0 460 0 430 0 430 0 399 0 444 0 460 0 484 0 470 0 470 0 430 0 460 0 484 0 519 0 497 0 497 0 470 0 484 0 519 0 538 0 531 0 531 0 497 0 519 0 529 1519 532 1520 569 1521 569 1521 568 483 529 1519 568 483 569 1521 599 1522 599 1522 598 485 568 483 598 485 599 1522 640 1523 640 1523 638 1524 598 485 638 1524 640 1523 667 1109 667 1109 665 1525 638 1524 665 1525 667 1109 712 1526 712 1526 709 1527 665 1525 709 1527 712 1526 748 1528 748 1528 746 1529 709 1527 746 1529 748 1528 787 1530 787 1530 786 1531 746 1529 786 1531 787 1530 834 1532 834 1532 831 1533 786 1531 831 1533 834 1532 862 1534 862 1534 860 1535 831 1533 860 1535 862 1534 878 1121 878 1121 875 1536 860 1535 875 1536 878 1121 905 1537 905 1537 904 1538 875 1536 904 1538 905 1537 921 1539 921 1539 920 1540 904 1538 920 1540 921 1539 914 1541 914 1541 911 1542 920 1540 911 1542 914 1541 886 1543 886 1543 883 1544 911 1542 883 1544 886 1543 869 1545 869 1545 868 1546 883 1544 868 1546 869 1545 842 1547 842 1547 840 1548 868 1546 840 1548 842 1547 796 1549 796 1549 793 1550 840 1548 793 1550 796 1549 756 1551 756 1551 754 1552 793 1550 754 1552 756 1551 720 1553 720 1553 718 1554 754 1552 718 1554 720 1553 675 1555 675 1555 673 1142 718 1554 673 1142 675 1555 647 1556 647 1556 646 1557 673 1142 646 1557 647 1556 608 1558 608 1558 606 1559 646 1557 606 1559 608 1558 578 1560 578 1560 576 1561 606 1559 576 1561 578 1560 548 1562 548 1562 545 1563 576 1561 545 1563 548 1562 505 1564 505 1564 503 879 545 1563 503 879 505 1564 477 1565 477 1565 476 1566 503 879 476 1566 477 1565 438 1567 438 1567 435 1568 476 1566 435 1568 438 1567 408 1062 408 1062 405 1063 435 1568 405 1063 408 1062 367 1064 367 1064 365 1065 405 1063 365 1065 367 1064 331 1066 331 1066 330 1067 365 1065 330 1067 331 1066 287 1068 287 1068 286 1069 330 1067 286 1069 287 1068 248 1070 248 1070 246 1569 286 1069 246 1569 248 1070 220 1570 220 1570 218 1571 246 1569 218 1571 220 1570 201 1572 201 1572 200 1573 218 1571 200 1573 201 1572 173 1574 173 1574 172 1575 200 1573 172 1575 173 1574 157 1576 157 1576 155 1577 172 1575 155 1577 157 1576 166 1578 166 1578 163 1579 155 1577 163 1579 166 1578 194 1580 194 1580 191 1581 163 1579 191 1581 194 1580 211 1582 211 1582 209 1583 191 1581 209 1583 211 1582 239 1584 239 1584 237 1086 209 1583 237 1086 239 1584 280 1087 280 1087 278 1088 237 1086 278 1088 280 1087 323 1089 323 1089 321 1090 278 1088 321 1090 323 1089 359 1091 359 1091 358 1092 321 1090 358 1092 359 1091 400 1093 400 1093 398 1094 358 1092 398 1094 400 1093 429 1585 429 1585 428 1586 398 1094 428 1586 429 1585 469 1587 469 1587 468 1588 428 1586 468 1588 469 1587 498 1589 498 1589 495 1590 468 1588 495 1590 498 1589 532 1520 532 1520 529 1519 495 1590 544 7 565 7 579 7 579 7 549 7 544 7 565 7 595 7 609 7 609 7 579 7 565 7 595 7 620 7 650 7 650 7 609 7 595 7 620 7 632 7 677 7 677 7 650 7 620 7 632 7 663 7 721 7 721 7 677 7 632 7 663 7 688 7 757 7 757 7 721 7 663 7 688 7 699 7 797 7 797 7 757 7 688 7 699 7 732 7 843 7 843 7 797 7 699 7 732 7 743 7 871 7 871 7 843 7 732 7 743 7 768 7 888 7 888 7 871 7 743 7 768 7 776 7 915 7 915 7 888 7 768 7 776 7 780 7 924 7 924 7 915 7 776 7 780 7 772 7 907 7 907 7 924 7 780 7 772 1591 764 1591 879 1591 879 1592 907 1592 772 1592 764 7 739 7 863 7 863 7 879 7 764 7 739 7 728 7 835 7 835 7 863 7 739 7 728 7 695 7 790 7 790 7 835 7 728 7 695 7 683 7 749 7 749 7 790 7 695 7 683 7 659 7 713 7 713 7 749 7 683 7 659 7 628 7 670 7 670 7 713 7 659 7 628 7 616 7 642 7 642 7 670 7 628 7 616 7 591 7 601 7 601 7 642 7 616 7 591 7 561 7 572 7 572 7 601 7 591 7 561 7 540 7 533 7 533 7 572 7 561 7 540 7 521 7 500 7 500 7 533 7 540 7 521 7 486 7 472 7 472 7 500 7 521 7 486 7 461 7 432 7 432 7 472 7 486 7 461 7 445 7 401 7 401 7 432 7 461 7 445 7 415 7 362 7 362 7 401 7 445 7 415 7 392 7 325 7 325 7 362 7 415 7 392 7 376 7 281 7 281 7 325 7 392 7 376 7 351 7 242 7 242 7 281 7 376 7 351 7 339 7 213 7 213 7 242 7 351 7 339 7 315 7 195 7 195 7 213 7 339 7 315 7 299 7 167 7 167 7 195 7 315 7 299 7 295 7 159 7 159 7 167 7 299 7 295 7 303 7 175 7 175 7 159 7 295 7 303 1149 320 1149 203 1149 203 1593 175 1593 303 1593 320 7 343 7 221 7 221 7 203 7 320 7 343 7 355 7 250 7 250 7 221 7 343 7 355 7 380 7 290 7 290 7 250 7 355 7 380 7 396 7 334 7 334 7 290 7 380 7 396 7 419 7 369 7 369 7 334 7 396 7 419 7 449 7 409 7 409 7 369 7 419 7 449 7 466 7 440 7 440 7 409 7 449 7 466 7 489 7 480 7 480 7 440 7 466 7 489 7 526 7 507 7 507 7 480 7 489 7 526 7 544 7 549 7 549 7 507 7 526 7 551 1562 550 1563 580 1561 580 1561 581 1560 551 1562 581 1560 580 1561 610 1559 610 1559 611 1558 581 1560 611 1558 610 1559 649 1557 649 1557 652 1556 611 1558 652 1556 649 1557 678 1142 678 1142 679 1555 652 1556 679 1555 678 1142 722 1554 722 1554 724 1553 679 1555 724 1553 722 1554 758 1552 758 1552 760 1551 724 1553 760 1551 758 1552 798 1550 798 1550 800 1549 760 1551 800 1549 798 1550 844 1548 844 1548 845 1547 800 1549 845 1547 844 1548 872 1594 872 1594 874 1595 845 1547 874 1595 872 1594 887 1596 887 1596 889 1597 874 1595 889 1597 887 1596 916 1598 916 1598 918 1599 889 1597 918 1599 916 1598 923 1600 923 1600 925 1601 918 1599 925 1601 923 1600 908 1602 908 1602 910 1603 925 1601 910 1603 908 1602 880 1604 880 1604 882 1605 910 1603 882 1605 880 1604 864 1606 864 1606 866 1607 882 1605 866 1607 864 1606 836 1533 836 1533 837 1532 866 1607 837 1532 836 1533 789 1531 789 1531 791 1530 837 1532 791 1530 789 1531 750 1529 750 1529 751 1528 791 1530 751 1528 750 1529 714 1527 714 1527 715 1526 751 1528 715 1526 714 1527 669 1525 669 1525 672 1109 715 1526 672 1109 669 1525 641 1524 641 1524 644 1523 672 1109 644 1523 641 1524 602 485 602 485 604 1522 644 1523 604 1522 602 485 571 483 571 483 573 1521 604 1522 573 1521 571 483 534 1519 534 1519 535 1520 573 1521 535 1520 534 1519 499 1590 499 1590 502 1589 535 1520 502 1589 499 1590 471 1588 471 1588 473 1587 502 1589 473 1587 471 1588 431 1586 431 1586 433 1585 473 1587 433 1585 431 1586 402 1094 402 1094 403 1093 433 1585 403 1093 402 1094 361 1092 361 1092 363 1091 403 1093 363 1091 361 1092 326 1090 326 1090 327 1089 363 1091 327 1089 326 1090 282 1088 282 1088 284 1087 327 1089 284 1087 282 1088 241 1086 241 1086 243 1584 284 1087 243 1584 241 1086 214 1608 214 1608 216 1609 243 1584 216 1609 214 1608 196 1610 196 1610 198 1611 216 1609 198 1611 196 1610 168 1612 168 1612 169 1613 198 1611 169 1613 168 1612 160 1614 160 1614 161 1615 169 1613 161 1615 160 1614 176 1616 176 1616 178 1617 161 1615 178 1617 176 1616 204 1618 204 1618 206 1619 178 1617 206 1619 204 1618 222 1620 222 1620 223 1621 206 1619 223 1621 222 1620 249 1569 249 1569 252 1070 223 1621 252 1070 249 1569 289 1069 289 1069 291 1068 252 1070 291 1068 289 1069 333 1067 333 1067 335 1066 291 1068 335 1066 333 1067 370 1065 370 1065 372 1064 335 1066 372 1064 370 1065 410 1063 410 1063 411 1062 372 1064 411 1062 410 1063 439 1568 439 1568 442 1567 411 1062 442 1567 439 1568 479 1566 479 1566 481 1565 442 1567 481 1565 479 1566 508 879 508 879 510 1564 481 1565 510 1564 508 879 550 1563 550 1563 551 1562 510 1564 567 0 583 0 527 0 527 0 530 0 567 0 597 0 621 0 583 0 583 0 567 0 597 0 637 0 653 0 621 0 621 0 597 0 637 0 666 0 689 0 653 0 653 0 637 0 666 0 710 0 733 0 689 0 689 0 666 0 710 0 745 0 825 0 733 0 733 0 710 0 745 0 785 0 855 0 825 0 825 0 745 0 785 0 832 0 899 0 855 0 855 0 785 0 832 0 859 0 939 0 899 0 899 0 832 0 859 0 876 0 951 0 939 0 939 0 859 0 876 0 903 0 963 0 951 0 951 0 876 0 903 0 919 0 975 0 963 0 963 0 903 0 919 0 912 0 965 0 975 0 975 0 919 0 912 0 884 1622 953 1622 965 1622 965 1623 912 1623 884 1623 867 0 941 0 953 0 953 0 884 0 867 0 839 0 901 0 941 0 941 0 867 0 839 0 794 0 857 0 901 0 901 0 839 0 794 0 753 0 827 0 857 0 857 0 794 0 753 0 717 0 735 0 827 0 827 0 753 0 717 0 674 0 691 0 735 0 735 0 717 0 674 0 645 0 655 0 691 0 691 0 674 0 645 0 605 0 623 0 655 0 655 0 645 0 605 0 575 0 585 0 623 0 623 0 605 0 575 0 546 0 553 0 585 0 585 0 575 0 546 0 504 0 493 0 553 0 553 0 546 0 504 0 475 0 457 0 493 0 493 0 504 0 475 0 436 0 425 0 457 0 457 0 475 0 436 0 406 0 383 0 425 0 425 0 436 0 406 0 366 0 347 0 383 0 383 0 406 0 366 0 329 0 266 0 347 0 347 0 366 0 329 0 285 0 232 0 266 0 266 0 329 0 285 0 245 0 186 0 232 0 232 0 285 0 245 0 217 0 146 0 186 0 186 0 245 0 217 0 199 0 130 0 146 0 146 0 217 0 199 0 171 0 118 0 130 0 130 0 199 0 171 0 156 0 103 0 118 0 118 0 171 0 156 0 164 0 111 0 103 0 103 0 156 0 164 0 192 1343 124 1343 111 1343 111 1624 164 1624 192 1624 210 0 140 0 124 0 124 0 192 0 210 0 238 0 179 0 140 0 140 0 210 0 238 0 277 0 225 0 179 0 179 0 238 0 277 0 322 0 253 0 225 0 225 0 277 0 322 0 357 0 345 0 253 0 253 0 322 0 357 0 397 0 381 0 345 0 345 0 357 0 397 0 427 0 423 0 381 0 381 0 397 0 427 0 467 0 455 0 423 0 423 0 427 0 467 0 496 0 491 0 455 0 455 0 467 0 496 0 530 0 527 0 491 0 491 0 496 0 530 0 582 7 586 7 554 7 554 7 552 7 582 7 612 7 624 7 586 7 586 7 582 7 612 7 651 7 656 7 624 7 624 7 612 7 651 7 680 7 692 7 656 7 656 7 651 7 680 7 723 7 736 7 692 7 692 7 680 7 723 7 759 7 828 7 736 7 736 7 723 7 759 7 799 7 858 7 828 7 828 7 759 7 799 7 846 7 902 7 858 7 858 7 799 7 846 7 873 7 942 7 902 7 902 7 846 7 873 7 890 7 954 7 942 7 942 7 873 7 890 7 917 7 966 7 954 7 954 7 890 7 917 7 926 7 976 7 966 7 966 7 917 7 926 7 909 7 964 7 976 7 976 7 926 7 909 7 881 1625 952 1625 964 1625 964 1626 909 1626 881 1626 865 7 940 7 952 7 952 7 881 7 865 7 838 7 900 7 940 7 940 7 865 7 838 7 792 7 856 7 900 7 900 7 838 7 792 7 752 7 826 7 856 7 856 7 792 7 752 7 716 7 734 7 826 7 826 7 752 7 716 7 671 7 690 7 734 7 734 7 716 7 671 7 643 7 654 7 690 7 690 7 671 7 643 7 603 7 622 7 654 7 654 7 643 7 603 7 574 7 584 7 622 7 622 7 603 7 574 7 536 7 528 7 584 7 584 7 574 7 536 7 501 7 492 7 528 7 528 7 536 7 501 7 474 7 456 7 492 7 492 7 501 7 474 7 434 7 424 7 456 7 456 7 474 7 434 7 404 7 382 7 424 7 424 7 434 7 404 7 364 7 346 7 382 7 382 7 404 7 364 7 328 7 262 7 346 7 346 7 364 7 328 7 283 7 230 7 262 7 262 7 328 7 283 7 244 7 184 7 230 7 230 7 283 7 244 7 215 7 143 7 184 7 184 7 244 7 215 7 197 7 127 7 143 7 143 7 215 7 197 7 170 7 115 7 127 7 127 7 197 7 170 7 162 7 107 7 115 7 115 7 170 7 162 7 177 7 122 7 107 7 107 7 162 7 177 7 205 1349 133 1349 122 1349 122 1627 177 1627 205 1627 224 7 149 7 133 7 133 7 205 7 224 7 251 7 190 7 149 7 149 7 224 7 251 7 292 7 236 7 190 7 190 7 251 7 292 7 336 7 276 7 236 7 236 7 292 7 336 7 371 7 348 7 276 7 276 7 336 7 371 7 412 7 384 7 348 7 348 7 371 7 412 7 441 7 426 7 384 7 384 7 412 7 441 7 482 7 458 7 426 7 426 7 441 7 482 7 509 7 494 7 458 7 458 7 482 7 509 7 552 7 554 7 494 7 494 7 509 7 552 7 255 1628 257 1629 227 1630 227 1630 226 1631 255 1628 226 1631 227 1630 181 1632 181 1632 180 1633 226 1631 180 1633 181 1632 141 1634 141 1634 139 1635 180 1633 139 1635 141 1634 125 1636 125 1636 123 1637 139 1635 123 1637 125 1636 113 1638 113 1638 112 1639 123 1637 112 1639 113 1638 105 1640 105 1640 104 1641 112 1639 104 1641 105 1640 119 1642 119 1642 117 1643 104 1641 117 1643 119 1642 131 1644 131 1644 129 1645 117 1643 129 1645 131 1644 147 1646 147 1646 145 1647 129 1645 145 1647 147 1646 187 1648 187 1648 185 1649 145 1647 185 1649 187 1648 233 1650 233 1650 231 1651 185 1649 231 1651 233 1650 270 1652 270 1652 267 1653 231 1651 491 0 527 0 101 0 455 0 491 0 101 0 423 0 455 0 101 0 381 0 423 0 101 0 345 1405 381 1405 101 1405 253 1406 345 1406 101 1406 109 0 553 0 493 0 109 0 493 0 457 0 109 0 457 0 425 0 109 0 425 0 383 0 109 1407 383 1407 347 1407 109 1406 347 1406 266 1406 50 0 55 0 268 0 268 0 256 0 50 0 228 1654 261 1629 263 1628 263 1628 229 1655 228 1654 182 1656 228 1654 229 1655 229 1655 183 1657 182 1656 142 1658 182 1656 183 1657 183 1657 144 1659 142 1658 126 1660 142 1658 144 1659 144 1659 128 1661 126 1660 114 1662 126 1660 128 1661 128 1661 116 1663 114 1662 106 1664 114 1662 116 1663 116 1663 108 1665 106 1664 120 1666 106 1664 108 1665 108 1665 121 1667 120 1666 132 1668 120 1666 121 1667 121 1667 134 1669 132 1668 148 1670 132 1668 134 1669 134 1669 150 1671 148 1670 188 1672 148 1670 150 1671 150 1671 189 1673 188 1672 234 1674 188 1672 189 1673 189 1673 235 1675 234 1674 271 1652 234 1674 235 1675 235 1675 275 1653 271 1652 102 7 528 7 492 7 102 7 492 7 456 7 102 7 456 7 424 7 102 7 424 7 382 7 102 1424 382 1424 346 1424 102 1423 346 1423 262 1423 494 7 554 7 110 7 458 7 494 7 110 7 426 7 458 7 110 7 384 7 426 7 110 7 348 1422 384 1422 110 1422 276 7 348 7 110 7 259 7 273 7 56 7 56 7 53 7 259 7 1902 1676 1854 1677 1851 1678 1851 1678 1901 1679 1902 1676 1954 1680 1902 1676 1901 1679 1901 1679 1953 1681 1954 1680 1990 1682 1954 1680 1953 1681 1953 1681 1989 1683 1990 1682 2006 1684 1990 1682 1989 1683 1989 1683 2005 1685 2006 1684 2018 1686 2006 1684 2005 1685 2005 1685 2017 1687 2018 1686 2031 1688 2018 1686 2017 1687 2017 1687 2029 1689 2031 1688 2022 1690 2031 1688 2029 1689 2029 1689 2021 1691 2022 1690 2010 1692 2022 1690 2021 1691 2021 1691 2009 1693 2010 1692 1995 1694 2010 1692 2009 1693 2009 1693 1994 1695 1995 1694 1958 1696 1995 1694 1994 1695 1994 1695 1957 1697 1958 1696 1906 1698 1958 1696 1957 1697 1957 1697 1905 1699 1906 1698 1866 1700 1906 1698 1905 1699 1905 1699 1863 1701 1866 1700 2810 1702 2813 1703 2586 1704 2586 1704 2585 1705 2810 1702 2585 1705 2586 1704 2371 1706 2371 1706 2370 1707 2585 1705 2370 1707 2371 1706 2222 1708 2222 1708 2220 1709 2370 1707 2220 1709 2222 1708 2181 1710 2181 1710 2180 1711 2220 1709 2180 1711 2181 1710 2153 1712 2153 1712 2152 1713 2180 1711 2152 1713 2153 1712 2126 1714 2126 1714 2125 1715 2152 1713 2125 1715 2126 1714 2155 1716 2155 1716 2154 1717 2125 1715 2154 1717 2155 1716 2183 1718 2183 1718 2182 1719 2154 1717 2182 1719 2183 1718 2224 1720 2224 1720 2223 1721 2182 1719 2223 1721 2224 1720 2373 1722 2373 1722 2372 1723 2223 1721 2372 1723 2373 1722 2588 1724 2588 1724 2587 1725 2372 1723 2587 1725 2588 1724 2822 963 2822 963 2816 962 2587 1725 1991 0 2221 0 2814 0 2814 0 1853 0 1991 0 2030 0 2127 0 2221 0 2221 0 1991 0 2030 0 1996 0 2225 0 2127 0 2127 0 2030 0 1996 0 1864 0 2819 0 2225 0 2225 0 1996 0 1864 0 1852 20 1855 20 2812 20 2812 20 2811 20 1852 20 2820 22 1865 22 1861 22 1861 22 2818 22 2820 22 2034 0 1521 0 1589 0 2034 0 1589 0 1635 0 2034 0 1635 0 1671 0 2034 0 1671 0 1719 0 2034 1726 1719 1726 1773 1726 2034 1727 1773 1727 1873 1727 1591 0 1547 0 2038 0 1637 0 1591 0 2038 0 1673 0 1637 0 2038 0 1721 0 1673 0 2038 0 1775 1408 1721 1408 2038 1408 1875 1728 1775 1728 2038 1728 1860 1729 1858 1730 1903 1731 1903 1731 1904 1732 1860 1729 1904 1732 1903 1731 1955 1733 1955 1733 1956 1734 1904 1732 1956 1734 1955 1733 1992 1735 1992 1735 1993 1736 1956 1734 1993 1736 1992 1735 2007 1737 2007 1737 2008 1738 1993 1736 2008 1738 2007 1737 2019 1739 2019 1739 2020 1740 2008 1738 2020 1740 2019 1739 2032 1741 2032 1741 2033 1742 2020 1740 2033 1742 2032 1741 2023 1743 2023 1743 2024 1744 2033 1742 2024 1744 2023 1743 2011 1745 2011 1745 2012 1746 2024 1744 2012 1746 2011 1745 1997 1747 1997 1747 1998 1748 2012 1746 1998 1748 1997 1747 1959 1749 1959 1749 1960 1750 1998 1748 1960 1750 1959 1749 1907 1751 1907 1751 1908 1752 1960 1750 1908 1752 1907 1751 1869 1753 1869 1753 1872 1754 1908 1752 1859 1755 2090 1756 2089 1757 2089 1758 1856 1755 1859 1755 1867 1759 2098 1048 2100 1049 2100 1760 1871 1759 1867 1759 1590 7 1522 7 2035 7 1636 7 1590 7 2035 7 1672 7 1636 7 2035 7 1720 7 1672 7 2035 7 1774 1425 1720 1425 2035 1425 1874 7 1774 7 2035 7 2039 7 1548 7 1592 7 2039 7 1592 7 1638 7 2039 7 1638 7 1674 7 2039 7 1674 7 1722 7 2039 1761 1722 1761 1776 1761 2039 1762 1776 1762 1876 1762 2192 7 2186 7 2091 7 2091 7 2086 7 2192 7 2450 7 2264 7 2192 7 2192 7 2086 7 2450 7 2583 7 2468 7 2450 7 2450 1763 2086 1763 2583 1763 2680 7 2674 7 2583 7 2583 7 2086 7 2680 7 2699 7 2685 7 2680 7 2680 7 2086 7 2699 7 2739 7 2705 7 2699 7 2699 7 2086 7 2739 7 2184 1764 2089 1757 2090 1756 2090 1756 2185 1765 2184 1764 2190 1766 2184 1764 2185 1765 2185 1765 2191 1767 2190 1766 2262 1768 2190 1766 2191 1767 2191 1767 2263 1769 2262 1768 2448 1770 2262 1768 2263 1769 2263 1769 2449 1771 2448 1770 2466 1772 2448 1770 2449 1771 2449 1771 2467 1773 2466 1772 2582 1774 2466 1772 2467 1773 2467 1773 2584 1775 2582 1774 2672 1776 2582 1774 2584 1775 2584 1775 2673 1777 2672 1776 2678 1778 2672 1776 2673 1777 2673 1777 2679 1779 2678 1778 2684 1780 2678 1778 2679 1779 2679 1779 2686 1781 2684 1780 2698 1782 2684 1780 2686 1781 2686 1781 2700 1783 2698 1782 2704 1784 2698 1782 2700 1783 2700 1783 2706 1785 2704 1784 2737 1786 2704 1784 2706 1785 2706 1785 2738 1787 2737 1786 5529 7 5492 7 6155 7 6155 7 6226 7 5529 7 5492 7 5452 7 6045 7 6045 7 6155 7 5492 7 5452 7 5333 7 5950 7 5950 7 6045 7 5452 7 5333 7 5229 7 5822 7 5822 7 5950 7 5333 7 5229 7 5127 7 5564 7 5564 7 5822 7 5229 7 5127 7 5029 7 5386 7 5386 7 5564 7 5127 7 5029 7 4921 7 5173 7 5173 7 5386 7 5029 7 4921 7 4751 7 4971 7 4971 7 5173 7 4921 7 4751 7 4633 7 4796 7 4796 7 4971 7 4751 7 4633 7 4510 7 4576 7 4576 7 4796 7 4633 7 4510 7 4345 7 4398 7 4398 7 4576 7 4510 7 4345 7 4209 7 4204 7 4204 7 4398 7 4345 7 4209 7 4111 7 4053 7 4053 7 4204 7 4209 7 4111 7 3946 7 3876 7 3876 7 4053 7 4111 7 3946 7 3826 7 3656 7 3656 7 3876 7 3946 7 3826 7 3709 7 3475 7 3475 7 3656 7 3826 7 3709 7 3538 7 3278 7 3278 7 3475 7 3709 7 3538 7 3430 7 3051 7 3051 7 3278 7 3538 7 3430 7 3331 7 2877 7 2877 7 3051 7 3430 7 3331 7 3230 7 2621 7 2621 7 2877 7 3331 7 3230 7 3124 7 2492 7 2492 7 2621 7 3230 7 3124 7 3001 7 2397 7 2397 7 2492 7 3124 7 3001 7 2961 7 2288 7 2288 7 2397 7 3001 7 2961 7 2938 7 2238 7 2238 7 2288 7 2961 7 2938 7 2965 7 2296 7 2296 7 2238 7 2938 7 2965 7 3006 7 2405 7 2405 7 2296 7 2965 7 3006 7 3127 7 2500 7 2500 7 2405 7 3006 7 3127 7 3234 7 2629 7 2629 7 2500 7 3127 7 3234 7 3335 7 2885 7 2885 7 2629 7 3234 7 3335 7 3433 7 3062 7 3062 7 2885 7 3335 7 3433 7 3542 7 3281 7 3281 7 3062 7 3433 7 3542 7 3714 7 3480 7 3480 7 3281 7 3542 7 3714 7 3829 7 3660 7 3660 7 3480 7 3714 7 3829 7 3950 7 3880 7 3880 7 3660 7 3829 7 3950 7 4116 7 4057 7 4057 7 3880 7 3950 7 4116 7 4213 7 4216 7 4216 7 4057 7 4116 7 4213 7 4350 7 4403 7 4403 7 4216 7 4213 7 4350 7 4515 7 4580 7 4580 7 4403 7 4350 7 4515 7 4637 7 4799 7 4799 7 4580 7 4515 7 4637 7 4755 7 4974 7 4974 7 4799 7 4637 7 4755 7 4926 7 5177 7 5177 7 4974 7 4755 7 4926 7 5033 7 5396 7 5396 7 5177 7 4926 7 5033 7 5130 7 5573 7 5573 7 5396 7 5033 7 5130 7 5233 7 5830 7 5830 7 5573 7 5130 7 5233 7 5337 7 5958 7 5958 7 5830 7 5233 7 5337 7 5456 7 6054 7 6054 7 5958 7 5337 7 5456 7 5497 7 6163 7 6163 7 6054 7 5456 7 5497 7 5529 7 6226 7 6226 7 6163 7 5497 7 6227 1788 6225 1789 6156 1790 6156 1790 6157 1791 6227 1788 6157 1791 6156 1790 6046 1792 6046 1792 6047 1793 6157 1791 6047 1793 6046 1792 5949 499 5949 499 5952 498 6047 1793 5952 498 5949 499 5821 863 5821 863 5824 862 5952 498 5824 862 5821 863 5565 861 5565 861 5567 860 5824 862 5567 860 5565 861 5387 1794 5387 1794 5388 1795 5567 860 5388 1795 5387 1794 5172 1796 5172 1796 5175 1797 5388 1795 5175 1797 5172 1796 4970 1798 4970 1798 4972 1799 5175 1797 4972 1799 4970 1798 4795 1800 4795 1800 4797 1801 4972 1799 4797 1801 4795 1800 4577 1802 4577 1802 4578 1803 4797 1801 4578 1803 4577 1802 4399 1804 4399 1804 4401 1805 4578 1803 4401 1805 4399 1804 4203 481 4203 481 4205 480 4401 1805 4205 480 4203 481 4054 1806 4054 1806 4056 1807 4205 480 4056 1807 4054 1806 3875 1808 3875 1808 3878 1809 4056 1807 3878 1809 3875 1808 3655 1810 3655 1810 3658 1811 3878 1809 3658 1811 3655 1810 3476 1812 3476 1812 3477 1813 3658 1811 3477 1813 3476 1812 3277 1814 3277 1814 3279 1815 3477 1813 3279 1815 3277 1814 3052 1816 3052 1816 3053 1817 3279 1815 3053 1817 3052 1816 2878 833 2878 833 2880 832 3053 1817 2880 832 2878 833 2620 831 2620 831 2623 830 2880 832 2623 830 2620 831 2493 463 2493 463 2494 462 2623 830 2494 462 2493 463 2396 1818 2396 1818 2398 1819 2494 462 2398 1819 2396 1818 2289 1820 2289 1820 2291 1821 2398 1819 2291 1821 2289 1820 2239 1822 2239 1822 2240 1823 2291 1821 2240 1823 2239 1822 2297 1824 2297 1824 2299 1825 2240 1823 2299 1825 2297 1824 2404 1826 2404 1826 2406 1827 2299 1825 2406 1827 2404 1826 2501 451 2501 451 2502 450 2406 1827 2502 450 2501 451 2628 1828 2628 1828 2630 1829 2502 450 2630 1829 2628 1828 2886 1830 2886 1830 2888 1831 2630 1829 2888 1831 2886 1830 3061 1832 3061 1832 3063 1833 2888 1831 3063 1833 3061 1832 3282 1834 3282 1834 3283 1835 3063 1833 3283 1835 3282 1834 3479 1836 3479 1836 3481 1837 3283 1835 3481 1837 3479 1836 3659 1838 3659 1838 3662 1839 3481 1837 3662 1839 3659 1838 3879 1840 3879 1840 3881 1841 3662 1839 3881 1841 3879 1840 4058 1842 4058 1842 4059 1843 3881 1841 4059 1843 4058 1842 4215 433 4215 433 4218 432 4059 1843 4218 432 4215 433 4402 1844 4402 1844 4404 1560 4218 432 4404 1560 4402 1844 4581 1845 4581 1845 4583 1558 4404 1560 4583 1558 4581 1845 4800 1846 4800 1846 4801 1847 4583 1558 4801 1847 4800 1846 4975 1848 4975 1848 4976 1849 4801 1847 4976 1849 4975 1848 5176 1850 5176 1850 5178 1851 4976 1849 5178 1851 5176 1850 5397 1852 5397 1852 5398 1853 5178 1851 5398 1853 5397 1852 5572 1854 5572 1854 5575 1855 5398 1853 5575 1855 5572 1854 5829 1856 5829 1856 5831 1857 5575 1855 5831 1857 5829 1856 5957 415 5957 415 5960 414 5831 1857 5960 414 5957 415 6053 1858 6053 1858 6056 1859 5960 414 6056 1859 6053 1858 6164 1860 6164 1860 6165 1861 6056 1859 6165 1861 6164 1860 6225 1789 6225 1789 6227 1788 6165 1861 5493 1862 5528 1863 5526 1864 5526 1864 5490 1865 5493 1862 5453 1866 5493 1862 5490 1865 5490 1865 5450 1867 5453 1866 5332 1868 5453 1866 5450 1867 5450 1867 5330 1869 5332 1868 5228 1870 5332 1868 5330 1869 5330 1869 5226 1871 5228 1870 5126 1872 5228 1870 5226 1871 5226 1871 5125 1873 5126 1872 5028 1874 5126 1872 5125 1873 5125 1873 5026 1875 5028 1874 4922 1876 5028 1874 5026 1875 5026 1875 4919 1877 4922 1876 4750 1878 4922 1876 4919 1877 4919 1877 4749 1879 4750 1878 4632 1880 4750 1878 4749 1879 4749 1879 4630 1881 4632 1880 4511 1882 4632 1880 4630 1881 4630 1881 4508 1883 4511 1882 4346 1884 4511 1882 4508 1883 4508 1883 4343 1885 4346 1884 4210 1886 4346 1884 4343 1885 4343 1885 4207 1887 4210 1886 4112 1888 4210 1886 4207 1887 4207 1887 4109 1889 4112 1888 3947 1890 4112 1888 4109 1889 4109 1889 3945 1891 3947 1890 3825 1892 3947 1890 3945 1891 3945 1891 3823 1893 3825 1892 3710 1894 3825 1892 3823 1893 3823 1893 3708 1895 3710 1894 3537 1896 3710 1894 3708 1895 3708 1895 3535 1897 3537 1896 3429 1898 3537 1896 3535 1897 3535 1897 3428 1899 3429 1898 3332 1900 3429 1898 3428 1899 3428 1899 3329 1901 3332 1900 3229 1902 3332 1900 3329 1901 3329 1901 3227 1903 3229 1902 3123 1904 3229 1902 3227 1903 3227 1903 3122 1905 3123 1904 3002 1906 3123 1904 3122 1905 3122 1905 2999 1907 3002 1906 2962 1908 3002 1906 2999 1907 2999 1907 2960 1909 2962 1908 2937 1910 2962 1908 2960 1909 2960 1909 2935 1911 2937 1910 2966 1912 2937 1910 2935 1911 2935 1911 2964 1913 2966 1912 3005 1914 2966 1912 2964 1913 2964 1913 3003 1915 3005 1914 3128 1916 3005 1914 3003 1915 3003 1915 3125 1917 3128 1916 3233 1918 3128 1916 3125 1917 3125 1917 3231 1919 3233 1918 3336 1920 3233 1918 3231 1919 3231 1919 3333 1921 3336 1920 3434 1922 3336 1920 3333 1921 3333 1921 3432 1923 3434 1922 3541 1924 3434 1922 3432 1923 3432 1923 3540 1925 3541 1924 3713 1926 3541 1924 3540 1925 3540 1925 3712 1927 3713 1926 3830 1928 3713 1926 3712 1927 3712 1927 3827 1929 3830 1928 3951 1930 3830 1928 3827 1929 3827 1929 3949 1931 3951 1930 4115 1932 3951 1930 3949 1931 3949 1931 4114 1933 4115 1932 4214 1934 4115 1932 4114 1933 4114 1933 4212 1935 4214 1934 4349 1936 4214 1934 4212 1935 4212 1935 4347 1937 4349 1936 4514 1938 4349 1936 4347 1937 4347 1937 4513 1939 4514 1938 4636 1940 4514 1938 4513 1939 4513 1939 4634 1941 4636 1940 4754 1942 4636 1940 4634 1941 4634 1941 4753 1943 4754 1942 4925 1944 4754 1942 4753 1943 4753 1943 4923 1945 4925 1944 5032 1946 4925 1944 4923 1945 4923 1945 5031 1947 5032 1946 5131 1948 5032 1946 5031 1947 5031 1947 5128 1949 5131 1948 5232 1950 5131 1948 5128 1949 5128 1949 5231 1951 5232 1950 5336 1952 5232 1950 5231 1951 5231 1951 5334 1953 5336 1952 5457 1954 5336 1952 5334 1953 5334 1953 5454 1955 5457 1954 5496 1956 5457 1954 5454 1955 5454 1955 5494 1957 5496 1956 5528 1863 5496 1956 5494 1957 5494 1957 5526 1864 5528 1863 6363 7 6330 7 6166 7 6166 7 6228 7 6363 7 6330 7 6302 7 6055 7 6055 7 6166 7 6330 7 6302 7 6262 7 5959 7 5959 7 6055 7 6302 7 6262 7 6110 7 5832 7 5832 7 5959 7 6262 7 6110 7 5898 7 5574 7 5574 7 5832 7 6110 7 5898 7 5720 7 5399 7 5399 7 5574 7 5898 7 5720 7 5300 7 5179 7 5179 7 5399 7 5720 7 5300 7 5092 7 4977 7 4977 7 5179 7 5300 7 5092 7 4891 7 4802 7 4802 7 4977 7 5092 7 4891 7 4694 7 4582 7 4582 7 4802 7 4891 7 4694 7 4464 7 4405 7 4405 7 4582 7 4694 7 4464 7 4222 7 4217 7 4217 7 4405 7 4464 7 4222 7 3997 7 4060 7 4060 7 4217 7 4222 7 3997 7 3771 7 3882 7 3882 7 4060 7 3997 7 3771 7 3573 7 3661 7 3661 7 3882 7 3771 7 3573 7 3371 7 3482 7 3482 7 3661 7 3573 7 3371 7 3163 7 3284 7 3284 7 3482 7 3371 7 3163 7 2735 7 3064 7 3064 7 3284 7 3163 7 2735 7 2565 7 2887 7 2887 7 3064 7 2735 7 2565 7 2353 7 2631 7 2631 7 2887 7 2565 7 2353 7 2203 7 2503 7 2503 7 2631 7 2353 7 2203 7 2163 7 2407 7 2407 7 2503 7 2203 7 2163 7 2135 7 2298 7 2298 7 2407 7 2163 7 2135 7 2077 7 2241 7 2241 7 2298 7 2135 7 2077 7 2133 7 2290 7 2290 7 2241 7 2077 7 2133 7 2161 7 2399 7 2399 7 2290 7 2133 7 2161 7 2201 7 2495 7 2495 7 2399 7 2161 7 2201 7 2351 7 2622 7 2622 7 2495 7 2201 7 2351 7 2563 7 2879 7 2879 7 2622 7 2351 7 2563 7 2733 7 3054 7 3054 7 2879 7 2563 7 2733 7 3162 7 3280 7 3280 7 3054 7 2733 7 3162 7 3370 7 3478 7 3478 7 3280 7 3162 7 3370 7 3572 7 3657 7 3657 7 3478 7 3370 7 3572 7 3770 7 3877 7 3877 7 3657 7 3572 7 3770 7 3990 7 4055 7 4055 7 3877 7 3770 7 3990 7 4192 7 4206 7 4206 7 4055 7 3990 7 4192 7 4457 7 4400 7 4400 7 4206 7 4192 7 4457 7 4693 7 4579 7 4579 7 4400 7 4457 7 4693 7 4890 7 4798 7 4798 7 4579 7 4693 7 4890 7 5091 7 4973 7 4973 7 4798 7 4890 7 5091 7 5299 7 5174 7 5174 7 4973 7 5091 7 5299 7 5718 7 5389 7 5389 7 5174 7 5299 7 5718 7 5896 7 5566 7 5566 7 5389 7 5718 7 5896 7 6108 7 5823 7 5823 7 5566 7 5896 7 6108 7 6260 7 5951 7 5951 7 5823 7 6108 7 6260 7 6300 7 6048 7 6048 7 5951 7 6260 7 6300 7 6328 7 6158 7 6158 7 6048 7 6300 7 6328 7 6363 7 6228 7 6228 7 6158 7 6328 7 5267 1958 5621 747 5616 746 5616 746 5266 1959 5267 1958 5059 1960 5267 1958 5266 1959 5266 1959 5058 1961 5059 1960 4849 1962 5059 1960 5058 1961 5058 1961 4847 1963 4849 1962 4661 1964 4849 1962 4847 1963 4847 1963 4660 1965 4661 1964 4451 1966 4661 1964 4660 1965 4660 1965 4450 1967 4451 1966 4185 1968 4451 1966 4450 1967 4450 1967 4183 1969 4185 1968 3984 1970 4185 1968 4183 1969 4183 1969 3983 1971 3984 1970 3792 1972 3984 1970 3983 1971 3983 1971 3791 1973 3792 1972 3595 1974 3792 1972 3791 1973 3791 1973 3593 1975 3595 1974 3392 1976 3595 1974 3593 1975 3593 1975 3391 1977 3392 1976 3184 1978 3392 1976 3391 1977 3391 1977 3183 1979 3184 1978 2782 722 3184 1978 3183 1979 3183 1979 2780 723 2782 722 5629 720 5633 721 5271 1980 5271 1980 5270 1981 5629 720 5270 1981 5271 1980 5063 1982 5063 1982 5062 1983 5270 1981 5062 1983 5063 1982 4854 1984 4854 1984 4853 1985 5062 1983 4853 1985 4854 1984 4665 1986 4665 1986 4664 1987 4853 1985 4664 1987 4665 1986 4459 1988 4459 1988 4458 1989 4664 1987 4458 1989 4459 1988 4194 1990 4194 1990 4193 1991 4458 1989 4193 1991 4194 1990 3992 1992 3992 1992 3991 1993 4193 1991 3991 1993 3992 1992 3796 1994 3796 1994 3795 1995 3991 1993 3795 1995 3796 1994 3600 1996 3600 1996 3599 1997 3795 1995 3599 1997 3600 1996 3396 1998 3396 1998 3395 1999 3599 1997 3395 1999 3396 1998 3188 2000 3188 2000 3187 2001 3395 1999 3187 2001 3188 2000 2793 698 2793 698 2790 697 3187 2001 4848 0 4855 0 5632 0 5632 0 5620 0 4848 0 4184 0 4195 0 4855 0 4855 0 4848 0 4184 0 3594 0 3601 0 4195 0 4195 0 4184 0 3594 0 2781 0 2794 0 3601 0 3601 0 3594 0 2781 0 5618 15 5619 15 5631 15 5631 15 5630 15 5618 15 2795 14 2783 14 2779 14 2779 14 2791 14 2795 14 6358 0 5617 0 5628 0 5628 0 6360 0 6358 0 6358 0 6356 0 6325 0 6358 0 6325 0 6297 0 6358 0 6297 0 6257 0 6358 0 6257 0 6105 0 6358 0 6105 0 5893 0 6358 0 5893 0 5715 0 6327 0 6362 0 6360 0 6299 0 6327 0 6360 0 6259 0 6299 0 6360 0 6107 0 6259 0 6360 0 5895 0 6107 0 6360 0 5717 0 5895 0 6360 0 2074 0 2792 0 2778 0 2778 0 2072 0 2074 0 2074 2002 2076 2002 2132 2002 2074 2003 2132 2003 2160 2003 2074 2004 2160 2004 2200 2004 2074 0 2200 0 2350 0 2074 0 2350 0 2562 0 2074 0 2562 0 2732 0 2130 0 2070 0 2072 0 2158 0 2130 0 2072 0 2198 0 2158 0 2072 0 2348 0 2198 0 2072 0 2560 0 2348 0 2072 0 2730 0 2560 0 2072 0 3185 1979 2786 723 2787 722 2787 722 3186 1978 3185 1979 3393 1977 3185 1979 3186 1978 3186 1978 3394 1976 3393 1977 3596 1975 3393 1977 3394 1976 3394 1976 3598 1974 3596 1975 3793 1973 3596 1975 3598 1974 3598 1974 3794 1972 3793 1973 3985 1971 3793 1973 3794 1972 3794 1972 3986 1970 3985 1971 4187 1969 3985 1971 3986 1970 3986 1970 4188 1968 4187 1969 4452 1967 4187 1969 4188 1968 4188 1968 4453 1966 4452 1967 4662 1965 4452 1967 4453 1966 4453 1966 4663 1964 4662 1965 4850 1963 4662 1965 4663 1964 4663 1964 4852 1962 4850 1963 5060 1961 4850 1963 4852 1962 4852 1962 5061 1960 5060 1961 5268 1959 5060 1961 5061 1960 5061 1960 5269 1958 5268 1959 5624 746 5268 1959 5269 1958 5269 1958 5627 747 5624 746 2800 698 2796 697 3189 2001 3189 2001 3190 2000 2800 698 3190 2000 3189 2001 3397 1999 3397 1999 3398 1998 3190 2000 3398 1998 3397 1999 3602 1997 3602 1997 3604 1996 3398 1998 3604 1996 3602 1997 3797 1995 3797 1995 3798 1994 3604 1996 3798 1994 3797 1995 3993 1993 3993 1993 3994 1992 3798 1994 3994 1992 3993 1993 4196 1991 4196 1991 4198 1990 3994 1992 4198 1990 4196 1991 4460 1989 4460 1989 4461 1988 4198 1990 4461 1988 4460 1989 4666 1987 4666 1987 4667 1986 4461 1988 4667 1986 4666 1987 4857 1985 4857 1985 4858 1984 4667 1986 4858 1984 4857 1985 5064 1983 5064 1983 5065 1982 4858 1984 5065 1982 5064 1983 5272 1981 5272 1981 5273 1980 5065 1982 5273 1980 5272 1981 5635 720 5635 720 5637 721 5273 1980 3597 7 3603 7 2798 7 2798 7 2784 7 3597 7 4186 7 4197 7 3603 7 3603 7 3597 7 4186 7 4851 7 4856 7 4197 7 4197 7 4186 7 4851 7 5623 7 5634 7 4856 7 4856 7 4851 7 5623 7 2789 14 2785 14 2797 14 2797 14 2799 14 2789 14 5636 15 5622 15 5625 15 5625 15 5639 15 5636 15 2073 7 2788 7 2801 7 2801 7 2075 7 2073 7 2073 7 2071 7 2131 7 2073 7 2131 7 2159 7 2073 7 2159 7 2199 7 2073 7 2199 7 2349 7 2073 7 2349 7 2561 7 2073 7 2561 7 2731 7 2133 7 2077 7 2075 7 2161 7 2133 7 2075 7 2201 7 2161 7 2075 7 2351 7 2201 7 2075 7 2563 7 2351 7 2075 7 2733 7 2563 7 2075 7 6361 7 5638 7 5626 7 5626 7 6359 7 6361 7 6361 7 6363 7 6328 7 6361 2005 6328 2005 6300 2005 6361 2006 6300 2006 6260 2006 6361 7 6260 7 6108 7 6361 7 6108 7 5896 7 6361 7 5896 7 5718 7 6326 7 6357 7 6359 7 6298 7 6326 7 6359 7 6258 7 6298 7 6359 7 6106 7 6258 7 6359 7 5894 7 6106 7 6359 7 5716 7 5894 7 6359 7 5522 2007 5524 2008 5488 2009 5488 2009 5487 2010 5522 2007 5487 2010 5488 2009 5448 2011 5448 2011 5446 2012 5487 2010 5446 2012 5448 2011 5329 606 5329 606 5326 607 5446 2012 5326 607 5329 606 5224 2013 5224 2013 5223 2014 5326 607 5223 2014 5224 2013 5123 2015 5123 2015 5120 2016 5223 2014 5120 2016 5123 2015 5025 1462 5025 1462 5022 2017 5120 2016 5022 2017 5025 1462 4917 2018 4917 2018 4915 2019 5022 2017 4915 2019 4917 2018 4746 1849 4746 1849 4744 2020 4915 2019 4744 2020 4746 1849 4629 2021 4629 2021 4626 2022 4744 2020 4626 2022 4629 2021 4506 2023 4506 2023 4504 2024 4626 2022 4504 2024 4506 2023 4342 2025 4342 2025 4339 2026 4504 2024 4339 2026 4342 2025 4174 2027 4174 2027 4172 2028 4339 2026 4172 2028 4174 2027 4108 2029 4108 2029 4105 2030 4172 2028 4105 2030 4108 2029 3943 2031 3943 2031 3940 2032 4105 2030 3940 2032 3943 2031 3822 2033 3822 2033 3819 2034 3940 2032 3819 2034 3822 2033 3705 2035 3705 2035 3703 1836 3819 2034 3703 1836 3705 2035 3533 2036 3533 2036 3532 2037 3703 1836 3532 2037 3533 2036 3425 2038 3425 2038 3424 2039 3532 2037 3424 2039 3425 2038 3327 2040 3327 2040 3325 2041 3424 2039 3325 2041 3327 2040 3226 2042 3226 2042 3223 2043 3325 2041 3223 2043 3226 2042 3120 642 3120 642 3117 643 3223 2043 3117 643 3120 642 2998 2044 2998 2044 2996 2045 3117 643 2996 2045 2998 2044 2957 2046 2957 2046 2955 2047 2996 2045 2955 2047 2957 2046 2934 2048 2934 2048 2931 2049 2955 2047 2931 2049 2934 2048 2954 2050 2954 2050 2952 2051 2931 2049 2952 2051 2954 2050 2994 2052 2994 2052 2992 2053 2952 2051 2992 2053 2994 2052 3115 758 3115 758 3114 759 2992 2053 3114 759 3115 758 3222 2054 3222 2054 3220 2055 3114 759 3220 2055 3222 2054 3323 2056 3323 2056 3322 2057 3220 2055 3322 2057 3323 2056 3422 2058 3422 2058 3420 2059 3322 2057 3420 2059 3422 2058 3530 2060 3530 2060 3528 2061 3420 2059 3528 2061 3530 2060 3701 2062 3701 2062 3700 2063 3528 2061 3700 2063 3701 2062 3818 2064 3818 2064 3816 2065 3700 2063 3816 2065 3818 2064 3939 2066 3939 2066 3937 2067 3816 2065 3937 2067 3939 2066 4104 2068 4104 2068 4101 2069 3937 2067 4101 2069 4104 2068 4169 2070 4169 2070 4167 2071 4101 2069 4167 2071 4169 2070 4338 2072 4338 2072 4335 2073 4167 2071 4335 2073 4338 2072 4502 2074 4502 2074 4500 2075 4335 2073 4500 2075 4502 2074 4625 2076 4625 2076 4622 2077 4500 2075 4622 2077 4625 2076 4742 2078 4742 2078 4741 2079 4622 2077 4741 2079 4742 2078 4914 2080 4914 2080 4912 2081 4741 2079 4912 2081 4914 2080 5020 2082 5020 2082 5019 2083 4912 2081 5019 2083 5020 2082 5118 2084 5118 2084 5117 2085 5019 2083 5117 2085 5118 2084 5221 2086 5221 2086 5218 2087 5117 2085 5218 2087 5221 2086 5324 792 5324 792 5323 793 5218 2087 5323 793 5324 792 5444 2088 5444 2088 5443 2089 5323 793 5443 2089 5444 2088 5485 2090 5485 2090 5482 2091 5443 2089 5482 2091 5485 2090 5524 2008 5524 2008 5522 2007 5482 2091 5523 0 5486 0 6145 0 6145 0 6215 0 5523 0 5486 0 5447 0 6036 0 6036 0 6145 0 5486 0 5447 0 5327 0 5940 0 5940 0 6036 0 5447 0 5327 0 5222 0 5812 0 5812 0 5940 0 5327 0 5222 0 5121 0 5555 0 5555 0 5812 0 5222 0 5121 0 5023 0 5376 0 5376 0 5555 0 5121 0 5023 0 4916 0 5163 0 5163 0 5376 0 5023 0 4916 0 4745 0 4961 0 4961 0 5163 0 4916 0 4745 0 4627 0 4786 0 4786 0 4961 0 4745 0 4627 0 4505 0 4567 0 4567 0 4786 0 4627 0 4505 0 4340 0 4389 0 4389 0 4567 0 4505 0 4340 0 4171 0 4178 0 4178 0 4389 0 4340 0 4171 0 4106 0 4043 0 4043 0 4178 0 4171 0 4106 0 3941 0 3866 0 3866 0 4043 0 4106 0 3941 0 3820 0 3645 0 3645 0 3866 0 3941 0 3820 0 3704 0 3466 0 3466 0 3645 0 3820 0 3704 0 3531 0 3267 0 3267 0 3466 0 3704 0 3531 0 3423 0 3042 0 3042 0 3267 0 3531 0 3423 0 3326 0 2867 0 2867 0 3042 0 3423 0 3326 0 3224 0 2611 0 2611 0 2867 0 3326 0 3224 0 3118 0 2482 0 2482 0 2611 0 3224 0 3118 0 2995 0 2386 0 2386 0 2482 0 3118 0 2995 0 2956 0 2278 0 2278 0 2386 0 2995 0 2956 0 2932 0 2229 0 2229 0 2278 0 2956 0 2932 0 2951 0 2271 0 2271 0 2229 0 2932 0 2951 0 2991 0 2379 0 2379 0 2271 0 2951 0 2991 0 3113 0 2474 0 2474 0 2379 0 2991 0 3113 0 3219 0 2602 0 2602 0 2474 0 3113 0 3219 0 3321 0 2859 0 2859 0 2602 0 3219 0 3321 0 3419 0 3034 0 3034 0 2859 0 3321 0 3419 0 3527 0 3260 0 3260 0 3034 0 3419 0 3527 0 3699 0 3457 0 3457 0 3260 0 3527 0 3699 0 3815 0 3638 0 3638 0 3457 0 3699 0 3815 0 3936 0 3858 0 3858 0 3638 0 3815 0 3936 0 4102 0 4036 0 4036 0 3858 0 3936 0 4102 0 4168 0 4161 0 4161 0 4036 0 4102 0 4168 0 4336 0 4381 0 4381 0 4161 0 4168 0 4336 0 4501 0 4559 0 4559 0 4381 0 4336 0 4501 0 4623 0 4777 0 4777 0 4559 0 4501 0 4623 0 4740 0 4953 0 4953 0 4777 0 4623 0 4740 0 4911 0 5155 0 5155 0 4953 0 4740 0 4911 0 5018 0 5369 0 5369 0 5155 0 4911 0 5018 0 5116 0 5547 0 5547 0 5369 0 5018 0 5116 0 5219 0 5803 0 5803 0 5547 0 5116 0 5219 0 5322 0 5932 0 5932 0 5803 0 5219 0 5322 0 5442 0 6027 0 6027 0 5932 0 5322 0 5442 0 5483 0 6138 0 6138 0 6027 0 5442 0 5483 0 5523 0 6215 0 6215 0 6138 0 5483 0 6214 2092 6216 2093 6146 1861 6146 1861 6143 1860 6214 2092 6143 1860 6146 1861 6035 1859 6035 1859 6033 1858 6143 1860 6033 1858 6035 1859 5939 414 5939 414 5938 415 6033 1858 5938 415 5939 414 5811 416 5811 416 5809 417 5938 415 5809 417 5811 416 5554 418 5554 418 5553 419 5809 417 5553 419 5554 418 5377 2094 5377 2094 5375 2095 5553 419 5375 2095 5377 2094 5162 2096 5162 2096 5160 2097 5375 2095 5160 2097 5162 2096 4960 2098 4960 2098 4959 2099 5160 2097 4959 2099 4960 2098 4785 2100 4785 2100 4784 2101 4959 2099 4784 2101 4785 2100 4566 2102 4566 2102 4565 2103 4784 2101 4565 2103 4566 2102 4388 2104 4388 2104 4387 2105 4565 2103 4387 2105 4388 2104 4177 2106 4177 2106 4176 2107 4387 2105 4176 2107 4177 2106 4044 2108 4044 2108 4042 2109 4176 2107 4042 2109 4044 2108 3865 2110 3865 2110 3863 2111 4042 2109 3863 2111 3865 2110 3646 2112 3646 2112 3643 2113 3863 2111 3643 2113 3646 2112 3465 2114 3465 2114 3464 2115 3643 2113 3464 2115 3465 2114 3268 2116 3268 2116 3266 2117 3464 2115 3266 2117 3268 2116 3041 2118 3041 2118 3039 2119 3266 2117 3039 2119 3041 2118 2868 446 2868 446 2866 447 3039 2119 2866 447 2868 446 2610 448 2610 448 2608 449 2866 447 2608 449 2610 448 2483 450 2483 450 2480 451 2608 449 2480 451 2483 450 2387 1827 2387 1827 2384 1826 2480 451 2384 1826 2387 1827 2279 1825 2279 1825 2277 1824 2384 1826 2277 1824 2279 1825 2228 2120 2228 2120 2226 2121 2277 1824 2226 2121 2228 2120 2270 2122 2270 2122 2269 2123 2226 2121 2269 2123 2270 2122 2378 2124 2378 2124 2377 2125 2269 2123 2377 2125 2378 2124 2475 462 2475 462 2473 463 2377 2125 2473 463 2475 462 2603 830 2603 830 2601 831 2473 463 2601 831 2603 830 2860 832 2860 832 2857 833 2601 831 2857 833 2860 832 3033 1817 3033 1817 3032 1816 2857 833 3032 1816 3033 1817 3259 1815 3259 1815 3257 1814 3032 1816 3257 1814 3259 1815 3458 2126 3458 2126 3456 2127 3257 1814 3456 2127 3458 2126 3637 2128 3637 2128 3635 2129 3456 2127 3635 2129 3637 2128 3857 2130 3857 2130 3856 2131 3635 2129 3856 2131 3857 2130 4035 1589 4035 1589 4033 1806 3856 2131 4033 1806 4035 1589 4162 2132 4162 2132 4159 2133 4033 1806 4159 2133 4162 2132 4380 1805 4380 1805 4378 2134 4159 2133 4378 2134 4380 1805 4558 2135 4558 2135 4557 2136 4378 2134 4557 2136 4558 2135 4778 2137 4778 2137 4776 2138 4557 2136 4776 2138 4778 2137 4952 2139 4952 2139 4950 2140 4776 2138 4950 2140 4952 2139 5154 1797 5154 1797 5152 1796 4950 2140 5152 1796 5154 1797 5368 1795 5368 1795 5366 1794 5152 1796 5366 1794 5368 1795 5546 860 5546 860 5545 861 5366 1794 5545 861 5546 860 5804 862 5804 862 5802 863 5545 861 5802 863 5804 862 5931 498 5931 498 5930 499 5802 863 5930 499 5931 498 6028 2141 6028 2141 6026 2142 5930 499 6026 2142 6028 2141 6137 2143 6137 2143 6136 2144 6026 2142 6136 2144 6137 2143 6216 2093 6216 2093 6214 2092 6136 2144 2933 7 2958 7 2281 7 2281 7 2230 7 2933 7 2958 7 2997 7 2388 7 2388 7 2281 7 2958 7 2997 7 3119 7 2484 7 2484 7 2388 7 2997 7 3119 7 3225 7 2612 7 2612 7 2484 7 3119 7 3225 7 3328 7 2869 7 2869 7 2612 7 3225 7 3328 7 3426 7 3044 7 3044 7 2869 7 3328 7 3426 7 3534 7 3269 7 3269 7 3044 7 3426 7 3534 7 3706 7 3467 7 3467 7 3269 7 3534 7 3706 7 3821 7 3648 7 3648 7 3467 7 3706 7 3821 7 3942 7 3868 7 3868 7 3648 7 3821 7 3942 7 4107 7 4045 7 4045 7 3868 7 3942 7 4107 7 4173 7 4179 7 4179 7 4045 7 4107 7 4173 7 4341 7 4390 7 4390 7 4179 7 4173 7 4341 7 4507 7 4569 7 4569 7 4390 7 4341 7 4507 7 4628 7 4788 7 4788 7 4569 7 4507 7 4628 7 4747 7 4963 7 4963 7 4788 7 4628 7 4747 7 4918 7 5164 7 5164 7 4963 7 4747 7 4918 7 5024 7 5378 7 5378 7 5164 7 4918 7 5024 7 5122 7 5557 7 5557 7 5378 7 5024 7 5122 7 5225 7 5813 7 5813 7 5557 7 5122 7 5225 7 5328 7 5942 7 5942 7 5813 7 5225 7 5328 7 5449 7 6038 7 6038 7 5942 7 5328 7 5449 7 5489 7 6148 7 6148 7 6038 7 5449 7 5489 7 5525 7 6218 7 6218 7 6148 7 5489 7 5525 7 5484 7 6139 7 6139 7 6218 7 5525 7 5484 7 5445 7 6030 7 6030 7 6139 7 5484 7 5445 7 5325 7 5934 7 5934 7 6030 7 5445 7 5325 7 5220 7 5806 7 5806 7 5934 7 5325 7 5220 7 5119 7 5549 7 5549 7 5806 7 5220 7 5119 7 5021 7 5370 7 5370 7 5549 7 5119 7 5021 7 4913 7 5156 7 5156 7 5370 7 5021 7 4913 7 4743 7 4954 7 4954 7 5156 7 4913 7 4743 7 4624 7 4779 7 4779 7 4954 7 4743 7 4624 7 4503 7 4560 7 4560 7 4779 7 4624 7 4503 7 4337 7 4383 7 4383 7 4560 7 4503 7 4337 7 4170 7 4164 7 4164 7 4383 7 4337 7 4170 7 4103 7 4038 7 4038 7 4164 7 4170 7 4103 7 3938 7 3860 7 3860 7 4038 7 4103 7 3938 7 3817 7 3640 7 3640 7 3860 7 3938 7 3817 7 3702 7 3459 7 3459 7 3640 7 3817 7 3702 7 3529 7 3262 7 3262 7 3459 7 3702 7 3529 7 3421 7 3036 7 3036 7 3262 7 3529 7 3421 7 3324 7 2862 7 2862 7 3036 7 3421 7 3324 7 3221 7 2605 7 2605 7 2862 7 3324 7 3221 7 3116 7 2476 7 2476 7 2605 7 3221 7 3116 7 2993 7 2381 7 2381 7 2476 7 3116 7 2993 7 2953 7 2273 7 2273 7 2381 7 2993 7 2953 7 2933 7 2230 7 2230 7 2273 7 2953 7 2232 2120 2231 2121 2280 1824 2280 1824 2283 1825 2232 2120 2283 1825 2280 1824 2389 1826 2389 1826 2390 1827 2283 1825 2390 1827 2389 1826 2485 451 2485 451 2486 450 2390 1827 2486 450 2485 451 2613 449 2613 449 2614 448 2486 450 2614 448 2613 449 2870 447 2870 447 2871 446 2614 448 2871 446 2870 447 3043 2119 3043 2119 3045 2118 2871 446 3045 2118 3043 2119 3270 2117 3270 2117 3271 2116 3045 2118 3271 2116 3270 2117 3468 2115 3468 2115 3470 2114 3271 2116 3470 2114 3468 2115 3647 2113 3647 2113 3649 2112 3470 2114 3649 2112 3647 2113 3867 2111 3867 2111 3870 2110 3649 2112 3870 2110 3867 2111 4046 2109 4046 2109 4047 2108 3870 2110 4047 2108 4046 2109 4180 2107 4180 2107 4182 2106 4047 2108 4182 2106 4180 2107 4391 2105 4391 2105 4392 2104 4182 2106 4392 2104 4391 2105 4568 2103 4568 2103 4571 2102 4392 2104 4571 2102 4568 2103 4787 2101 4787 2101 4789 2100 4571 2102 4789 2100 4787 2101 4962 2099 4962 2099 4965 2098 4789 2100 4965 2098 4962 2099 5165 2097 5165 2097 5167 2096 4965 2098 5167 2096 5165 2097 5379 2095 5379 2095 5380 2094 5167 2096 5380 2094 5379 2095 5556 419 5556 419 5559 418 5380 2094 5559 418 5556 419 5814 417 5814 417 5816 416 5559 418 5816 416 5814 417 5941 415 5941 415 5943 414 5816 416 5943 414 5941 415 6037 1858 6037 1858 6039 1859 5943 414 6039 1859 6037 1858 6147 1860 6147 1860 6150 1861 6039 1859 6150 1861 6147 1860 6217 2092 6217 2092 6220 2093 6150 1861 6220 2093 6217 2092 6140 2144 6140 2144 6142 2143 6220 2093 6142 2143 6140 2144 6029 2142 6029 2142 6032 2141 6142 2143 6032 2141 6029 2142 5933 499 5933 499 5935 498 6032 2141 5935 498 5933 499 5805 863 5805 863 5808 862 5935 498 5808 862 5805 863 5548 861 5548 861 5551 860 5808 862 5551 860 5548 861 5371 1794 5371 1794 5372 1795 5551 860 5372 1795 5371 1794 5157 1796 5157 1796 5158 1797 5372 1795 5158 1797 5157 1796 4955 2140 4955 2140 4956 2139 5158 1797 4956 2139 4955 2140 4780 2138 4780 2138 4782 2137 4956 2139 4782 2137 4780 2138 4561 2136 4561 2136 4563 2135 4782 2137 4563 2135 4561 2136 4382 2134 4382 2134 4384 1805 4563 2135 4384 1805 4382 2134 4163 2133 4163 2133 4166 2132 4384 1805 4166 2132 4163 2133 4037 1806 4037 1806 4040 1589 4166 2132 4040 1589 4037 1806 3859 2131 3859 2131 3862 2130 4040 1589 3862 2130 3859 2131 3639 2129 3639 2129 3641 2128 3862 2130 3641 2128 3639 2129 3460 2127 3460 2127 3461 2126 3641 2128 3461 2126 3460 2127 3261 1814 3261 1814 3263 1815 3461 2126 3263 1815 3261 1814 3035 1816 3035 1816 3037 1817 3263 1815 3037 1817 3035 1816 2861 833 2861 833 2864 832 3037 1817 2864 832 2861 833 2604 831 2604 831 2607 830 2864 832 2607 830 2604 831 2477 463 2477 463 2479 462 2607 830 2479 462 2477 463 2380 2125 2380 2125 2382 2124 2479 462 2382 2124 2380 2125 2272 2123 2272 2123 2274 2122 2382 2124 2274 2122 2272 2123 2231 2121 2231 2121 2232 2120 2274 2122 6144 0 6325 0 6356 0 6356 0 6213 0 6144 0 6034 0 6297 0 6325 0 6325 0 6144 0 6034 0 5937 0 6257 0 6297 0 6297 0 6034 0 5937 0 5810 0 6105 0 6257 0 6257 0 5937 0 5810 0 5552 0 5893 0 6105 0 6105 0 5810 0 5552 0 5374 0 5715 0 5893 0 5893 0 5552 0 5374 0 5161 0 5296 0 5715 0 5715 0 5374 0 5161 0 4958 0 5088 0 5296 0 5296 0 5161 0 4958 0 4783 0 4887 0 5088 0 5088 0 4958 0 4783 0 4564 0 4690 0 4887 0 4887 0 4783 0 4564 0 4386 0 4454 0 4690 0 4690 0 4564 0 4386 0 4175 0 4189 0 4454 0 4454 0 4386 0 4175 0 4041 0 3987 0 4189 0 4189 0 4175 0 4041 0 3864 0 3767 0 3987 0 3987 0 4041 0 3864 0 3644 0 3569 0 3767 0 3767 0 3864 0 3644 0 3463 0 3367 0 3569 0 3569 0 3644 0 3463 0 3265 0 3159 0 3367 0 3367 0 3463 0 3265 0 3040 0 2730 0 3159 0 3159 0 3265 0 3040 0 2865 0 2560 0 2730 0 2730 0 3040 0 2865 0 2609 0 2348 0 2560 0 2560 0 2865 0 2609 0 2481 0 2198 0 2348 0 2348 0 2609 0 2481 0 2385 0 2158 0 2198 0 2198 0 2481 0 2385 0 2276 0 2130 0 2158 0 2158 0 2385 0 2276 0 2227 0 2070 0 2130 0 2130 0 2276 0 2227 0 2268 0 2128 0 2070 0 2070 0 2227 0 2268 0 2376 0 2156 0 2128 0 2128 0 2268 0 2376 0 2472 0 2196 0 2156 0 2156 0 2376 0 2472 0 2600 0 2346 0 2196 0 2196 0 2472 0 2600 0 2858 0 2558 0 2346 0 2346 0 2600 0 2858 0 3031 0 2718 0 2558 0 2558 0 2858 0 3031 0 3258 0 3154 0 2718 0 2718 0 3031 0 3258 0 3455 0 3361 0 3154 0 3154 0 3258 0 3455 0 3636 0 3564 0 3361 0 3361 0 3455 0 3636 0 3855 0 3761 0 3564 0 3564 0 3636 0 3855 0 4034 0 3977 0 3761 0 3761 0 3855 0 4034 0 4160 0 4153 0 3977 0 3977 0 4034 0 4160 0 4379 0 4444 0 4153 0 4153 0 4160 0 4379 0 4556 0 4684 0 4444 0 4444 0 4379 0 4556 0 4775 0 4882 0 4684 0 4684 0 4556 0 4775 0 4951 0 5083 0 4882 0 4882 0 4775 0 4951 0 5153 0 5290 0 5083 0 5083 0 4951 0 5153 0 5367 0 5704 0 5290 0 5290 0 5153 0 5367 0 5544 0 5891 0 5704 0 5704 0 5367 0 5544 0 5801 0 6103 0 5891 0 5891 0 5544 0 5801 0 5929 0 6255 0 6103 0 6103 0 5801 0 5929 0 6025 0 6295 0 6255 0 6255 0 5929 0 6025 0 6135 0 6323 0 6295 0 6295 0 6025 0 6135 0 6213 0 6356 0 6323 0 6323 0 6135 0 6213 0 2282 7 2131 7 2071 7 2071 7 2233 7 2282 7 2391 7 2159 7 2131 7 2131 7 2282 7 2391 7 2487 7 2199 7 2159 7 2159 7 2391 7 2487 7 2615 7 2349 7 2199 7 2199 7 2487 7 2615 7 2872 7 2561 7 2349 7 2349 7 2615 7 2872 7 3046 7 2731 7 2561 7 2561 7 2872 7 3046 7 3272 7 3160 7 2731 7 2731 7 3046 7 3272 7 3469 7 3368 7 3160 7 3160 7 3272 7 3469 7 3650 7 3570 7 3368 7 3368 7 3469 7 3650 7 3869 7 3768 7 3570 7 3570 7 3650 7 3869 7 4048 7 3988 7 3768 7 3768 7 3869 7 4048 7 4181 7 4190 7 3988 7 3988 7 4048 7 4181 7 4393 7 4455 7 4190 7 4190 7 4181 7 4393 7 4570 7 4691 7 4455 7 4455 7 4393 7 4570 7 4790 7 4888 7 4691 7 4691 7 4570 7 4790 7 4964 7 5089 7 4888 7 4888 7 4790 7 4964 7 5166 7 5297 7 5089 7 5089 7 4964 7 5166 7 5381 7 5716 7 5297 7 5297 7 5166 7 5381 7 5558 7 5894 7 5716 7 5716 7 5381 7 5558 7 5815 7 6106 7 5894 7 5894 7 5558 7 5815 7 5944 7 6258 7 6106 7 6106 7 5815 7 5944 7 6040 7 6298 7 6258 7 6258 7 5944 7 6040 7 6149 7 6326 7 6298 7 6298 7 6040 7 6149 7 6219 7 6357 7 6326 7 6326 7 6149 7 6219 7 6141 7 6324 7 6357 7 6357 7 6219 7 6141 7 6031 7 6296 7 6324 7 6324 7 6141 7 6031 7 5936 7 6256 7 6296 7 6296 7 6031 7 5936 7 5807 7 6104 7 6256 7 6256 7 5936 7 5807 7 5550 7 5892 7 6104 7 6104 7 5807 7 5550 7 5373 7 5713 7 5892 7 5892 7 5550 7 5373 7 5159 7 5295 7 5713 7 5713 7 5373 7 5159 7 4957 7 5086 7 5295 7 5295 7 5159 7 4957 7 4781 7 4885 7 5086 7 5086 7 4957 7 4781 7 4562 7 4688 7 4885 7 4885 7 4781 7 4562 7 4385 7 4448 7 4688 7 4688 7 4562 7 4385 7 4165 7 4158 7 4448 7 4448 7 4385 7 4165 7 4039 7 3981 7 4158 7 4158 7 4165 7 4039 7 3861 7 3765 7 3981 7 3981 7 4039 7 3861 7 3642 7 3567 7 3765 7 3765 7 3861 7 3642 7 3462 7 3365 7 3567 7 3567 7 3642 7 3462 7 3264 7 3158 7 3365 7 3365 7 3462 7 3264 7 3038 7 2727 7 3158 7 3158 7 3264 7 3038 7 2863 7 2559 7 2727 7 2727 7 3038 7 2863 7 2606 7 2347 7 2559 7 2559 7 2863 7 2606 7 2478 7 2197 7 2347 7 2347 7 2606 7 2478 7 2383 7 2157 7 2197 7 2197 7 2478 7 2383 7 2275 7 2129 7 2157 7 2157 7 2383 7 2275 7 2233 7 2071 7 2129 7 2129 7 2275 7 2233 7 5703 2145 5707 2146 5292 2147 5292 2147 5291 2148 5703 2145 5291 2148 5292 2147 5084 2149 5084 2149 5082 2150 5291 2148 5082 2150 5084 2149 4883 2151 4883 2151 4881 2152 5082 2150 4881 2152 4883 2151 4686 2153 4686 2153 4685 2154 4881 2152 4685 2154 4686 2153 4446 2155 4446 2155 4445 2156 4685 2154 4445 2156 4446 2155 4155 2157 4155 2157 4154 2158 4445 2156 4154 2158 4155 2157 3979 2159 3979 2159 3978 2160 4154 2158 3978 2160 3979 2159 3763 2161 3763 2161 3762 2162 3978 2160 3762 2162 3763 2161 3565 2163 3565 2163 3563 2164 3762 2162 3563 2164 3565 2163 3363 2165 3363 2165 3362 2166 3563 2164 3362 2166 3363 2165 3155 2167 3155 2167 3153 2168 3362 2166 3153 2168 3155 2167 2722 2169 2722 2169 2719 2170 3153 2168 6323 0 6356 0 6354 0 6295 0 6323 0 6354 0 6255 0 6295 0 6354 0 6103 0 6255 0 6354 0 5891 0 6103 0 6354 0 5704 0 5891 0 6354 0 2068 0 2070 0 2128 0 2068 0 2128 0 2156 0 2068 0 2156 0 2196 0 2068 0 2196 0 2346 0 2068 0 2346 0 2558 0 2068 0 2558 0 2718 0 5699 0 2715 0 2721 0 2721 0 5706 0 5699 0 5293 2171 5711 2146 5714 2145 5714 2145 5294 2172 5293 2171 5085 2173 5293 2171 5294 2172 5294 2172 5087 2174 5085 2173 4884 2175 5085 2173 5087 2174 5087 2174 4886 2176 4884 2175 4687 2177 4884 2175 4886 2176 4886 2176 4689 2178 4687 2177 4447 2179 4687 2177 4689 2178 4689 2178 4449 2180 4447 2179 4156 2181 4447 2179 4449 2180 4449 2180 4157 2182 4156 2181 3980 2183 4156 2181 4157 2182 4157 2182 3982 2184 3980 2183 3764 2185 3980 2183 3982 2184 3982 2184 3766 2186 3764 2185 3566 2187 3764 2185 3766 2186 3766 2186 3568 2188 3566 2187 3364 2189 3566 2187 3568 2188 3568 2188 3366 2190 3364 2189 3156 2191 3364 2189 3366 2190 3366 2190 3157 2192 3156 2191 2725 2169 3156 2191 3157 2192 3157 2192 2729 2170 2725 2169 6355 7 6357 7 6324 7 6355 7 6324 7 6296 7 6355 7 6296 7 6256 7 6355 7 6256 7 6104 7 6355 7 6104 7 5892 7 6355 7 5892 7 5713 7 2129 7 2071 7 2069 7 2157 7 2129 7 2069 7 2197 7 2157 7 2069 7 2347 7 2197 7 2069 7 2559 7 2347 7 2069 7 2727 7 2559 7 2069 7 5710 7 2724 7 2716 7 2716 7 5702 7 5710 7 6364 2193 6362 2193 6329 2193 6364 2194 6329 2194 6301 2194 6364 0 6301 0 6261 0 6364 0 6261 0 6109 0 6364 0 6109 0 5897 0 6364 0 5897 0 5719 0 2134 0 2076 0 2078 0 2162 0 2134 0 2078 0 2202 0 2162 0 2078 0 2352 0 2202 0 2078 0 2564 0 2352 0 2078 0 2734 0 2564 0 2078 0 5644 2195 5641 2196 5274 2197 5274 2197 5275 2198 5644 2195 5275 2198 5274 2197 5066 2199 5066 2199 5067 2200 5275 2198 5067 2200 5066 2199 4859 2201 4859 2201 4860 2202 5067 2200 4860 2202 4859 2201 4668 2203 4668 2203 4669 2204 4860 2202 4669 2204 4668 2203 4462 2205 4462 2205 4463 2206 4669 2204 4463 2206 4462 2205 4220 2207 4220 2207 4221 2208 4463 2206 4221 2208 4220 2207 3995 2209 3995 2209 3996 2210 4221 2208 3996 2210 3995 2209 3799 2211 3799 2211 3800 2212 3996 2210 3800 2212 3799 2211 3605 2213 3605 2213 3606 2214 3800 2212 3606 2214 3605 2213 3399 2215 3399 2215 3400 2216 3606 2214 3400 2216 3399 2215 3191 2217 3191 2217 3192 2218 3400 2216 3192 2218 3191 2217 2804 2219 2804 2219 2807 2220 3192 2218 5643 2221 5723 2222 5721 2223 5721 2224 5640 2225 5643 2225 2803 2226 2737 1786 2738 1787 2738 2227 2806 2228 2803 2228 6330 7 6363 7 6365 7 6302 7 6330 7 6365 7 6262 7 6302 7 6365 7 6110 7 6262 7 6365 7 5898 7 6110 7 6365 7 5720 7 5898 7 6365 7 2079 2229 2077 2229 2135 2229 2079 2230 2135 2230 2163 2230 2079 7 2163 7 2203 7 2079 7 2203 7 2353 7 2079 7 2353 7 2565 7 2079 7 2565 7 2735 7 5771 7 5765 7 5724 7 5724 7 6371 7 5771 7 5790 7 5784 7 5771 7 5771 7 6371 7 5790 7 5882 7 5796 7 5790 7 5790 7 6371 7 5882 7 6021 7 6002 7 5882 7 5882 7 6371 7 6021 7 6280 7 6208 7 6021 7 6021 7 6371 7 6280 7 6376 7 6286 7 6280 7 6280 7 6371 7 6376 7 5763 2231 5721 2223 5723 2222 5723 2222 5764 2232 5763 2231 5769 2233 5763 2231 5764 2232 5764 2232 5770 2234 5769 2233 5783 2235 5769 2233 5770 2234 5770 2234 5785 2236 5783 2235 5789 2237 5783 2235 5785 2236 5785 2236 5791 2238 5789 2237 5795 2239 5789 2237 5791 2238 5791 2238 5797 2240 5795 2239 5881 2241 5795 2239 5797 2240 5797 2240 5883 2242 5881 2241 6001 2243 5881 2241 5883 2242 5883 2242 6003 2244 6001 2243 6019 2245 6001 2243 6003 2244 6003 2244 6020 2246 6019 2245 6207 2247 6019 2245 6020 2246 6020 2246 6209 2248 6207 2247 6279 2249 6207 2247 6209 2248 6209 2248 6281 2250 6279 2249 6285 2251 6279 2249 6281 2250 6281 2250 6287 2252 6285 2251 6375 2253 6285 2251 6287 2252 6287 2252 6377 2254 6375 2253 6937 0 6962 0 6975 0 6975 0 6930 0 6937 0 6962 0 7006 0 7025 0 7025 0 6975 0 6962 0 7006 0 7046 0 7076 0 7076 0 7025 0 7006 0 7046 0 7067 0 7127 0 7127 0 7076 0 7046 0 7067 0 7115 0 7187 0 7187 0 7127 0 7067 0 7115 0 7141 0 7223 0 7223 0 7187 0 7115 0 7141 0 7169 0 7276 0 7276 0 7223 0 7141 0 7169 0 7201 0 7320 0 7320 0 7276 0 7169 0 7201 0 7213 0 7356 0 7356 0 7320 0 7201 0 7213 0 7236 0 7376 0 7376 0 7356 0 7213 0 7236 0 7255 0 7409 0 7409 0 7376 0 7236 0 7255 0 7263 0 7424 0 7424 0 7409 0 7255 0 7263 0 7259 0 7416 0 7416 0 7424 0 7263 0 7259 2255 7240 2255 7384 2255 7384 2256 7416 2256 7259 2256 7240 0 7216 0 7365 0 7365 0 7384 0 7240 0 7216 0 7205 0 7328 0 7328 0 7365 0 7216 0 7205 0 7172 0 7285 0 7285 0 7328 0 7205 0 7172 0 7145 0 7231 0 7231 0 7285 0 7172 0 7145 0 7118 0 7194 0 7194 0 7231 0 7145 0 7118 0 7071 0 7134 0 7134 0 7194 0 7118 0 7071 0 7050 0 7084 0 7084 0 7134 0 7071 0 7050 0 7011 0 7033 0 7033 0 7084 0 7050 0 7011 0 6967 0 6982 0 6982 0 7033 0 7011 0 6967 0 6941 0 6946 0 6946 0 6982 0 6967 0 6941 0 6915 0 6899 0 6899 0 6946 0 6941 0 6915 0 6878 0 6867 0 6867 0 6899 0 6915 0 6878 0 6845 0 6815 0 6815 0 6867 0 6878 0 6845 0 6824 0 6779 0 6779 0 6815 0 6845 0 6824 0 6796 0 6731 0 6731 0 6779 0 6824 0 6796 0 6764 0 6681 0 6681 0 6731 0 6796 0 6764 0 6740 0 6634 0 6634 0 6681 0 6764 0 6740 0 6706 0 6584 0 6584 0 6634 0 6740 0 6706 0 6695 0 6549 0 6549 0 6584 0 6706 0 6695 0 6667 0 6532 0 6532 0 6549 0 6695 0 6667 0 6648 0 6505 0 6505 0 6532 0 6667 0 6648 0 6640 0 6489 0 6489 0 6505 0 6648 0 6640 0 6645 0 6496 0 6496 0 6489 0 6640 0 6645 2257 6662 2257 6525 2257 6525 1518 6496 1518 6645 1518 6662 0 6690 0 6541 0 6541 0 6525 0 6662 0 6690 0 6702 0 6577 0 6577 0 6541 0 6690 0 6702 0 6737 0 6627 0 6627 0 6577 0 6702 0 6737 0 6761 0 6673 0 6673 0 6627 0 6737 0 6761 0 6793 0 6722 0 6722 0 6673 0 6761 0 6793 0 6821 0 6770 0 6770 0 6722 0 6793 0 6821 0 6840 0 6806 0 6806 0 6770 0 6821 0 6840 0 6874 0 6858 0 6858 0 6806 0 6840 0 6874 0 6911 0 6890 0 6890 0 6858 0 6874 0 6911 0 6937 0 6930 0 6930 0 6890 0 6911 0 6929 2258 6931 2259 6974 2260 6974 2260 6972 2261 6929 2258 6972 2261 6974 2260 7024 2262 7024 2262 7022 2263 6972 2261 7022 2263 7024 2262 7077 1107 7077 1107 7074 1108 7022 2263 7074 1108 7077 1107 7126 1109 7126 1109 7125 1525 7074 1108 7125 1525 7126 1109 7186 1526 7186 1526 7185 1527 7125 1525 7185 1527 7186 1526 7222 1528 7222 1528 7221 2264 7185 1527 7221 2264 7222 1528 7277 2265 7277 2265 7275 2266 7221 2264 7275 2266 7277 2265 7321 2267 7321 2267 7319 2268 7275 2266 7319 2268 7321 2267 7357 2269 7357 2269 7354 2270 7319 2268 7354 2270 7357 2269 7377 2271 7377 2271 7374 2272 7354 2270 7374 2272 7377 2271 7408 2273 7408 2273 7407 2274 7374 2272 7407 2274 7408 2273 7425 2275 7425 2275 7423 2276 7407 2274 7423 2276 7425 2275 7417 2277 7417 2277 7414 2278 7423 2276 7414 2278 7417 2277 7385 2279 7385 2279 7383 2280 7414 2278 7383 2280 7385 2279 7364 414 7364 414 7362 2281 7383 2280 7362 2281 7364 414 7329 2282 7329 2282 7326 2283 7362 2281 7326 2283 7329 2282 7284 2284 7284 2284 7283 2285 7326 2283 7283 2285 7284 2284 7230 2286 7230 2286 7229 1552 7283 2285 7229 1552 7230 2286 7195 1553 7195 1553 7193 1554 7229 1552 7193 1554 7195 1553 7135 1555 7135 1555 7132 1142 7193 1554 7132 1142 7135 1555 7085 1143 7085 1143 7082 1144 7132 1142 7082 1144 7085 1143 7032 2287 7032 2287 7031 2288 7082 1144 7031 2288 7032 2287 6983 2289 6983 2289 6981 2290 7031 2288 6981 2290 6983 2289 6947 2291 6947 2291 6944 2292 6981 2290 6944 2292 6947 2291 6898 2293 6898 2293 6896 2294 6944 2292 6896 2294 6898 2293 6866 2295 6866 2295 6864 2296 6896 2294 6864 2296 6866 2295 6814 1060 6814 1060 6813 1061 6864 2296 6813 1061 6814 1060 6778 1062 6778 1062 6777 2297 6813 1061 6777 2297 6778 1062 6730 2298 6730 2298 6729 2299 6777 2297 6729 2299 6730 2298 6680 2300 6680 2300 6678 2301 6729 2299 6678 2301 6680 2300 6635 2302 6635 2302 6633 2303 6678 2301 6633 2303 6635 2302 6585 2304 6585 2304 6582 2305 6633 2303 6582 2305 6585 2304 6548 2306 6548 2306 6546 2307 6582 2305 6546 2307 6548 2306 6533 2308 6533 2308 6530 2309 6546 2307 6530 2309 6533 2308 6504 2310 6504 2310 6503 2311 6530 2309 6503 2311 6504 2310 6488 2312 6488 2312 6487 2313 6503 2311 6487 2313 6488 2312 6497 2314 6497 2314 6494 2315 6487 2313 6494 2315 6497 2314 6524 2316 6524 2316 6523 2317 6494 2315 6523 2317 6524 2316 6540 2318 6540 2318 6538 2319 6523 2317 6538 2319 6540 2318 6576 2320 6576 2320 6575 2321 6538 2319 6575 2321 6576 2320 6626 2322 6626 2322 6625 2323 6575 2321 6625 2323 6626 2322 6672 2324 6672 2324 6671 2325 6625 2323 6671 2325 6672 2324 6723 2326 6723 2326 6721 2327 6671 2325 6721 2327 6723 2326 6771 2328 6771 2328 6769 1094 6721 2327 6769 1094 6771 2328 6807 1095 6807 1095 6804 1096 6769 1094 6804 1096 6807 1095 6859 2329 6859 2329 6857 2330 6804 1096 6857 2330 6859 2329 6891 2331 6891 2331 6889 2332 6857 2330 6889 2332 6891 2331 6931 2259 6931 2259 6929 2258 6889 2332 6977 7 6964 7 6938 7 6938 7 6932 7 6977 7 7026 7 7009 7 6964 7 6964 7 6977 7 7026 7 7079 7 7049 7 7009 7 7009 7 7026 7 7079 7 7128 7 7068 7 7049 7 7049 7 7079 7 7128 7 7188 7 7116 7 7068 7 7068 7 7128 7 7188 7 7225 7 7143 7 7116 7 7116 7 7188 7 7225 7 7278 7 7171 7 7143 7 7143 7 7225 7 7278 7 7322 7 7202 7 7171 7 7171 7 7278 7 7322 7 7359 7 7215 7 7202 7 7202 7 7322 7 7359 7 7378 7 7239 7 7215 7 7215 7 7359 7 7378 7 7411 7 7257 7 7239 7 7239 7 7378 7 7411 7 7427 7 7265 7 7257 7 7257 7 7411 7 7427 7 7419 7 7260 7 7265 7 7265 7 7427 7 7419 7 7387 2333 7242 2333 7260 2333 7260 2334 7419 2334 7387 2334 7366 7 7218 7 7242 7 7242 7 7387 7 7366 7 7331 7 7207 7 7218 7 7218 7 7366 7 7331 7 7286 7 7175 7 7207 7 7207 7 7331 7 7286 7 7233 7 7146 7 7175 7 7175 7 7286 7 7233 7 7196 7 7121 7 7146 7 7146 7 7233 7 7196 7 7136 7 7073 7 7121 7 7121 7 7196 7 7136 7 7087 7 7053 7 7073 7 7073 7 7136 7 7087 7 7034 7 7012 7 7053 7 7053 7 7087 7 7034 7 6985 7 6969 7 7012 7 7012 7 7034 7 6985 7 6948 7 6942 7 6969 7 6969 7 6985 7 6948 7 6900 7 6917 7 6942 7 6942 7 6948 7 6900 7 6868 7 6880 7 6917 7 6917 7 6900 7 6868 7 6816 7 6847 7 6880 7 6880 7 6868 7 6816 7 6780 7 6826 7 6847 7 6847 7 6816 7 6780 7 6732 7 6799 7 6826 7 6826 7 6780 7 6732 7 6683 7 6766 7 6799 7 6799 7 6732 7 6683 7 6637 7 6743 7 6766 7 6766 7 6683 7 6637 7 6586 7 6709 7 6743 7 6743 7 6637 7 6586 7 6551 7 6697 7 6709 7 6709 7 6586 7 6551 7 6534 7 6668 7 6697 7 6697 7 6551 7 6534 7 6506 7 6650 7 6668 7 6668 7 6534 7 6506 7 6490 7 6643 7 6650 7 6650 7 6506 7 6490 7 6498 7 6647 7 6643 7 6643 7 6490 7 6498 7 6526 2335 6664 2335 6647 2335 6647 2336 6498 2336 6526 2336 6542 7 6692 7 6664 7 6664 7 6526 7 6542 7 6578 7 6705 7 6692 7 6692 7 6542 7 6578 7 6629 7 6738 7 6705 7 6705 7 6578 7 6629 7 6675 7 6762 7 6738 7 6738 7 6629 7 6675 7 6724 7 6795 7 6762 7 6762 7 6675 7 6724 7 6773 7 6822 7 6795 7 6795 7 6724 7 6773 7 6808 7 6843 7 6822 7 6822 7 6773 7 6808 7 6861 7 6877 7 6843 7 6843 7 6808 7 6861 7 6893 7 6912 7 6877 7 6877 7 6861 7 6893 7 6932 7 6938 7 6912 7 6912 7 6893 7 6932 7 6976 2337 6933 2338 6935 2339 6935 2339 6979 2340 6976 2337 7027 2341 6976 2337 6979 2340 6979 2340 7028 2342 7027 2341 7078 1207 7027 2341 7028 2342 7028 2342 7081 1208 7078 1207 7129 2343 7078 1207 7081 1208 7081 1208 7131 2344 7129 2343 7189 2345 7129 2343 7131 2344 7131 2344 7190 2346 7189 2345 7224 2347 7189 2345 7190 2346 7190 2346 7227 2348 7224 2347 7279 2349 7224 2347 7227 2348 7227 2348 7281 2350 7279 2349 7323 2351 7279 2349 7281 2350 7281 2350 7324 2352 7323 2351 7358 2353 7323 2351 7324 2352 7324 2352 7360 2354 7358 2353 7379 2355 7358 2353 7360 2354 7360 2354 7381 2356 7379 2355 7410 2357 7379 2355 7381 2356 7381 2356 7412 2358 7410 2357 7426 2359 7410 2357 7412 2358 7412 2358 7428 2360 7426 2359 7418 2361 7426 2359 7428 2360 7428 2360 7421 2362 7418 2361 7386 2363 7418 2361 7421 2362 7421 2362 7388 2364 7386 2363 7367 2365 7386 2363 7388 2364 7388 2364 7369 2366 7367 2365 7330 2367 7367 2365 7369 2366 7369 2366 7333 2368 7330 2367 7287 2369 7330 2367 7333 2368 7333 2368 7289 2370 7287 2369 7232 2371 7287 2369 7289 2370 7289 2370 7235 2372 7232 2371 7197 2373 7232 2371 7235 2372 7235 2372 7198 2374 7197 2373 7137 2375 7197 2373 7198 2374 7198 2374 7139 2376 7137 2375 7086 1243 7137 2375 7139 2376 7139 2376 7089 1244 7086 1243 7035 2377 7086 1243 7089 1244 7089 1244 7036 2378 7035 2377 6984 2379 7035 2377 7036 2378 7036 2378 6987 2380 6984 2379 6949 2381 6984 2379 6987 2380 6987 2380 6950 2382 6949 2381 6901 2383 6949 2381 6950 2382 6950 2382 6903 2384 6901 2383 6869 2385 6901 2383 6903 2384 6903 2384 6870 2386 6869 2385 6817 1159 6869 2385 6870 2386 6870 2386 6818 1160 6817 1159 6781 2387 6817 1159 6818 1160 6818 1160 6783 2388 6781 2387 6733 2389 6781 2387 6783 2388 6783 2388 6734 2390 6733 2389 6682 2391 6733 2389 6734 2390 6734 2390 6685 2392 6682 2391 6636 2393 6682 2391 6685 2392 6685 2392 6638 2394 6636 2393 6587 2395 6636 2393 6638 2394 6638 2394 6589 2396 6587 2395 6550 2397 6587 2395 6589 2396 6589 2396 6553 2398 6550 2397 6535 2399 6550 2397 6553 2398 6553 2398 6536 2400 6535 2399 6507 2401 6535 2399 6536 2400 6536 2400 6508 2402 6507 2401 6491 2403 6507 2401 6508 2402 6508 2402 6492 2404 6491 2403 6499 2405 6491 2403 6492 2404 6492 2404 6500 2406 6499 2405 6527 2407 6499 2405 6500 2406 6500 2406 6528 2408 6527 2407 6543 2409 6527 2407 6528 2408 6528 2408 6545 2410 6543 2409 6579 2411 6543 2409 6545 2410 6545 2410 6580 2412 6579 2411 6628 2413 6579 2411 6580 2412 6580 2412 6630 2414 6628 2413 6674 2415 6628 2413 6630 2414 6630 2414 6677 2416 6674 2415 6725 2417 6674 2415 6677 2416 6677 2416 6727 2418 6725 2417 6772 2419 6725 2417 6727 2418 6727 2418 6775 2420 6772 2419 6809 1195 6772 2419 6775 2420 6775 2420 6810 1196 6809 1195 6860 2421 6809 1195 6810 1196 6810 1196 6863 2422 6860 2421 6892 2423 6860 2421 6863 2422 6863 2422 6894 2424 6892 2423 6933 2338 6892 2423 6894 2424 6894 2424 6935 2339 6933 2338 6936 2425 6939 2426 6965 2427 6965 2427 6963 2428 6936 2425 6963 2428 6965 2427 7008 2429 7008 2429 7007 2430 6963 2428 7007 2430 7008 2429 7048 2431 7048 2431 7047 1303 7007 2430 7047 1303 7048 2431 7069 1304 7069 1304 7066 1305 7047 1303 7066 1305 7069 1304 7117 1306 7117 1306 7114 2432 7066 1305 7114 2432 7117 1306 7142 2433 7142 2433 7140 2434 7114 2432 7140 2434 7142 2433 7170 2435 7170 2435 7168 2436 7140 2434 7168 2436 7170 2435 7203 2437 7203 2437 7200 2438 7168 2436 7200 2438 7203 2437 7214 2439 7214 2439 7212 2440 7200 2438 7212 2440 7214 2439 7238 2441 7238 2441 7237 2442 7212 2440 7237 2442 7238 2441 7256 2443 7256 2443 7254 2444 7237 2442 7254 2444 7256 2443 7264 2445 7264 2445 7262 2446 7254 2444 7262 2446 7264 2445 7261 2447 7261 2447 7258 2448 7262 2446 7258 2448 7261 2447 7243 2449 7243 2449 7241 2450 7258 2448 7241 2450 7243 2449 7219 2451 7219 2451 7217 2452 7241 2450 7217 2452 7219 2451 7206 2453 7206 2453 7204 2454 7217 2452 7204 2454 7206 2453 7174 2455 7174 2455 7173 2456 7204 2454 7173 2456 7174 2455 7147 2457 7147 2457 7144 2458 7173 2456 7144 2458 7147 2457 7120 2459 7120 2459 7119 1334 7144 2458 7119 1334 7120 2459 7072 1335 7072 1335 7070 1336 7119 1334 7070 1336 7072 1335 7052 1337 7052 1337 7051 2460 7070 1336 7051 2460 7052 1337 7013 2461 7013 2461 7010 2462 7051 2460 7010 2462 7013 2461 6968 2463 6968 2463 6966 2464 7010 2462 6966 2464 6968 2463 6943 2465 6943 2465 6940 2466 6966 2464 6940 2466 6943 2465 6916 2467 6916 2467 6914 2468 6940 2466 6914 2468 6916 2467 6881 2469 6881 2469 6879 2470 6914 2468 6879 2470 6881 2469 6846 2471 6846 2471 6844 1256 6879 2470 6844 1256 6846 2471 6827 1257 6827 1257 6825 1258 6844 1256 6825 1258 6827 1257 6798 1259 6798 1259 6797 635 6825 1258 6797 635 6798 1259 6767 2472 6767 2472 6765 2473 6797 635 6765 2473 6767 2472 6742 2474 6742 2474 6741 2475 6765 2473 6741 2475 6742 2474 6708 2476 6708 2476 6707 2477 6741 2475 6707 2477 6708 2476 6696 2478 6696 2478 6694 2479 6707 2477 6694 2479 6696 2478 6669 2480 6669 2480 6666 2481 6694 2479 6666 2481 6669 2480 6651 2482 6651 2482 6649 2483 6666 2481 6649 2483 6651 2482 6642 2484 6642 2484 6641 2485 6649 2483 6641 2485 6642 2484 6646 2486 6646 2486 6644 2487 6641 2485 6644 2487 6646 2486 6665 2488 6665 2488 6663 2489 6644 2487 6663 2489 6665 2488 6693 2490 6693 2490 6691 2491 6663 2489 6691 2491 6693 2490 6704 2492 6704 2492 6703 2493 6691 2491 6703 2493 6704 2492 6739 2494 6739 2494 6736 2495 6703 2493 6736 2495 6739 2494 6763 2496 6763 2496 6760 2497 6736 2495 6760 2497 6763 2496 6794 2498 6794 2498 6792 1288 6760 2497 6792 1288 6794 2498 6823 1289 6823 1289 6820 1290 6792 1288 6820 1290 6823 1289 6842 1291 6842 1291 6841 2499 6820 1290 6841 2499 6842 1291 6876 668 6876 668 6875 2500 6841 2499 6875 2500 6876 668 6913 2501 6913 2501 6910 2502 6875 2500 6910 2502 6913 2501 6939 2426 6939 2426 6936 2425 6910 2502 6973 0 6990 0 6926 0 6926 0 6928 0 6973 0 7023 0 7054 0 6990 0 6990 0 6973 0 7023 0 7075 0 7110 0 7054 0 7054 0 7023 0 7075 0 7124 0 7164 0 7110 0 7110 0 7075 0 7124 0 7184 0 7208 0 7164 0 7164 0 7124 0 7184 0 7220 0 7314 0 7208 0 7208 0 7184 0 7220 0 7274 0 7342 0 7314 0 7314 0 7220 0 7274 0 7318 0 7398 0 7342 0 7342 0 7274 0 7318 0 7355 0 7442 0 7398 0 7398 0 7318 0 7355 0 7375 0 7454 0 7442 0 7442 0 7355 0 7375 0 7406 0 7476 0 7454 0 7454 0 7375 0 7406 0 7422 0 7488 0 7476 0 7476 0 7406 0 7422 0 7415 0 7478 0 7488 0 7488 0 7422 0 7415 0 7382 2503 7456 2503 7478 2503 7478 2504 7415 2504 7382 2504 7363 0 7444 0 7456 0 7456 0 7382 0 7363 0 7327 0 7400 0 7444 0 7444 0 7363 0 7327 0 7282 0 7344 0 7400 0 7400 0 7327 0 7282 0 7228 0 7316 0 7344 0 7344 0 7282 0 7228 0 7192 0 7210 0 7316 0 7316 0 7228 0 7192 0 7133 0 7166 0 7210 0 7210 0 7192 0 7133 0 7083 0 7112 0 7166 0 7166 0 7133 0 7083 0 7030 0 7056 0 7112 0 7112 0 7083 0 7030 0 6980 0 6992 0 7056 0 7056 0 7030 0 6980 0 6945 0 6952 0 6992 0 6992 0 6980 0 6945 0 6897 0 6884 0 6952 0 6952 0 6945 0 6897 0 6865 0 6838 0 6884 0 6884 0 6897 0 6865 0 6812 0 6802 0 6838 0 6838 0 6865 0 6812 0 6776 0 6754 0 6802 0 6802 0 6812 0 6776 0 6728 0 6700 0 6754 0 6754 0 6776 0 6728 0 6679 0 6600 0 6700 0 6700 0 6728 0 6679 0 6632 0 6564 0 6600 0 6600 0 6679 0 6632 0 6583 0 6512 0 6564 0 6564 0 6632 0 6583 0 6547 0 6474 0 6512 0 6512 0 6583 0 6547 0 6531 0 6460 0 6474 0 6474 0 6547 0 6531 0 6502 0 6448 0 6460 0 6460 0 6531 0 6502 0 6486 0 6437 0 6448 0 6448 0 6502 0 6486 0 6495 0 6446 0 6437 0 6437 0 6486 0 6495 0 6522 2505 6458 2505 6446 2505 6446 2506 6495 2506 6522 2506 6539 0 6472 0 6458 0 6458 0 6522 0 6539 0 6574 0 6510 0 6472 0 6472 0 6539 0 6574 0 6624 0 6562 0 6510 0 6510 0 6574 0 6624 0 6670 0 6598 0 6562 0 6562 0 6624 0 6670 0 6720 0 6698 0 6598 0 6598 0 6670 0 6720 0 6768 0 6752 0 6698 0 6698 0 6720 0 6768 0 6805 0 6800 0 6752 0 6752 0 6768 0 6805 0 6856 0 6836 0 6800 0 6800 0 6805 0 6856 0 6888 0 6882 0 6836 0 6836 0 6856 0 6888 0 6928 0 6926 0 6882 0 6882 0 6888 0 6928 0 6895 7 6883 7 6927 7 6927 7 6934 7 6895 7 6862 7 6837 7 6883 7 6883 7 6895 7 6862 7 6811 7 6801 7 6837 7 6837 7 6862 7 6811 7 6774 7 6753 7 6801 7 6801 7 6811 7 6774 7 6726 7 6699 7 6753 7 6753 7 6774 7 6726 7 6676 7 6599 7 6699 7 6699 7 6726 7 6676 7 6631 7 6563 7 6599 7 6599 7 6676 7 6631 7 6581 7 6511 7 6563 7 6563 7 6631 7 6581 7 6544 7 6473 7 6511 7 6511 7 6581 7 6544 7 6529 7 6459 7 6473 7 6473 7 6544 7 6529 7 6501 7 6447 7 6459 7 6459 7 6529 7 6501 7 6493 7 6438 7 6447 7 6447 7 6501 7 6493 7 6509 7 6449 7 6438 7 6438 7 6493 7 6509 7 6537 2507 6461 2507 6449 2507 6449 2508 6509 2508 6537 2508 6552 7 6475 7 6461 7 6461 7 6537 7 6552 7 6588 7 6513 7 6475 7 6475 7 6552 7 6588 7 6639 7 6565 7 6513 7 6513 7 6588 7 6639 7 6684 7 6601 7 6565 7 6565 7 6639 7 6684 7 6735 7 6701 7 6601 7 6601 7 6684 7 6735 7 6782 7 6755 7 6701 7 6701 7 6735 7 6782 7 6819 7 6803 7 6755 7 6755 7 6782 7 6819 7 6871 7 6839 7 6803 7 6803 7 6819 7 6871 7 6902 7 6885 7 6839 7 6839 7 6871 7 6902 7 6951 7 6953 7 6885 7 6885 7 6902 7 6951 7 6986 7 6993 7 6953 7 6953 7 6951 7 6986 7 7037 7 7057 7 6993 7 6993 7 6986 7 7037 7 7088 7 7113 7 7057 7 7057 7 7037 7 7088 7 7138 7 7167 7 7113 7 7113 7 7088 7 7138 7 7199 7 7211 7 7167 7 7167 7 7138 7 7199 7 7234 7 7317 7 7211 7 7211 7 7199 7 7234 7 7288 7 7345 7 7317 7 7317 7 7234 7 7288 7 7332 7 7401 7 7345 7 7345 7 7288 7 7332 7 7368 7 7445 7 7401 7 7401 7 7332 7 7368 7 7389 7 7457 7 7445 7 7445 7 7368 7 7389 7 7420 7 7479 7 7457 7 7457 7 7389 7 7420 7 7429 7 7489 7 7479 7 7479 7 7420 7 7429 7 7413 7 7477 7 7489 7 7489 7 7429 7 7413 7 7380 2509 7455 2509 7477 2509 7477 2510 7413 2510 7380 2510 7361 7 7443 7 7455 7 7455 7 7380 7 7361 7 7325 7 7399 7 7443 7 7443 7 7361 7 7325 7 7280 7 7343 7 7399 7 7399 7 7325 7 7280 7 7226 7 7315 7 7343 7 7343 7 7280 7 7226 7 7191 7 7209 7 7315 7 7315 7 7226 7 7191 7 7130 7 7165 7 7209 7 7209 7 7191 7 7130 7 7080 7 7111 7 7165 7 7165 7 7130 7 7080 7 7029 7 7055 7 7111 7 7111 7 7080 7 7029 7 6978 7 6991 7 7055 7 7055 7 7029 7 6978 7 6934 7 6927 7 6991 7 6991 7 6978 7 6934 7 7625 2511 7666 2512 7662 2513 7662 2513 7624 2514 7625 2511 7581 2515 7625 2511 7624 2514 7624 2514 7580 2516 7581 2515 7544 2517 7581 2515 7580 2516 7580 2516 7542 2518 7544 2517 7529 2519 7544 2517 7542 2518 7542 2518 7528 2520 7529 2519 7517 2521 7529 2519 7528 2520 7528 2520 7516 2522 7517 2521 7503 2523 7517 2521 7516 2522 7516 2522 7502 2524 7503 2523 7513 2525 7503 2523 7502 2524 7502 2524 7512 2526 7513 2525 7525 2527 7513 2525 7512 2526 7512 2526 7524 2528 7525 2527 7537 2529 7525 2527 7524 2528 7524 2528 7536 2530 7537 2529 7577 2531 7537 2529 7536 2530 7536 2530 7576 2532 7577 2531 7621 2533 7577 2531 7576 2532 7576 2532 7620 2534 7621 2533 7654 2535 7621 2533 7620 2534 7620 2534 7650 1703 7654 2535 7302 1700 7305 1701 7339 2536 7339 2536 7338 2537 7302 1700 7338 2537 7339 2536 7395 2538 7395 2538 7394 2539 7338 2537 7394 2539 7395 2538 7438 2540 7438 2540 7436 2541 7394 2539 7436 2541 7438 2540 7451 2542 7451 2542 7450 2543 7436 2541 7450 2543 7451 2542 7469 2544 7469 2544 7468 2545 7450 2543 7468 2545 7469 2544 7481 2546 7481 2546 7480 2547 7468 2545 7480 2547 7481 2546 7465 2548 7465 2548 7464 2549 7480 2547 7464 2549 7465 2548 7447 2550 7447 2550 7446 2551 7464 2549 7446 2551 7447 2550 7431 2552 7431 2552 7430 2553 7446 2551 7430 2553 7431 2552 7391 2554 7391 2554 7390 2555 7430 2553 7390 2555 7391 2554 7335 2556 7335 2556 7334 2557 7390 2555 7334 2557 7335 2556 7294 1678 7294 1678 7292 1677 7334 2557 7543 0 7437 0 7306 0 7306 0 7667 0 7543 0 7504 0 7482 0 7437 0 7437 0 7543 0 7504 0 7538 0 7432 0 7482 0 7482 0 7504 0 7538 0 7655 0 7293 0 7432 0 7432 0 7538 0 7655 0 7664 22 7665 22 7307 22 7307 22 7304 22 7664 22 7295 20 7653 20 7652 20 7652 20 7291 20 7295 20 7500 0 7663 0 7303 0 7303 0 7490 0 7500 0 7500 0 7946 0 7890 0 7500 0 7890 0 7852 0 7500 0 7852 0 7820 0 7500 0 7820 0 7784 0 7500 2558 7784 2558 7740 2558 7500 2559 7740 2559 7648 2559 6992 0 6952 0 7490 0 7056 0 6992 0 7490 0 7112 0 7056 0 7490 0 7166 0 7112 0 7490 0 7210 2560 7166 2560 7490 2560 7316 2561 7210 2561 7490 2561 7486 0 7290 0 7651 0 7651 0 7496 0 7486 0 7486 0 6926 0 6990 0 7486 0 6990 0 7054 0 7486 0 7054 0 7110 0 7486 0 7110 0 7164 0 7486 2562 7164 2562 7208 2562 7486 2561 7208 2561 7314 2561 7888 0 7920 0 7496 0 7850 0 7888 0 7496 0 7818 0 7850 0 7496 0 7782 0 7818 0 7496 0 7738 2563 7782 2563 7496 2563 7646 2564 7738 2564 7496 2564 7622 2534 7656 1703 7660 2535 7660 2535 7623 2533 7622 2534 7578 2532 7622 2534 7623 2533 7623 2533 7579 2565 7578 2532 7539 2530 7578 2532 7579 2565 7579 2565 7541 2529 7539 2530 7526 2528 7539 2530 7541 2529 7541 2529 7527 2527 7526 2528 7514 2566 7526 2528 7527 2527 7527 2527 7515 2567 7514 2566 7505 2524 7514 2566 7515 2567 7515 2567 7507 2523 7505 2524 7518 2568 7505 2524 7507 2523 7507 2523 7519 2569 7518 2568 7530 2520 7518 2568 7519 2569 7519 2569 7531 2519 7530 2520 7545 2518 7530 2520 7531 2519 7531 2519 7547 2517 7545 2518 7582 2570 7545 2518 7547 2517 7547 2517 7583 2515 7582 2570 7626 2514 7582 2570 7583 2515 7583 2515 7627 2511 7626 2514 7668 2513 7626 2514 7627 2511 7627 2511 7671 2512 7668 2513 7301 1678 7297 1677 7336 2557 7336 2557 7337 2556 7301 1678 7337 2556 7336 2557 7392 2555 7392 2555 7393 2554 7337 2556 7393 2554 7392 2555 7434 2571 7434 2571 7435 2552 7393 2554 7435 2552 7434 2571 7448 2572 7448 2572 7449 2550 7435 2552 7449 2550 7448 2572 7466 2549 7466 2549 7467 2548 7449 2550 7467 2548 7466 2549 7483 2547 7483 2547 7485 2546 7467 2548 7485 2546 7483 2547 7470 2545 7470 2545 7471 2544 7485 2546 7471 2544 7470 2545 7452 2543 7452 2543 7453 2573 7471 2544 7453 2573 7452 2543 7439 2541 7439 2541 7441 2574 7453 2573 7441 2574 7439 2541 7396 2539 7396 2539 7397 2538 7441 2574 7397 2538 7396 2539 7340 2537 7340 2537 7341 2536 7397 2538 7341 2536 7340 2537 7309 1700 7309 1700 7311 1701 7341 2536 7540 7 7433 7 7298 7 7298 7 7658 7 7540 7 7506 7 7484 7 7433 7 7433 7 7540 7 7506 7 7546 7 7440 7 7484 7 7484 7 7506 7 7546 7 7670 7 7308 7 7440 7 7440 7 7546 7 7670 7 7659 20 7657 20 7296 20 7296 20 7300 20 7659 20 7310 22 7669 22 7673 22 7673 22 7313 22 7310 22 7497 7 7661 7 7299 7 7299 7 7487 7 7497 7 7497 7 7921 7 7889 7 7497 7 7889 7 7851 7 7497 7 7851 7 7819 7 7497 7 7819 7 7783 7 7497 2575 7783 2575 7739 2575 7497 2576 7739 2576 7647 2576 6991 7 6927 7 7487 7 7055 7 6991 7 7487 7 7111 7 7055 7 7487 7 7165 7 7111 7 7487 7 7209 2577 7165 2577 7487 2577 7315 2578 7209 2578 7487 2578 7491 7 7312 7 7672 7 7672 7 7501 7 7491 7 7491 7 6953 7 6993 7 7491 7 6993 7 7057 7 7491 7 7057 7 7113 7 7491 7 7113 7 7167 7 7491 2579 7167 2579 7211 2579 7491 2578 7211 2578 7317 2578 7891 7 7947 7 7501 7 7853 7 7891 7 7501 7 7821 7 7853 7 7501 7 7785 7 7821 7 7501 7 7741 2580 7785 2580 7501 2580 7649 2581 7741 2581 7501 2581 7934 2582 7937 2583 7915 2584 7915 2584 7913 2585 7934 2582 7913 2585 7915 2584 7885 2586 7885 2586 7882 2587 7913 2585 7882 2587 7885 2586 7861 1478 7861 1478 7859 1479 7882 2587 7859 1479 7861 1478 7848 2588 7848 2588 7847 2589 7859 1479 7847 2589 7848 2588 7816 2590 7816 2590 7815 2591 7847 2589 7815 2591 7816 2590 7792 2592 7792 2592 7790 2039 7815 2591 7790 2039 7792 2592 7781 2593 7781 2593 7778 2594 7790 2039 7778 2594 7781 2593 7748 2595 7748 2595 7746 2596 7778 2594 7746 2596 7748 2595 7737 2597 7737 2597 7735 2598 7746 2596 7735 2598 7737 2597 7713 2599 7713 2599 7710 2600 7735 2598 7710 2600 7713 2599 7704 2601 7704 2601 7702 2602 7710 2600 7702 2602 7704 2601 7697 2603 7697 2603 7695 2604 7702 2602 7695 2604 7697 2603 7701 2605 7701 2605 7699 2606 7695 2604 7699 2606 7701 2605 7709 2607 7709 2607 7707 2608 7699 2606 7707 2608 7709 2607 7733 2609 7733 2609 7731 2610 7707 2608 7731 2610 7733 2609 7744 2611 7744 2611 7742 2612 7731 2610 7742 2612 7744 2611 7777 2613 7777 2613 7775 2614 7742 2612 7775 2614 7777 2613 7789 764 7789 764 7787 2615 7775 2614 7787 2615 7789 764 7813 2616 7813 2616 7810 2617 7787 2615 7810 2617 7813 2616 7844 2618 7844 2618 7843 2619 7810 2617 7843 2619 7844 2618 7856 1512 7856 1512 7855 1513 7843 2619 7855 1513 7856 1512 7881 2620 7881 2620 7879 2621 7855 1513 7879 2621 7881 2620 7910 2622 7910 2622 7908 2623 7879 2621 7908 2623 7910 2622 7932 2624 7932 2624 7931 2625 7908 2623 7931 2625 7932 2624 7951 2626 7951 2626 7948 2627 7931 2625 7948 2627 7951 2626 7987 2429 7987 2429 7984 2430 7948 2627 7984 2430 7987 2429 8011 1433 8011 1433 8009 1434 7984 2430 8009 1434 8011 1433 8027 2628 8027 2628 8025 2629 8009 1434 8025 2629 8027 2628 8056 2630 8056 2630 8055 2631 8025 2629 8055 2631 8056 2630 8081 2632 8081 2632 8079 2633 8055 2631 8079 2633 8081 2632 8096 2634 8096 2634 8095 2635 8079 2633 8095 2635 8096 2634 8121 2636 8121 2636 8119 2637 8095 2635 8119 2637 8121 2636 8132 2638 8132 2638 8131 2639 8119 2637 8131 2639 8132 2638 8157 2441 8157 2441 8154 2640 8131 2639 8154 2640 8157 2441 8172 2641 8172 2641 8171 2642 8154 2640 8171 2642 8172 2641 8180 2643 8180 2643 8179 2644 8171 2642 8179 2644 8180 2643 8177 2645 8177 2645 8175 2646 8179 2644 8175 2646 8177 2645 8160 2647 8160 2647 8159 2450 8175 2646 8159 2450 8160 2647 8137 2648 8137 2648 8135 2649 8159 2450 8135 2649 8137 2648 8124 2650 8124 2650 8123 2651 8135 2649 8123 2651 8124 2650 8100 2652 8100 2652 8098 2653 8123 2651 8098 2653 8100 2652 8084 2654 8084 2654 8083 2655 8098 2653 8083 2655 8084 2654 8061 2656 8061 2656 8058 2657 8083 2655 8058 2657 8061 2656 8030 2658 8030 2658 8029 2659 8058 2657 8029 2659 8030 2658 8014 1468 8014 1468 8012 1469 8029 2659 8012 1469 8014 1468 7991 2461 7991 2461 7988 2462 8012 1469 7988 2462 7991 2461 7954 2660 7954 2660 7953 2661 7988 2462 7953 2661 7954 2660 7937 2583 7937 2583 7934 2582 7953 2661 7935 0 7912 0 7903 0 7903 0 7941 0 7935 0 7912 0 7883 0 7872 0 7872 0 7903 0 7912 0 7883 0 7858 0 7833 0 7833 0 7872 0 7883 0 7858 0 7846 0 7805 0 7805 0 7833 0 7858 0 7846 0 7814 0 7761 0 7761 0 7805 0 7846 0 7814 0 7791 0 7724 0 7724 0 7761 0 7814 0 7791 0 7779 0 7685 0 7685 0 7724 0 7791 0 7779 0 7747 0 7639 0 7639 0 7685 0 7779 0 7747 0 7734 0 7611 0 7611 0 7639 0 7747 0 7734 0 7711 0 7595 0 7595 0 7611 0 7734 0 7711 0 7703 0 7567 0 7567 0 7595 0 7711 0 7703 0 7694 0 7551 0 7551 0 7567 0 7703 0 7694 0 7698 0 7559 0 7559 0 7551 0 7694 0 7698 2662 7706 2662 7586 2662 7586 2663 7559 2663 7698 2663 7706 0 7730 0 7603 0 7603 0 7586 0 7706 0 7730 0 7743 0 7630 0 7630 0 7603 0 7730 0 7743 0 7774 0 7677 0 7677 0 7630 0 7743 0 7774 0 7786 0 7717 0 7717 0 7677 0 7774 0 7786 0 7811 0 7752 0 7752 0 7717 0 7786 0 7811 0 7842 0 7796 0 7796 0 7752 0 7811 0 7842 0 7854 0 7825 0 7825 0 7796 0 7842 0 7854 0 7878 0 7865 0 7865 0 7825 0 7854 0 7878 0 7909 0 7895 0 7895 0 7865 0 7878 0 7909 0 7930 0 7925 0 7925 0 7895 0 7909 0 7930 0 7949 0 7966 0 7966 0 7925 0 7930 0 7949 0 7985 0 7994 0 7994 0 7966 0 7949 0 7985 0 8008 0 8034 0 8034 0 7994 0 7985 0 8008 0 8024 0 8065 0 8065 0 8034 0 8008 0 8024 0 8054 0 8105 0 8105 0 8065 0 8024 0 8054 0 8078 0 8141 0 8141 0 8105 0 8054 0 8078 0 8094 0 8185 0 8185 0 8141 0 8078 0 8094 0 8118 0 8224 0 8224 0 8185 0 8094 0 8118 0 8130 0 8253 0 8253 0 8224 0 8118 0 8130 0 8155 0 8271 0 8271 0 8253 0 8130 0 8155 0 8170 0 8298 0 8298 0 8271 0 8155 0 8170 0 8178 0 8315 0 8315 0 8298 0 8170 0 8178 0 8174 0 8306 0 8306 0 8315 0 8178 0 8174 2255 8158 2255 8279 2255 8279 1053 8306 1053 8174 1053 8158 0 8134 0 8261 0 8261 0 8279 0 8158 0 8134 0 8122 0 8232 0 8232 0 8261 0 8134 0 8122 0 8099 0 8193 0 8193 0 8232 0 8122 0 8099 0 8082 0 8149 0 8149 0 8193 0 8099 0 8082 0 8059 0 8112 0 8112 0 8149 0 8082 0 8059 0 8028 0 8072 0 8072 0 8112 0 8059 0 8028 0 8013 0 8042 0 8042 0 8072 0 8028 0 8013 0 7989 0 8003 0 8003 0 8042 0 8013 0 7989 0 7952 0 7974 0 7974 0 8003 0 7989 0 7952 0 7935 0 7941 0 7941 0 7974 0 7952 0 7938 2664 7940 2665 7902 2666 7902 2666 7901 1842 7938 2664 7901 1842 7902 2666 7873 2667 7873 2667 7870 1840 7901 1842 7870 1840 7873 2667 7832 1567 7832 1567 7831 1568 7870 1840 7831 1568 7832 1567 7804 1062 7804 1062 7802 1063 7831 1568 7802 1063 7804 1062 7760 1064 7760 1064 7758 1065 7802 1063 7758 1065 7760 1064 7725 1066 7725 1066 7722 2668 7758 1065 7722 2668 7725 1066 7684 2669 7684 2669 7682 2670 7722 2668 7682 2670 7684 2669 7638 2671 7638 2671 7636 2672 7682 2670 7636 2672 7638 2671 7610 2673 7610 2673 7609 2674 7636 2672 7609 2674 7610 2673 7594 2308 7594 2308 7593 2675 7609 2674 7593 2675 7594 2308 7566 2676 7566 2676 7565 2677 7593 2675 7565 2677 7566 2676 7550 2678 7550 2678 7548 2679 7565 2677 7548 2679 7550 2678 7558 2680 7558 2680 7556 2681 7548 2679 7556 2681 7558 2680 7587 2682 7587 2682 7585 2683 7556 2681 7585 2683 7587 2682 7602 2684 7602 2684 7601 2685 7585 2683 7601 2685 7602 2684 7631 2686 7631 2686 7629 2687 7601 2685 7629 2687 7631 2686 7676 2688 7676 2688 7674 2689 7629 2687 7674 2689 7676 2688 7716 2690 7716 2690 7715 1090 7674 2689 7715 1090 7716 2690 7753 1091 7753 1091 7751 1092 7715 1090 7751 1092 7753 1091 7797 1093 7797 1093 7795 1094 7751 1092 7795 1094 7797 1093 7824 1585 7824 1585 7822 1586 7795 1094 7822 1586 7824 1585 7864 476 7864 476 7862 2691 7822 1586 7862 2691 7864 476 7894 478 7894 478 7893 2692 7862 2691 7893 2692 7894 478 7924 2693 7924 2693 7922 2694 7893 2692 7922 2694 7924 2693 7967 2695 7967 2695 7964 2134 7922 2694 7964 2134 7967 2695 7995 2696 7995 2696 7993 2697 7964 2134 7993 2697 7995 2696 8035 1523 8035 1523 8032 1524 7993 2697 8032 1524 8035 1523 8064 1109 8064 1109 8062 1525 8032 1524 8062 1525 8064 1109 8104 1526 8104 1526 8102 1527 8062 1525 8102 1527 8104 1526 8140 1528 8140 1528 8138 2264 8102 1527 8138 2264 8140 1528 8184 2265 8184 2265 8183 2266 8138 2264 8183 2266 8184 2265 8225 2267 8225 2267 8222 2698 8183 2266 8222 2698 8225 2267 8252 2699 8252 2699 8251 2700 8222 2698 8251 2700 8252 2699 8270 2701 8270 2701 8268 2702 8251 2700 8268 2702 8270 2701 8299 2703 8299 2703 8296 2704 8268 2702 8296 2704 8299 2703 8314 2705 8314 2705 8313 2706 8296 2704 8313 2706 8314 2705 8307 2707 8307 2707 8305 2708 8313 2706 8305 2708 8307 2707 8278 2709 8278 2709 8276 2710 8305 2708 8276 2710 8278 2709 8260 2711 8260 2711 8258 2712 8276 2710 8258 2712 8260 2711 8233 2713 8233 2713 8230 2283 8258 2712 8230 2283 8233 2713 8192 2284 8192 2284 8191 2285 8230 2283 8191 2285 8192 2284 8148 2286 8148 2286 8147 1552 8191 2285 8147 1552 8148 2286 8113 1553 8113 1553 8111 1554 8147 1552 8111 1554 8113 1553 8073 1555 8073 1555 8071 1142 8111 1554 8071 1142 8073 1555 8043 1556 8043 1556 8041 1557 8071 1142 8041 1557 8043 1556 8002 2714 8002 2714 8001 2715 8041 1557 8001 2715 8002 2714 7975 876 7975 876 7972 2716 8001 2715 7972 2716 7975 876 7940 2665 7940 2665 7938 2664 7972 2716 7933 7 7911 7 7896 7 7896 7 7926 7 7933 7 7911 7 7880 7 7867 7 7867 7 7896 7 7911 7 7880 7 7857 7 7826 7 7826 7 7867 7 7880 7 7857 7 7845 7 7798 7 7798 7 7826 7 7857 7 7845 7 7812 7 7754 7 7754 7 7798 7 7845 7 7812 7 7788 7 7719 7 7719 7 7754 7 7812 7 7788 7 7776 7 7678 7 7678 7 7719 7 7788 7 7776 7 7745 7 7633 7 7633 7 7678 7 7776 7 7745 7 7732 7 7605 7 7605 7 7633 7 7745 7 7732 7 7708 7 7589 7 7589 7 7605 7 7732 7 7708 7 7700 7 7561 7 7561 7 7589 7 7708 7 7700 7 7696 7 7553 7 7553 7 7561 7 7700 7 7696 7 7705 7 7568 7 7568 7 7553 7 7696 7 7705 2717 7712 2717 7597 2717 7597 2718 7568 2718 7705 2718 7712 7 7736 7 7613 7 7613 7 7597 7 7712 7 7736 7 7749 7 7641 7 7641 7 7613 7 7736 7 7749 7 7780 7 7686 7 7686 7 7641 7 7749 7 7780 7 7793 7 7727 7 7727 7 7686 7 7780 7 7793 7 7817 7 7763 7 7763 7 7727 7 7793 7 7817 7 7849 7 7806 7 7806 7 7763 7 7817 7 7849 7 7860 7 7834 7 7834 7 7806 7 7849 7 7860 7 7884 7 7875 7 7875 7 7834 7 7860 7 7884 7 7914 7 7904 7 7904 7 7875 7 7884 7 7914 7 7936 7 7942 7 7942 7 7904 7 7914 7 7936 7 7955 7 7976 7 7976 7 7942 7 7936 7 7955 7 7990 7 8005 7 8005 7 7976 7 7955 7 7990 7 8015 7 8044 7 8044 7 8005 7 7990 7 8015 7 8031 7 8074 7 8074 7 8044 7 8015 7 8031 7 8060 7 8115 7 8115 7 8074 7 8031 7 8060 7 8085 7 8150 7 8150 7 8115 7 8060 7 8085 7 8101 7 8195 7 8195 7 8150 7 8085 7 8101 7 8125 7 8235 7 8235 7 8195 7 8101 7 8125 7 8136 7 8262 7 8262 7 8235 7 8125 7 8136 7 8161 7 8280 7 8280 7 8262 7 8136 7 8161 7 8176 7 8309 7 8309 7 8280 7 8161 7 8176 7 8181 7 8316 7 8316 7 8309 7 8176 7 8181 7 8173 7 8301 7 8301 7 8316 7 8181 7 8173 2333 8156 2333 8272 2333 8272 2719 8301 2719 8173 2719 8156 7 8133 7 8254 7 8254 7 8272 7 8156 7 8133 7 8120 7 8227 7 8227 7 8254 7 8133 7 8120 7 8097 7 8187 7 8187 7 8227 7 8120 7 8097 7 8080 7 8142 7 8142 7 8187 7 8097 7 8080 7 8057 7 8107 7 8107 7 8142 7 8080 7 8057 7 8026 7 8066 7 8066 7 8107 7 8057 7 8026 7 8010 7 8036 7 8036 7 8066 7 8026 7 8010 7 7986 7 7996 7 7996 7 8036 7 8010 7 7986 7 7950 7 7968 7 7968 7 7996 7 7986 7 7950 7 7933 7 7926 7 7926 7 7968 7 7950 7 7928 2693 7927 2694 7897 2692 7897 2692 7898 478 7928 2693 7898 478 7897 2692 7866 2691 7866 2691 7869 476 7898 478 7869 476 7866 2691 7827 1586 7827 1586 7828 1585 7869 476 7828 1585 7827 1586 7799 1094 7799 1094 7800 1093 7828 1585 7800 1093 7799 1094 7755 1092 7755 1092 7757 1091 7800 1093 7757 1091 7755 1092 7718 1090 7718 1090 7720 2690 7757 1091 7720 2690 7718 1090 7679 2689 7679 2689 7680 2688 7720 2690 7680 2688 7679 2689 7632 2687 7632 2687 7635 2686 7680 2688 7635 2686 7632 2687 7604 2720 7604 2720 7607 2721 7635 2686 7607 2721 7604 2720 7588 2722 7588 2722 7591 2723 7607 2721 7591 2723 7588 2722 7560 2724 7560 2724 7563 2725 7591 2723 7563 2725 7560 2724 7552 2726 7552 2726 7555 2727 7563 2725 7555 2727 7552 2726 7569 2728 7569 2728 7570 2729 7555 2727 7570 2729 7569 2728 7596 2730 7596 2730 7599 2731 7570 2729 7599 2731 7596 2730 7612 2732 7612 2732 7614 2733 7599 2731 7614 2733 7612 2732 7640 2672 7640 2672 7643 2671 7614 2733 7643 2671 7640 2672 7687 2670 7687 2670 7689 2669 7643 2671 7689 2669 7687 2670 7726 2668 7726 2668 7728 1066 7689 2669 7728 1066 7726 2668 7762 1065 7762 1065 7764 1064 7728 1066 7764 1064 7762 1065 7807 1063 7807 1063 7808 1062 7764 1064 7808 1062 7807 1063 7835 1568 7835 1568 7837 1567 7808 1062 7837 1567 7835 1568 7874 1840 7874 1840 7877 2667 7837 1567 7877 2667 7874 1840 7905 1842 7905 1842 7906 2666 7877 2667 7906 2666 7905 1842 7943 2664 7943 2664 7944 2665 7906 2666 7944 2665 7943 2664 7977 2716 7977 2716 7979 876 7944 2665 7979 876 7977 2716 8004 2715 8004 2715 8006 2714 7979 876 8006 2714 8004 2715 8045 1557 8045 1557 8047 1556 8006 2714 8047 1556 8045 1557 8075 1142 8075 1142 8076 1555 8047 1556 8076 1555 8075 1142 8114 1554 8114 1554 8116 1553 8076 1555 8116 1553 8114 1554 8151 1552 8151 1552 8153 2286 8116 1553 8153 2286 8151 1552 8194 2285 8194 2285 8197 2284 8153 2286 8197 2284 8194 2285 8234 2283 8234 2283 8237 2713 8197 2284 8237 2713 8234 2283 8263 2734 8263 2734 8264 2735 8237 2713 8264 2735 8263 2734 8281 2736 8281 2736 8283 2737 8264 2735 8283 2737 8281 2736 8308 2738 8308 2738 8311 2739 8283 2737 8311 2739 8308 2738 8317 2740 8317 2740 8318 2741 8311 2739 8318 2741 8317 2740 8300 2742 8300 2742 8302 2743 8318 2741 8302 2743 8300 2742 8273 2744 8273 2744 8275 2745 8302 2743 8275 2745 8273 2744 8255 2746 8255 2746 8257 2747 8275 2745 8257 2747 8255 2746 8226 2698 8226 2698 8229 2267 8257 2747 8229 2267 8226 2698 8186 2266 8186 2266 8189 2265 8229 2267 8189 2265 8186 2266 8143 2264 8143 2264 8144 1528 8189 2265 8144 1528 8143 2264 8106 1527 8106 1527 8109 1526 8144 1528 8109 1526 8106 1527 8067 1525 8067 1525 8068 1109 8109 1526 8068 1109 8067 1525 8037 1524 8037 1524 8039 1523 8068 1109 8039 1523 8037 1524 7997 2697 7997 2697 7998 2696 8039 1523 7998 2696 7997 2697 7969 2134 7969 2134 7970 2695 7998 2696 7970 2695 7969 2134 7927 2694 7927 2694 7928 2693 7970 2695 7900 0 7890 0 7946 0 7946 0 7939 0 7900 0 7871 0 7852 0 7890 0 7890 0 7900 0 7871 0 7830 0 7820 0 7852 0 7852 0 7871 0 7830 0 7803 0 7784 0 7820 0 7820 0 7830 0 7803 0 7759 0 7740 0 7784 0 7784 0 7803 0 7759 0 7723 0 7648 0 7740 0 7740 0 7759 0 7723 0 7683 0 7618 0 7648 0 7648 0 7723 0 7683 0 7637 0 7574 0 7618 0 7618 0 7683 0 7637 0 7608 0 7534 0 7574 0 7574 0 7637 0 7608 0 7592 0 7522 0 7534 0 7534 0 7608 0 7592 0 7564 0 7510 0 7522 0 7522 0 7592 0 7564 0 7549 0 7498 0 7510 0 7510 0 7564 0 7549 0 7557 0 7508 0 7498 0 7498 0 7549 0 7557 0 7584 2748 7520 2748 7508 2748 7508 2749 7557 2749 7584 2749 7600 0 7532 0 7520 0 7520 0 7584 0 7600 0 7628 0 7572 0 7532 0 7532 0 7600 0 7628 0 7675 0 7616 0 7572 0 7572 0 7628 0 7675 0 7714 0 7646 0 7616 0 7616 0 7675 0 7714 0 7750 0 7738 0 7646 0 7646 0 7714 0 7750 0 7794 0 7782 0 7738 0 7738 0 7750 0 7794 0 7823 0 7818 0 7782 0 7782 0 7794 0 7823 0 7863 0 7850 0 7818 0 7818 0 7823 0 7863 0 7892 0 7888 0 7850 0 7850 0 7863 0 7892 0 7923 0 7920 0 7888 0 7888 0 7892 0 7923 0 7965 0 7980 0 7920 0 7920 0 7923 0 7965 0 7992 0 8016 0 7980 0 7980 0 7965 0 7992 0 8033 0 8048 0 8016 0 8016 0 7992 0 8033 0 8063 0 8090 0 8048 0 8048 0 8033 0 8063 0 8103 0 8126 0 8090 0 8090 0 8063 0 8103 0 8139 0 8198 0 8126 0 8126 0 8103 0 8139 0 8182 0 8238 0 8198 0 8198 0 8139 0 8182 0 8223 0 8285 0 8238 0 8238 0 8182 0 8223 0 8250 0 8325 0 8285 0 8285 0 8223 0 8250 0 8269 0 8341 0 8325 0 8325 0 8250 0 8269 0 8297 0 8352 0 8341 0 8341 0 8269 0 8297 0 8312 0 8367 0 8352 0 8352 0 8297 0 8312 0 8304 0 8358 0 8367 0 8367 0 8312 0 8304 0 8277 2503 8347 2503 8358 2503 8358 2750 8304 2750 8277 2750 8259 0 8331 0 8347 0 8347 0 8277 0 8259 0 8231 0 8290 0 8331 0 8331 0 8259 0 8231 0 8190 0 8245 0 8290 0 8290 0 8231 0 8190 0 8146 0 8210 0 8245 0 8245 0 8190 0 8146 0 8110 0 8128 0 8210 0 8210 0 8146 0 8110 0 8070 0 8092 0 8128 0 8128 0 8110 0 8070 0 8040 0 8050 0 8092 0 8092 0 8070 0 8040 0 8000 0 8018 0 8050 0 8050 0 8040 0 8000 0 7973 0 7982 0 8018 0 8018 0 8000 0 7973 0 7939 0 7946 0 7982 0 7982 0 7973 0 7939 0 7899 7 7889 7 7921 7 7921 7 7929 7 7899 7 7868 7 7851 7 7889 7 7889 7 7899 7 7868 7 7829 7 7819 7 7851 7 7851 7 7868 7 7829 7 7801 7 7783 7 7819 7 7819 7 7829 7 7801 7 7756 7 7739 7 7783 7 7783 7 7801 7 7756 7 7721 7 7647 7 7739 7 7739 7 7756 7 7721 7 7681 7 7617 7 7647 7 7647 7 7721 7 7681 7 7634 7 7573 7 7617 7 7617 7 7681 7 7634 7 7606 7 7533 7 7573 7 7573 7 7634 7 7606 7 7590 7 7521 7 7533 7 7533 7 7606 7 7590 7 7562 7 7509 7 7521 7 7521 7 7590 7 7562 7 7554 7 7499 7 7509 7 7509 7 7562 7 7554 7 7571 7 7511 7 7499 7 7499 7 7554 7 7571 7 7598 2751 7523 2751 7511 2751 7511 2752 7571 2752 7598 2752 7615 7 7535 7 7523 7 7523 7 7598 7 7615 7 7642 7 7575 7 7535 7 7535 7 7615 7 7642 7 7688 7 7619 7 7575 7 7575 7 7642 7 7688 7 7729 7 7649 7 7619 7 7619 7 7688 7 7729 7 7765 7 7741 7 7649 7 7649 7 7729 7 7765 7 7809 7 7785 7 7741 7 7741 7 7765 7 7809 7 7836 7 7821 7 7785 7 7785 7 7809 7 7836 7 7876 7 7853 7 7821 7 7821 7 7836 7 7876 7 7907 7 7891 7 7853 7 7853 7 7876 7 7907 7 7945 7 7947 7 7891 7 7891 7 7907 7 7945 7 7978 7 7983 7 7947 7 7947 7 7945 7 7978 7 8007 7 8019 7 7983 7 7983 7 7978 7 8007 7 8046 7 8051 7 8019 7 8019 7 8007 7 8046 7 8077 7 8093 7 8051 7 8051 7 8046 7 8077 7 8117 7 8129 7 8093 7 8093 7 8077 7 8117 7 8152 7 8220 7 8129 7 8129 7 8117 7 8152 7 8196 7 8248 7 8220 7 8220 7 8152 7 8196 7 8236 7 8294 7 8248 7 8248 7 8196 7 8236 7 8265 7 8335 7 8294 7 8294 7 8236 7 8265 7 8282 7 8350 7 8335 7 8335 7 8265 7 8282 7 8310 7 8362 7 8350 7 8350 7 8282 7 8310 7 8319 7 8371 7 8362 7 8362 7 8310 7 8319 7 8303 7 8356 7 8371 7 8371 7 8319 7 8303 7 8274 2509 8344 2509 8356 2509 8356 2753 8303 2753 8274 2753 8256 7 8328 7 8344 7 8344 7 8274 7 8256 7 8228 7 8288 7 8328 7 8328 7 8256 7 8228 7 8188 7 8243 7 8288 7 8288 7 8228 7 8188 7 8145 7 8207 7 8243 7 8243 7 8188 7 8145 7 8108 7 8127 7 8207 7 8207 7 8145 7 8108 7 8069 7 8091 7 8127 7 8127 7 8108 7 8069 7 8038 7 8049 7 8091 7 8091 7 8069 7 8038 7 7999 7 8017 7 8049 7 8049 7 8038 7 7999 7 7971 7 7981 7 8017 7 8017 7 7999 7 7971 7 7929 7 7921 7 7981 7 7981 7 7971 7 7929 7 8212 2754 8213 2755 8246 2756 8246 2756 8244 2757 8212 2754 8244 2757 8246 2756 8292 2758 8292 2758 8291 2759 8244 2757 8291 2759 8292 2758 8332 2760 8332 2760 8330 2761 8291 2759 8330 2761 8332 2760 8348 2762 8348 2762 8346 2763 8330 2761 8346 2763 8348 2762 8360 2764 8360 2764 8359 2765 8346 2763 8359 2765 8360 2764 8368 2766 8368 2766 8366 2767 8359 2765 8366 2767 8368 2766 8354 2768 8354 2768 8353 2769 8366 2767 8353 2769 8354 2768 8342 2770 8342 2770 8340 2771 8353 2769 8340 2771 8342 2770 8326 2772 8326 2772 8324 2773 8340 2771 8324 2773 8326 2772 8286 2774 8286 2774 8284 2775 8324 2773 8284 2775 8286 2774 8240 2776 8240 2776 8239 2777 8284 2775 8239 2777 8240 2776 8203 2778 8203 2778 8200 2779 8239 2777 7982 0 7946 0 8372 0 8018 0 7982 0 8372 0 8050 0 8018 0 8372 0 8092 0 8050 0 8372 0 8128 2560 8092 2560 8372 2560 8210 0 8128 0 8372 0 8364 0 7920 0 7980 0 8364 0 7980 0 8016 0 8364 0 8016 0 8048 0 8364 0 8048 0 8090 0 8364 2562 8090 2562 8126 2562 8364 2780 8126 2780 8198 2780 8423 0 8419 0 8202 0 8202 0 8215 0 8423 0 8247 2781 8216 2755 8221 2754 8221 2754 8249 2782 8247 2781 8293 2783 8247 2781 8249 2782 8249 2782 8295 2784 8293 2783 8333 2785 8293 2783 8295 2784 8295 2784 8334 2786 8333 2785 8349 2787 8333 2785 8334 2786 8334 2786 8351 2788 8349 2787 8361 2789 8349 2787 8351 2788 8351 2788 8363 2790 8361 2789 8369 2791 8361 2789 8363 2790 8363 2790 8370 2792 8369 2791 8355 2793 8369 2791 8370 2792 8370 2792 8357 2794 8355 2793 8343 2795 8355 2793 8357 2794 8357 2794 8345 2796 8343 2795 8327 2797 8343 2795 8345 2796 8345 2796 8329 2798 8327 2797 8287 2799 8327 2797 8329 2798 8329 2798 8289 2800 8287 2799 8241 2801 8287 2799 8289 2800 8289 2800 8242 2802 8241 2801 8206 2778 8241 2801 8242 2802 8242 2802 8208 2779 8206 2778 8373 7 7947 7 7983 7 8373 7 7983 7 8019 7 8373 7 8019 7 8051 7 8373 7 8051 7 8093 7 8373 2579 8093 2579 8129 2579 8373 2803 8129 2803 8220 2803 7981 7 7921 7 8365 7 8017 7 7981 7 8365 7 8049 7 8017 7 8365 7 8091 7 8049 7 8365 7 8127 2577 8091 2577 8365 2577 8207 2578 8127 2578 8365 2578 8218 7 8205 7 8421 7 8421 7 8425 7 8218 7 6571 2804 6618 1402 6615 1401 6615 1401 6570 2805 6571 2804 6519 2806 6571 2804 6570 2805 6570 2805 6518 2807 6519 2806 6483 2808 6519 2806 6518 2807 6518 2807 6481 2809 6483 2808 6467 2810 6483 2808 6481 2809 6481 2809 6466 2811 6467 2810 6455 2812 6467 2810 6466 2811 6466 2811 6454 2813 6455 2812 6442 2814 6455 2812 6454 2813 6454 2813 6441 2815 6442 2814 6451 2816 6442 2814 6441 2815 6441 2815 6450 2817 6451 2816 6463 2818 6451 2816 6450 2817 6450 2817 6462 2819 6463 2818 6477 2820 6463 2818 6462 2819 6462 2819 6476 2821 6477 2820 6515 2822 6477 2820 6476 2821 6476 2821 6514 2823 6515 2822 6567 2824 6515 2822 6514 2823 6514 2823 6566 2825 6567 2824 6607 1377 6567 2824 6566 2825 6566 2825 6602 1378 6607 1377 5652 987 5656 986 5887 2826 5887 2826 5886 2827 5652 987 5886 2827 5887 2826 6102 2828 6102 2828 6101 2829 5886 2827 6101 2829 6102 2828 6253 2830 6253 2830 6252 2831 6101 2829 6252 2831 6253 2830 6294 2832 6294 2832 6293 2833 6252 2831 6293 2833 6294 2832 6322 2834 6322 2834 6321 2835 6293 2833 6321 2835 6322 2834 6349 2836 6349 2836 6347 2837 6321 2835 6347 2837 6349 2836 6320 2838 6320 2838 6319 2839 6347 2837 6319 2839 6320 2838 6292 2840 6292 2840 6291 2841 6319 2839 6291 2841 6292 2840 6251 2842 6251 2842 6249 2843 6291 2841 6249 2843 6251 2842 6100 2844 6100 2844 6099 2845 6249 2843 6099 2845 6100 2844 5885 2846 5885 2846 5884 2847 6099 2845 5884 2847 5885 2846 5648 2848 5648 2848 5647 1352 5884 2847 6482 0 6254 0 5657 0 5657 0 6616 0 6482 0 6443 0 6348 0 6254 0 6254 0 6482 0 6443 0 6478 0 6250 0 6348 0 6348 0 6443 0 6478 0 6605 0 5650 0 6250 0 6250 0 6478 0 6605 0 6614 22 6617 22 5655 22 5655 22 5651 22 6614 22 5649 20 6606 20 6603 20 6603 20 5646 20 5649 20 6439 0 6952 0 6884 0 6439 0 6884 0 6838 0 6439 0 6838 0 6802 0 6439 0 6802 0 6754 0 6439 2849 6754 2849 6700 2849 6439 2850 6700 2850 6600 2850 6882 0 6926 0 6435 0 6836 0 6882 0 6435 0 6800 0 6836 0 6435 0 6752 0 6800 0 6435 0 6698 2563 6752 2563 6435 2563 6598 2851 6698 2851 6435 2851 6622 2852 6619 2853 6572 2854 6572 2854 6573 2855 6622 2852 6573 2855 6572 2854 6520 2856 6520 2856 6521 2857 6573 2855 6521 2857 6520 2856 6484 2858 6484 2858 6485 2859 6521 2857 6485 2859 6484 2858 6468 2860 6468 2860 6469 2861 6485 2859 6469 2861 6468 2860 6456 2862 6456 2862 6457 2863 6469 2861 6457 2863 6456 2862 6444 2864 6444 2864 6445 2865 6457 2863 6445 2865 6444 2864 6452 2866 6452 2866 6453 2867 6445 2865 6453 2867 6452 2866 6464 2868 6464 2868 6465 2869 6453 2867 6465 2869 6464 2868 6479 2870 6479 2870 6480 2871 6465 2869 6480 2871 6479 2870 6516 2872 6516 2872 6517 2873 6480 2871 6517 2873 6516 2872 6568 2874 6568 2874 6569 2875 6517 2873 6569 2875 6568 2874 6610 2876 6610 2876 6611 2877 6569 2875 6623 2878 6385 2879 6384 2880 6384 2881 6621 2882 6623 2882 6609 2883 6375 2253 6377 2254 6377 2884 6612 2883 6609 2883 6885 7 6953 7 6440 7 6839 7 6885 7 6440 7 6803 7 6839 7 6440 7 6755 7 6803 7 6440 7 6701 2580 6755 2580 6440 2580 6601 7 6701 7 6440 7 6436 7 6927 7 6883 7 6436 7 6883 7 6837 7 6436 7 6837 7 6801 7 6436 7 6801 7 6753 7 6436 2885 6753 2885 6699 2885 6436 2886 6699 2886 6599 2886 6283 7 6289 7 6386 7 6386 7 6392 7 6283 7 6024 7 6212 7 6283 7 6283 7 6392 7 6024 7 5890 7 6006 7 6024 7 6024 2887 6392 2887 5890 2887 5793 7 5799 7 5890 7 5890 7 6392 7 5793 7 5773 7 5787 7 5793 7 5793 7 6392 7 5773 7 5736 7 5767 7 5773 7 5773 7 6392 7 5736 7 6288 2888 6384 2880 6385 2879 6385 2879 6290 2889 6288 2888 6282 2890 6288 2888 6290 2889 6290 2889 6284 2891 6282 2890 6210 2892 6282 2890 6284 2891 6284 2891 6211 2893 6210 2892 6022 2894 6210 2892 6211 2893 6211 2893 6023 2895 6022 2894 6004 2896 6022 2894 6023 2895 6023 2895 6005 2897 6004 2896 5888 2898 6004 2896 6005 2897 6005 2897 5889 2899 5888 2898 5798 2900 5888 2898 5889 2899 5889 2899 5800 2901 5798 2900 5792 2902 5798 2900 5800 2901 5800 2901 5794 2903 5792 2902 5786 2904 5792 2902 5794 2903 5794 2903 5788 2905 5786 2904 5772 2906 5786 2904 5788 2905 5788 2905 5774 2907 5772 2906 5766 2908 5772 2906 5774 2907 5774 2907 5768 2909 5766 2908 5734 1021 5766 2908 5768 2909 5768 2909 5735 1022 5734 1021 3739 2910 3740 2910 3754 2910 3754 2911 3751 2911 3739 2911 3750 2912 3752 2912 3216 2912 3216 2913 3215 2913 3750 2913 3749 0 3213 0 3437 0 3437 0 3737 0 3749 0 3741 2914 3438 2914 3217 2914 3217 7 3753 7 3741 7 4734 2915 4737 2915 4723 2915 4723 2916 4722 2916 4734 2916 4721 2917 4724 2917 5259 2917 5259 2918 5254 2918 4721 2918 4720 0 5256 0 5034 0 5034 0 4732 0 4720 0 4735 2919 5035 2919 5257 2919 5257 7 4725 7 4735 7 4547 2920 4549 2921 4554 15 4554 15 4551 15 4547 2920 4728 2922 4729 2923 4549 2921 4549 2921 4547 2920 4728 2922 4979 2924 4980 2925 4731 2926 4731 2926 4726 2927 4979 2924 5362 22 5365 22 4980 2925 4980 2925 4979 2924 5362 22 5036 0 4546 0 4552 0 4552 0 4642 0 5036 0 4727 0 4546 0 5036 0 5036 0 4978 0 4727 0 4978 0 5036 0 5342 0 5342 0 5361 0 4978 0 4548 7 5037 7 4643 7 4643 7 4553 7 4548 7 4730 7 4981 7 5037 7 5037 7 4548 7 4730 7 5037 7 4981 7 5364 7 5364 7 5343 7 5037 7 3928 2928 3923 14 3920 14 3920 14 3927 2929 3928 2928 3745 2930 3747 2931 3928 2928 3928 2928 3927 2929 3745 2930 3484 2932 3486 2933 3746 2934 3746 2934 3743 2935 3484 2932 3107 20 3110 20 3486 2933 3486 2933 3484 2932 3107 20 3435 0 3926 0 3921 0 3921 0 3831 0 3435 0 3744 0 3926 0 3435 0 3435 0 3483 0 3744 0 3483 0 3435 0 3129 0 3129 0 3108 0 3483 0 3929 7 3436 7 3832 7 3832 7 3922 7 3929 7 3748 7 3485 7 3436 7 3436 7 3929 7 3748 7 3436 7 3485 7 3112 7 3112 7 3130 7 3436 7 5343 7 5237 7 5135 7 5135 7 5037 7 5343 7 5037 7 4929 7 4758 7 4758 7 4643 7 5037 7 3130 7 3236 7 3338 7 3338 7 3436 7 3130 7 3436 7 3544 7 3716 7 3716 7 3832 7 3436 7 3435 0 3337 0 3235 0 3235 0 3129 0 3435 0 3831 0 3715 0 3543 0 3543 0 3435 0 3831 0 5036 0 5134 0 5236 0 4928 0 5036 0 4642 0 5363 2936 5360 2937 5463 2938 5463 2938 5465 2939 5363 2936 5465 2939 5463 2938 5503 2940 5503 2940 5504 2941 5465 2939 5504 2941 5503 2940 5531 15 5531 15 5533 15 5504 2941 5500 2942 5533 15 5531 15 5531 15 5498 2943 5500 2942 5500 2942 5498 2943 5459 2944 5459 2944 5461 2945 5500 2942 5461 2945 5459 2944 5339 2946 5339 2946 5341 2947 5461 2945 5255 2948 5258 2949 5341 2947 5341 2947 5339 2946 5255 2948 4638 2950 4641 2951 4736 2952 4736 2952 4733 2953 4638 2950 4641 2951 4638 2950 4516 2954 4516 2954 4517 2955 4641 2951 4517 2955 4516 2954 4351 2956 4351 2956 4353 2957 4517 2955 4353 2957 4351 2956 4228 2958 4228 2958 4230 2959 4353 2957 4230 2959 4228 2958 4117 2960 4117 2960 4118 2961 4230 2959 4118 2961 4117 2960 3952 2962 3952 2962 3954 2963 4118 2961 3954 2963 3952 2962 3919 2964 3919 2964 3924 2965 3954 2963 3111 2966 3109 2967 3008 2968 3008 2968 3009 2969 3111 2966 3009 2969 3008 2968 2968 2970 2968 2970 2969 2971 3009 2969 2969 2971 2968 2970 2939 2972 2939 2972 2942 2973 2969 2971 2942 2973 2939 2972 2972 2974 2972 2974 2974 2975 2942 2973 2974 2975 2972 2974 3012 2976 3012 2976 3013 2977 2974 2975 3013 2977 3012 2976 3132 2978 3132 2978 3134 2979 3013 2977 3214 2980 3218 2981 3134 2979 3134 2979 3132 2978 3214 2980 3834 2982 3835 2983 3742 2984 3742 2984 3738 2985 3834 2982 3835 2983 3834 2982 3956 2986 3956 2986 3957 2987 3835 2983 3957 2987 3956 2986 4121 2988 4121 2988 4123 2989 3957 2987 4123 2989 4121 2988 4231 2990 4231 2990 4234 2991 4123 2989 4234 2991 4231 2990 4355 2992 4355 2992 4356 2993 4234 2991 4356 2993 4355 2992 4520 2994 4520 2994 4522 2995 4356 2993 4522 2995 4520 2994 4550 2996 4550 2996 4555 2997 4522 2995 6381 2998 6379 2999 6336 3000 6336 3000 6337 3001 6381 2998 6337 3001 6336 3000 6308 3002 6308 3002 6310 3003 6337 3001 6310 3003 6308 3002 6268 3004 6268 3004 6270 3005 6310 3003 6270 3005 6268 3004 6116 3006 6116 3006 6117 3007 6270 3005 6117 3007 6116 3006 5904 3008 5904 3008 5906 3009 6117 3007 5906 3009 5904 3008 5730 3010 5730 3010 5732 3011 5906 3009 5732 3011 5730 3010 5305 3012 5305 3012 5306 3013 5732 3011 5306 3013 5305 3012 5097 3014 5097 3014 5098 3015 5306 3013 5098 3015 5097 3014 4896 3016 4896 3016 4897 3017 5098 3015 4897 3017 4896 3016 4699 3018 4699 3018 4700 3019 4897 3017 4700 3019 4699 3018 4471 3020 4471 3020 4472 3021 4700 3019 4472 3021 4471 3020 4244 3022 4244 3022 4246 3023 4472 3021 4246 3023 4244 3022 4004 3024 4004 3024 4005 3025 4246 3023 4005 3025 4004 3024 3776 3026 3776 3026 3778 3027 4005 3025 3778 3027 3776 3026 3578 3028 3578 3028 3579 3029 3778 3027 3579 3029 3578 3028 3376 3030 3376 3030 3377 3031 3579 3029 3377 3031 3376 3030 3168 3032 3168 3032 3170 3033 3377 3031 3170 3033 3168 3032 2745 3034 2745 3034 2746 3035 3170 3033 2746 3035 2745 3034 2571 3036 2571 3036 2573 3037 2746 3035 2573 3037 2571 3036 2359 3038 2359 3038 2360 3039 2573 3037 2360 3039 2359 3038 2209 3040 2209 3040 2210 3041 2360 3039 2210 3041 2209 3040 2169 3042 2169 3042 2171 3043 2210 3041 2171 3043 2169 3042 2141 3044 2141 3044 2142 3045 2171 3043 2142 3045 2141 3044 2094 3046 2094 3046 2096 3047 2142 3045 2096 3047 2094 3046 2137 3048 2137 3048 2138 3049 2096 3047 2138 3049 2137 3048 2165 3050 2165 3050 2167 3051 2138 3049 2167 3051 2165 3050 2205 3052 2205 3052 2206 3053 2167 3051 2206 3053 2205 3052 2355 3054 2355 3054 2356 3055 2206 3053 2356 3055 2355 3054 2567 3056 2567 3056 2568 3057 2356 3055 2568 3057 2567 3056 2741 3058 2741 3058 2742 3059 2568 3057 2742 3059 2741 3058 3164 3060 3164 3060 3166 3061 2742 3059 3166 3061 3164 3060 3372 3062 3372 3062 3373 3063 3166 3061 3373 3063 3372 3062 3574 3064 3574 3064 3575 3065 3373 3063 3575 3065 3574 3064 3772 3066 3772 3066 3774 3067 3575 3065 3774 3067 3772 3066 3998 3068 3998 3068 3999 3069 3774 3067 3999 3069 3998 3068 4224 3070 4224 3070 4226 3071 3999 3069 4226 3071 4224 3070 4465 3072 4465 3072 4466 3073 4226 3071 4466 3073 4465 3072 4695 3074 4695 3074 4696 3075 4466 3073 4696 3075 4695 3074 4892 3076 4892 3076 4894 3077 4696 3075 4894 3077 4892 3076 5093 3078 5093 3078 5094 3079 4894 3077 5094 3079 5093 3078 5301 3080 5301 3080 5303 3081 5094 3079 5303 3081 5301 3080 5726 3082 5726 3082 5727 3083 5303 3081 5727 3083 5726 3082 5900 3084 5900 3084 5902 3085 5727 3083 5902 3085 5900 3084 6112 3086 6112 3086 6113 3087 5902 3085 6113 3087 6112 3086 6264 3088 6264 3088 6266 3089 6113 3087 6266 3089 6264 3088 6304 3090 6304 3090 6305 3091 6266 3089 6305 3091 6304 3090 6332 3092 6332 3092 6333 3093 6305 3091 6333 3093 6332 3092 6379 2999 6379 2999 6381 2998 6333 3093 6338 7 5505 7 5532 7 5532 7 6382 7 6338 7 6309 7 5464 7 5505 7 5505 7 6338 7 6309 7 6269 3094 5343 3094 5464 3094 5464 3095 6309 3095 6269 3095 6118 3096 5237 3096 5343 3096 5343 7 6269 7 6118 7 5905 3097 5135 3097 5237 3097 5237 3098 6118 3098 5905 3098 5731 3099 5037 3099 5135 3099 5135 7 5905 7 5731 7 5307 3100 4929 3100 5037 3100 5037 3101 5731 3101 5307 3101 5099 7 4758 7 4929 7 4929 7 5307 7 5099 7 4898 7 4643 7 4758 7 4758 3102 5099 3102 4898 3102 4701 7 4521 7 4643 7 4643 7 4898 7 4701 7 4473 7 4357 7 4521 7 4521 7 4701 7 4473 7 4245 7 4233 7 4357 7 4357 7 4473 7 4245 7 4006 3103 4122 3103 4233 3103 4233 7 4245 7 4006 7 3777 3104 3958 3104 4122 3104 4122 7 4006 7 3777 7 3580 7 3836 7 3958 7 3958 7 3777 7 3580 7 3378 3105 3718 3105 3836 3105 3836 3106 3580 3106 3378 3106 3169 3107 3546 3107 3718 3107 3718 7 3378 7 3169 7 2747 3108 3438 3108 3546 3108 3546 3109 3169 3109 2747 3109 2572 3110 3340 3110 3438 3110 3438 3111 2747 3111 2572 3111 2361 7 3238 7 3340 7 3340 3098 2572 3098 2361 3098 2211 7 3133 7 3238 7 3238 7 2361 7 2211 7 2170 7 3014 7 3133 7 3133 7 2211 7 2170 7 2143 7 2973 7 3014 7 3014 7 2170 7 2143 7 2095 7 2941 7 2973 7 2973 7 2143 7 2095 7 2139 7 2970 7 2941 7 2941 7 2095 7 2139 7 2166 7 3010 7 2970 7 2970 7 2139 7 2166 7 2207 3112 3130 3112 3010 3112 3010 3113 2166 3113 2207 3113 2357 3114 3236 3114 3130 3114 3130 7 2207 7 2357 7 2569 3115 3338 3115 3236 3115 3236 3116 2357 3116 2569 3116 2743 3117 3436 3117 3338 3117 3338 7 2569 7 2743 7 3165 7 3544 7 3436 7 3436 3118 2743 3118 3165 3118 3374 7 3716 7 3544 7 3544 7 3165 7 3374 7 3576 7 3832 7 3716 7 3716 3119 3374 3119 3576 3119 3773 7 3953 7 3832 7 3832 7 3576 7 3773 7 4000 7 4119 7 3953 7 3953 7 3773 7 4000 7 4225 7 4229 7 4119 7 4119 7 4000 7 4225 7 4467 3120 4352 3120 4229 3120 4229 7 4225 7 4467 7 4697 3121 4518 3121 4352 3121 4352 7 4467 7 4697 7 4893 7 4640 7 4518 7 4518 7 4697 7 4893 7 5095 3122 4756 3122 4640 3122 4640 3123 4893 3123 5095 3123 5302 3124 4927 3124 4756 3124 4756 7 5095 7 5302 7 5728 3125 5035 3125 4927 3125 4927 3126 5302 3126 5728 3126 5901 3127 5133 3127 5035 3127 5035 3128 5728 3128 5901 3128 6114 3129 5235 3129 5133 3129 5133 3116 5901 3116 6114 3116 6265 7 5340 7 5235 7 5235 7 6114 7 6265 7 6306 7 5460 7 5340 7 5340 7 6265 7 6306 7 6334 3130 5501 3130 5460 3130 5460 7 6306 7 6334 7 6382 7 5532 7 5501 7 5501 7 6334 7 6382 7 2891 3131 3069 3132 3066 3133 3066 3133 2890 3134 2891 3131 2634 3135 2891 3131 2890 3134 2890 3134 2633 3136 2634 3135 2507 3137 2634 3135 2633 3136 2633 3136 2505 3138 2507 3137 2410 3139 2507 3137 2505 3138 2505 3138 2408 3140 2410 3139 2302 3141 2410 3139 2408 3140 2408 3140 2300 3142 2302 3141 2245 3143 2302 3141 2300 3142 2300 3142 2242 3144 2245 3143 2307 3145 2245 3143 2242 3144 2242 3144 2304 3146 2307 3145 2414 3147 2307 3145 2304 3146 2304 3146 2413 3148 2414 3147 2511 3149 2414 3147 2413 3148 2413 3148 2508 3150 2511 3149 2638 3151 2511 3149 2508 3150 2508 3150 2636 3152 2638 3151 2896 3153 2638 3151 2636 3152 2636 3152 2893 3154 2896 3153 3073 3155 2896 3153 2893 3154 2893 3154 3072 3156 3073 3155 3287 3157 3073 3155 3072 3156 3072 3156 3286 3158 3287 3157 3489 3159 3287 3157 3286 3158 3286 3158 3487 3160 3489 3159 3665 3161 3489 3159 3487 3160 3487 3160 3663 3162 3665 3161 3885 3163 3665 3161 3663 3162 3663 3162 3883 3164 3885 3163 4064 3165 3885 3163 3883 3164 3883 3164 4061 3166 4064 3165 4237 3167 4064 3165 4061 3166 4061 3166 4235 3168 4237 3167 4409 3169 4237 3167 4235 3168 4235 3168 4407 3170 4409 3169 4587 3171 4409 3169 4407 3170 4407 3170 4585 3172 4587 3171 4806 3173 4587 3171 4585 3172 4585 3172 4803 3174 4806 3173 4984 3175 4806 3173 4803 3174 4803 3174 4983 3176 4984 3175 5182 3177 4984 3175 4983 3176 4983 3176 5180 3178 5182 3177 5409 3179 5182 3177 5180 3178 5180 3178 5406 3180 5409 3179 5582 3181 5409 3179 5406 3180 5406 3180 5581 3182 5582 3181 5840 3183 5582 3181 5581 3182 5581 3182 5838 3184 5840 3183 5967 3185 5840 3183 5838 3184 5838 3184 5966 3186 5967 3185 6064 3187 5967 3185 5966 3186 5966 3186 6061 3188 6064 3187 6173 3189 6064 3187 6061 3188 6061 3188 6172 3190 6173 3189 6232 3191 6173 3189 6172 3190 6172 3190 6230 3192 6232 3191 6170 3193 6232 3191 6230 3192 6230 3192 6167 3194 6170 3193 6059 3195 6170 3193 6167 3194 6167 3194 6057 3196 6059 3195 5963 3197 6059 3195 6057 3196 6057 3196 5961 3198 5963 3197 5835 3199 5963 3197 5961 3198 5961 3198 5834 3200 5835 3199 5578 3201 5835 3199 5834 3200 5834 3200 5577 3202 5578 3201 5405 3203 5578 3201 5577 3202 5577 3202 5402 3204 5405 3203 2740 0 2566 0 2889 0 2889 0 3065 0 2740 0 2566 3205 2354 3205 2632 3205 2632 0 2889 0 2566 0 2354 0 2204 0 2504 0 2504 3206 2632 3206 2354 3206 2204 3207 2164 3207 2409 3207 2409 0 2504 0 2204 0 2164 3208 2136 3208 2301 3208 2301 3209 2409 3209 2164 3209 2136 0 2092 0 2243 0 2243 3210 2301 3210 2136 3210 2092 0 2140 0 2305 0 2305 0 2243 0 2092 0 2140 3211 2168 3211 2412 3211 2412 3212 2305 3212 2140 3212 2168 0 2208 0 2509 0 2509 3213 2412 3213 2168 3213 2208 0 2358 0 2637 0 2637 0 2509 0 2208 0 2358 0 2570 0 2894 0 2894 0 2637 0 2358 0 2570 0 2744 0 3071 0 3071 0 2894 0 2570 0 2744 0 3167 0 3285 0 3285 0 3071 0 2744 0 3167 0 3375 0 3488 0 3488 0 3285 0 3167 0 3375 0 3577 0 3664 0 3664 0 3488 0 3375 0 3577 0 3775 0 3884 0 3884 0 3664 0 3577 0 3775 0 4003 0 4062 0 4062 0 3884 0 3775 0 4003 0 4242 0 4236 0 4236 0 4062 0 4003 0 4242 0 4470 0 4406 0 4406 0 4236 0 4242 0 4470 0 4698 0 4584 0 4584 0 4406 0 4470 0 4698 0 4895 0 4804 0 4804 0 4584 0 4698 0 4895 0 5096 0 4982 0 4982 0 4804 0 4895 0 5096 0 5304 0 5181 0 5181 0 4982 0 5096 0 5304 0 5729 0 5407 0 5407 0 5181 0 5304 0 5729 0 5903 0 5580 0 5580 0 5407 0 5729 0 5903 0 6115 0 5837 0 5837 0 5580 0 5903 0 6115 0 6267 0 5965 0 5965 0 5837 0 6115 0 6267 0 6307 0 6062 0 6062 0 5965 0 6267 0 6307 3214 6335 3214 6171 3214 6171 0 6062 0 6307 0 6335 3215 6378 3215 6229 3215 6229 3216 6171 3216 6335 3216 6378 3217 6331 3217 6168 3217 6168 3218 6229 3218 6378 3218 6331 3219 6303 3219 6058 3219 6058 3220 6168 3220 6331 3220 6303 0 6263 0 5962 0 5962 3221 6058 3221 6303 3221 6263 0 6111 0 5833 0 5833 3222 5962 3222 6263 3222 6111 0 5899 0 5576 0 5576 3223 5833 3223 6111 3223 5899 0 5725 0 5400 0 5400 0 5576 0 5899 0 3070 0 2892 0 3337 0 3337 0 3435 0 3070 0 2892 0 2635 0 3235 0 3235 0 3337 0 2892 0 2635 0 2506 0 3129 0 3129 0 3235 0 2635 0 2506 0 2411 0 3007 0 3007 0 3129 0 2506 0 2411 3224 2303 3224 2967 3224 2967 3225 3007 3225 2411 3225 2303 0 2244 0 2940 0 2940 0 2967 0 2303 0 2244 0 2306 0 2971 0 2971 0 2940 0 2244 0 2306 0 2415 0 3011 0 3011 0 2971 0 2306 0 2415 0 2510 0 3131 0 3131 0 3011 0 2415 0 2510 0 2639 0 3237 0 3237 0 3131 0 2510 0 2639 0 2895 0 3339 0 3339 0 3237 0 2639 0 2895 0 3074 0 3437 0 3437 0 3339 0 2895 0 3074 0 3288 0 3545 0 3545 0 3437 0 3074 0 3288 0 3490 0 3717 0 3717 0 3545 0 3288 0 3490 0 3666 0 3833 0 3833 0 3717 0 3490 0 3666 0 3886 0 3955 0 3955 0 3833 0 3666 0 3886 0 4063 0 4120 0 4120 0 3955 0 3886 0 4063 0 4238 0 4232 0 4232 0 4120 0 4063 0 4238 0 4408 0 4354 0 4354 0 4232 0 4238 0 4408 0 4586 0 4519 0 4519 0 4354 0 4408 0 4586 0 4805 0 4642 0 4642 0 4519 0 4586 0 4805 0 4985 0 4757 0 4757 0 4642 0 4805 0 4985 0 5183 0 4928 0 4928 0 4757 0 4985 0 5183 0 5408 0 5036 0 5036 0 4928 0 5183 0 5408 0 5583 0 5134 0 5134 0 5036 0 5408 0 5583 0 5839 0 5236 0 5236 0 5134 0 5583 0 5839 0 5968 0 5342 0 5342 0 5236 0 5839 0 5968 0 6063 0 5462 0 5462 0 5342 0 5968 0 6063 0 6174 0 5502 0 5502 0 5462 0 6063 0 6174 3226 6231 3226 5530 3226 5530 0 5502 0 6174 0 6231 3227 6169 3227 5499 3227 5499 3228 5530 3228 6231 3228 6169 0 6060 0 5458 0 5458 0 5499 0 6169 0 6060 0 5964 0 5338 0 5338 0 5458 0 6060 0 5964 0 5836 0 5234 0 5234 0 5338 0 5964 0 5836 0 5579 0 5132 0 5132 0 5234 0 5836 0 5579 0 5404 0 5034 0 5034 0 5132 0 5579 0 3055 3229 3060 3230 2884 3231 2884 3231 2882 3232 3055 3229 2882 3232 2884 3231 2627 3233 2627 3233 2625 3234 2882 3232 2625 3234 2627 3233 2499 3235 2499 3235 2496 3236 2625 3234 2496 3236 2499 3235 2402 3237 2402 3237 2401 3238 2496 3236 2401 3238 2402 3237 2294 3239 2294 3239 2292 3240 2401 3238 2292 3240 2294 3239 2237 3241 2237 3241 2234 3242 2292 3240 2234 3242 2237 3241 2287 3243 2287 3243 2284 3244 2234 3242 2284 3244 2287 3243 2394 3245 2394 3245 2393 3246 2284 3244 2393 3246 2394 3245 2491 3247 2491 3247 2489 3248 2393 3246 2489 3248 2491 3247 2619 3249 2619 3249 2617 3250 2489 3248 2617 3250 2619 3249 2875 3251 2875 3251 2873 3252 2617 3250 2873 3252 2875 3251 3050 3253 3050 3253 3048 3254 2873 3252 3048 3254 3050 3253 3275 3255 3275 3255 3273 3256 3048 3254 3273 3256 3275 3255 3474 3257 3474 3257 3471 3258 3273 3256 3471 3258 3474 3257 3653 3259 3653 3259 3652 3260 3471 3258 3652 3260 3653 3259 3874 3261 3874 3261 3872 3262 3652 3260 3872 3262 3874 3261 4051 3263 4051 3263 4050 3264 3872 3262 4050 3264 4051 3263 4202 3265 4202 3265 4199 3266 4050 3264 4199 3266 4202 3265 4396 3267 4396 3267 4394 3268 4199 3266 4394 3268 4396 3267 4575 3269 4575 3269 4572 3270 4394 3268 4572 3270 4575 3269 4794 3271 4794 3271 4792 3272 4572 3270 4792 3272 4794 3271 4969 3273 4969 3273 4966 3274 4792 3272 4966 3274 4969 3273 5171 3275 5171 3275 5168 3276 4966 3274 5168 3276 5171 3275 5385 3277 5385 3277 5383 3278 5168 3276 5383 3278 5385 3277 5563 3279 5563 3279 5561 3280 5383 3278 5561 3280 5563 3279 5819 3281 5819 3281 5818 3282 5561 3280 5818 3282 5819 3281 5947 3283 5947 3283 5945 3284 5818 3282 5945 3284 5947 3283 6044 3285 6044 3285 6042 3286 5945 3284 6042 3286 6044 3285 6154 3287 6154 3287 6152 3288 6042 3286 6152 3288 6154 3287 6224 3289 6224 3289 6222 3290 6152 3288 6222 3290 6224 3289 6161 3291 6161 3291 6159 3292 6222 3290 6159 3292 6161 3291 6052 3293 6052 3293 6049 3294 6159 3292 6049 3294 6052 3293 5956 3295 5956 3295 5954 3296 6049 3294 5954 3296 5956 3295 5827 3297 5827 3297 5825 3298 5954 3296 5825 3298 5827 3297 5571 3299 5571 3299 5569 3300 5825 3298 5569 3300 5571 3299 5393 3301 5393 3301 5391 3302 5569 3300 2881 0 2564 0 2734 0 2734 0 3056 0 2881 0 2624 0 2352 0 2564 0 2564 0 2881 0 2624 0 2497 0 2202 0 2352 0 2352 0 2624 0 2497 0 2400 0 2162 0 2202 0 2202 0 2497 0 2400 0 2293 0 2134 0 2162 0 2162 0 2400 0 2293 0 2235 0 2076 0 2134 0 2134 0 2293 0 2235 0 2285 0 2132 0 2076 0 2076 0 2235 0 2285 0 2392 0 2160 0 2132 0 2132 0 2285 0 2392 0 2488 0 2200 0 2160 0 2160 0 2392 0 2488 0 2616 0 2350 0 2200 0 2200 0 2488 0 2616 0 2874 0 2562 0 2350 0 2350 0 2616 0 2874 0 3047 0 2732 0 2562 0 2562 0 2874 0 3047 0 3274 0 3161 0 2732 0 2732 0 3047 0 3274 0 3472 0 3369 0 3161 0 3161 0 3274 0 3472 0 3651 0 3571 0 3369 0 3369 0 3472 0 3651 0 3871 0 3769 0 3571 0 3571 0 3651 0 3871 0 4049 0 3989 0 3769 0 3769 0 3871 0 4049 0 4200 0 4191 0 3989 0 3989 0 4049 0 4200 0 4395 0 4456 0 4191 0 4191 0 4200 0 4395 0 4573 0 4692 0 4456 0 4456 0 4395 0 4573 0 4791 0 4889 0 4692 0 4692 0 4573 0 4791 0 4967 0 5090 0 4889 0 4889 0 4791 0 4967 0 5169 0 5298 0 5090 0 5090 0 4967 0 5169 0 5382 0 5717 0 5298 0 5298 0 5169 0 5382 0 5560 0 5895 0 5717 0 5717 0 5382 0 5560 0 5817 0 6107 0 5895 0 5895 0 5560 0 5817 0 5946 0 6259 0 6107 0 6107 0 5817 0 5946 0 6041 0 6299 0 6259 0 6259 0 5946 0 6041 0 6151 0 6327 0 6299 0 6299 0 6041 0 6151 0 6221 0 6362 0 6327 0 6327 0 6151 0 6221 0 6160 0 6329 0 6362 0 6362 0 6221 0 6160 0 6050 0 6301 0 6329 0 6329 0 6160 0 6050 0 5953 0 6261 0 6301 0 6301 0 6050 0 5953 0 5826 0 6109 0 6261 0 6261 0 5953 0 5826 0 5568 0 5897 0 6109 0 6109 0 5826 0 5568 0 5390 0 5719 0 5897 0 5897 0 5568 0 5390 0 3334 0 2883 0 3059 0 3059 0 3431 0 3334 0 3232 0 2626 0 2883 0 2883 0 3334 0 3232 0 3126 0 2498 0 2626 0 2626 0 3232 0 3126 0 3004 0 2403 0 2498 0 2498 0 3126 0 3004 0 2963 0 2295 0 2403 0 2403 0 3004 0 2963 0 2936 0 2236 0 2295 0 2295 0 2963 0 2936 0 2959 0 2286 0 2236 0 2236 0 2936 0 2959 0 3000 0 2395 0 2286 0 2286 0 2959 0 3000 0 3121 0 2490 0 2395 0 2395 0 3000 0 3121 0 3228 0 2618 0 2490 0 2490 0 3121 0 3228 0 3330 0 2876 0 2618 0 2618 0 3228 0 3330 0 3427 0 3049 0 2876 0 2876 0 3330 0 3427 0 3536 0 3276 0 3049 0 3049 0 3427 0 3536 0 3707 0 3473 0 3276 0 3276 0 3536 0 3707 0 3824 0 3654 0 3473 0 3473 0 3707 0 3824 0 3944 0 3873 0 3654 0 3654 0 3824 0 3944 0 4110 0 4052 0 3873 0 3873 0 3944 0 4110 0 4208 0 4201 0 4052 0 4052 0 4110 0 4208 0 4344 0 4397 0 4201 0 4201 0 4208 0 4344 0 4509 0 4574 0 4397 0 4397 0 4344 0 4509 0 4631 0 4793 0 4574 0 4574 0 4509 0 4631 0 4748 0 4968 0 4793 0 4793 0 4631 0 4748 0 4920 0 5170 0 4968 0 4968 0 4748 0 4920 0 5027 0 5384 0 5170 0 5170 0 4920 0 5027 0 5124 0 5562 0 5384 0 5384 0 5027 0 5124 0 5227 0 5820 0 5562 0 5562 0 5124 0 5227 0 5331 0 5948 0 5820 0 5820 0 5227 0 5331 0 5451 0 6043 0 5948 0 5948 0 5331 0 5451 0 5491 0 6153 0 6043 0 6043 0 5451 0 5491 0 5527 0 6223 0 6153 0 6153 0 5491 0 5527 0 5495 0 6162 0 6223 0 6223 0 5527 0 5495 0 5455 0 6051 0 6162 0 6162 0 5495 0 5455 0 5335 0 5955 0 6051 0 6051 0 5455 0 5335 0 5230 0 5828 0 5955 0 5955 0 5335 0 5230 0 5129 0 5570 0 5828 0 5828 0 5230 0 5129 0 5030 0 5394 0 5570 0 5570 0 5129 0 5030 0 4219 0 5030 0 4924 0 4219 0 4924 0 4752 0 4219 0 4752 0 4635 0 4219 0 4635 0 4512 0 4219 0 4512 0 4348 0 4219 0 4348 0 4211 0 4219 0 4211 0 4113 0 4219 0 4113 0 3948 0 4219 0 3948 0 3828 0 4219 0 3828 0 3711 0 4219 0 3711 0 3539 0 4219 0 3539 0 3431 0 3067 14 3068 14 3058 14 3058 14 3057 14 3067 14 5392 15 5395 15 5403 15 5403 15 5401 15 5392 15 5505 7 5464 7 5343 7 5343 3303 5532 3303 5505 3303 5460 3304 5501 3304 5532 3304 5532 3305 5340 3305 5460 3305 5133 7 5235 7 5340 7 5340 3306 5035 3306 5133 3306 4756 7 4927 7 5035 7 5035 7 4640 7 4756 7 4352 7 4518 7 4640 7 4640 7 4229 7 4352 7 3953 7 4119 7 4229 7 4229 7 3832 7 3953 7 3544 7 3716 7 3832 7 3832 7 3436 7 3544 7 3236 7 3338 7 3436 7 3436 3307 3130 3307 3236 3307 4122 7 3958 7 3836 7 3836 7 4233 7 4122 7 4521 7 4357 7 4233 7 4233 7 4643 7 4521 7 4929 7 4758 7 4643 7 4643 7 5037 7 4929 7 5237 7 5135 7 5037 7 5037 3308 5343 3308 5237 3308 2970 7 3010 7 3130 7 3130 3309 2941 3309 2970 3309 3014 3310 2973 3310 2941 3310 2941 3311 3133 3311 3014 3311 3340 7 3238 7 3133 7 3133 3312 3438 3312 3340 3312 3718 7 3546 7 3438 7 3438 7 3836 7 3718 7 5338 0 5234 0 5132 0 5132 0 5034 0 5338 0 5236 0 5342 0 5036 0 5342 0 5462 0 5502 0 5502 0 5530 0 5342 0 5530 0 5499 0 5458 0 5458 0 5338 0 5530 0 4642 0 4757 0 4928 0 3437 0 3545 0 3717 0 3717 0 3833 0 3437 0 3833 0 3955 0 4120 0 4120 0 4232 0 3833 0 4232 0 4354 0 4519 0 4519 0 4642 0 4232 0 3131 0 3237 0 3339 0 3339 0 3437 0 3131 0 3129 3313 3007 3313 2967 3313 2967 0 2940 0 3129 0 2940 0 2971 0 3011 0 3011 0 3131 0 2940 0 5782 7 6391 7 7154 7 5779 0 7152 0 6390 0 7459 3314 7372 3315 7269 3316 7269 3316 7353 3317 7459 3314 7372 3315 7245 3318 7163 3319 7163 3319 7269 3316 7372 3315 7245 3318 7123 3320 7059 3321 7059 3321 7163 3319 7245 3318 7123 3320 6989 3322 6925 3323 6925 3323 7059 3321 7123 3320 6989 3322 6873 3324 6834 3325 6834 3325 6925 3323 6989 3322 6873 3324 6711 3326 6659 3327 6659 3327 6834 3325 6873 3324 6711 3326 6471 3328 6434 3329 6434 3329 6659 3327 6711 3326 6471 3328 6098 3330 5928 3331 5928 3331 6434 3329 6471 3328 7266 3332 7372 3315 7459 3314 7459 3314 7350 3333 7266 3332 7160 3334 7245 3318 7372 3315 7372 3315 7266 3332 7160 3334 7058 3335 7123 3320 7245 3318 7245 3318 7160 3334 7058 3335 6923 3336 6989 3322 7123 3320 7123 3320 7058 3335 6923 3336 6833 3337 6873 3324 6989 3322 6989 3322 6923 3336 6833 3337 6656 3338 6711 3326 6873 3324 6873 3324 6833 3337 6656 3338 6432 3339 6471 3328 6711 3326 6711 3326 6656 3338 6432 3339 5926 3340 6098 3330 6471 3328 6471 3328 6432 3339 5926 3340 7352 7 7268 7 7179 7 7179 7 7251 7 7352 7 7268 7 7162 7 7093 7 7093 7 7179 7 7268 7 7162 7 7060 7 6998 7 6998 7 7093 7 7162 7 7060 7 6924 7 6905 7 6905 7 6998 7 7060 7 6924 7 6835 7 6789 7 6789 7 6905 7 6924 7 6835 7 6658 7 6595 7 6595 7 6789 7 6835 7 6658 7 6433 7 6424 7 6424 7 6595 7 6658 7 6433 7 5927 7 5878 7 5878 7 6424 7 6433 7 7253 3341 7178 3342 7104 3343 7104 3343 7155 3344 7253 3341 7178 3342 7097 3345 7020 3346 7020 3346 7104 3343 7178 3342 7097 3345 6997 3347 6959 3348 6959 3348 7020 3346 7097 3345 6997 3347 6907 3349 6849 3350 6849 3350 6959 3348 6997 3347 6907 3349 6791 3351 6751 3352 6751 3352 6849 3350 6907 3349 6791 3351 6597 3353 6561 3354 6561 3354 6751 3352 6791 3351 6597 3353 6426 3355 6417 3356 6417 3356 6561 3354 6597 3353 6426 3355 5880 3357 5781 3358 5781 3358 6417 3356 6426 3355 7105 7 7021 7 6958 7 6958 7 7154 7 7105 7 6958 7 6850 7 6750 7 6750 7 7154 7 6958 7 6750 7 6560 7 6418 7 6418 7 7154 7 6750 7 5782 7 7154 7 6418 7 7177 0 7267 0 7351 0 7351 0 7250 0 7177 0 7092 0 7161 0 7267 0 7267 0 7177 0 7092 0 6994 0 7064 0 7161 0 7161 0 7092 0 6994 0 6904 0 6922 0 7064 0 7064 0 6994 0 6904 0 6788 0 6832 0 6922 0 6922 0 6904 0 6788 0 6594 0 6657 0 6832 0 6832 0 6788 0 6594 0 6423 0 6431 0 6657 0 6657 0 6594 0 6423 0 5877 0 5925 0 6431 0 6431 0 6423 0 5877 0 7102 3359 7176 3360 7252 3361 7252 3361 7153 3362 7102 3359 7019 3363 7096 3364 7176 3360 7176 3360 7102 3359 7019 3363 6956 3365 6996 3366 7096 3364 7096 3364 7019 3363 6956 3365 6848 3367 6906 3368 6996 3366 6996 3366 6956 3365 6848 3367 6748 3369 6790 3370 6906 3368 6906 3368 6848 3367 6748 3369 6559 3371 6596 3372 6790 3370 6790 3370 6748 3369 6559 3371 6416 3373 6425 3374 6596 3372 6596 3372 6559 3371 6416 3373 5780 3375 5879 3376 6425 3374 6425 3374 6416 3373 5780 3375 6957 0 7014 0 7103 0 7103 0 7152 0 6957 0 6749 0 6855 0 6957 0 6957 0 7152 0 6749 0 6415 0 6558 0 6749 0 6749 0 7152 0 6415 0 6415 0 7152 0 5779 0 1326 7 2105 7 2696 7 1323 0 2695 0 2104 0 2375 3377 2004 3378 2047 3379 2047 3379 2551 3380 2375 3377 2004 3378 1764 3381 1822 3382 1822 3382 2047 3379 2004 3378 1764 3381 1602 3383 1646 3384 1646 3384 1822 3382 1764 3381 1602 3383 1486 3385 1555 3386 1555 3386 1646 3384 1602 3383 1486 3385 1352 3387 1416 3388 1416 3388 1555 3386 1486 3385 1352 3387 1230 3389 1317 3390 1317 3390 1416 3388 1352 3387 1230 3389 1101 3391 1204 3392 1204 3392 1317 3390 1230 3389 1101 3391 1016 3393 1128 3394 1128 3394 1204 3392 1101 3391 2045 3395 2004 3378 2375 3377 2375 3377 2548 3396 2045 3395 1819 3397 1764 3381 2004 3378 2004 3378 2045 3395 1819 3397 1643 3398 1602 3383 1764 3381 1764 3381 1819 3397 1643 3398 1553 3399 1486 3385 1602 3383 1602 3383 1643 3398 1553 3399 1415 3400 1352 3387 1486 3385 1486 3385 1553 3399 1415 3400 1316 3401 1230 3389 1352 3387 1352 3387 1415 3400 1316 3401 1202 3402 1101 3391 1230 3389 1230 3389 1316 3401 1202 3402 1126 3403 1016 3393 1101 3391 1101 3391 1202 3402 1126 3403 2550 7 2046 7 2055 7 2055 7 2597 7 2550 7 2046 7 1821 7 1884 7 1884 7 2055 7 2046 7 1821 7 1645 7 1689 7 1689 7 1884 7 1821 7 1645 7 1556 7 1588 7 1588 7 1689 7 1645 7 1556 7 1410 7 1478 7 1478 7 1588 7 1556 7 1410 7 1318 7 1384 7 1384 7 1478 7 1410 7 1318 7 1203 7 1294 7 1294 7 1384 7 1318 7 1203 7 1127 7 1228 7 1228 7 1294 7 1203 7 2599 3404 2054 3405 2063 3406 2063 3406 2697 3407 2599 3404 2054 3405 1883 3408 1920 3409 1920 3409 2063 3406 2054 3405 1883 3408 1690 3410 1729 3411 1729 3411 1920 3409 1883 3408 1690 3410 1566 3412 1620 3413 1620 3413 1729 3411 1690 3410 1566 3412 1474 3414 1520 3415 1520 3415 1620 3413 1566 3412 1474 3414 1379 3416 1458 3417 1458 3417 1520 3415 1474 3414 1379 3416 1292 3418 1368 3419 1368 3419 1458 3417 1379 3416 1292 3418 1226 3420 1325 3421 1325 3421 1368 3419 1292 3418 2062 7 1919 7 1730 7 1730 7 2696 7 2062 7 1730 7 1626 7 1519 7 1519 7 2696 7 1730 7 1519 7 1457 7 1367 7 1367 7 2696 7 1519 7 1326 3422 2696 3422 1367 3422 2053 0 2044 0 2549 0 2549 0 2596 0 2053 0 1882 0 1820 0 2044 0 2044 0 2053 0 1882 0 1688 0 1644 0 1820 0 1820 0 1882 0 1688 0 1587 0 1554 0 1644 0 1644 0 1688 0 1587 0 1477 0 1409 0 1554 0 1554 0 1587 0 1477 0 1383 0 1315 0 1409 0 1409 0 1477 0 1383 0 1293 0 1201 0 1315 0 1315 0 1383 0 1293 0 1227 0 1125 0 1201 0 1201 0 1293 0 1227 0 2061 3423 2052 3424 2598 3425 2598 3425 2694 3426 2061 3423 1917 3427 1881 3428 2052 3424 2052 3424 2061 3423 1917 3427 1727 3429 1687 3430 1881 3428 1881 3428 1917 3427 1727 3429 1619 3431 1565 3432 1687 3430 1687 3430 1727 3429 1619 3431 1518 3433 1473 3434 1565 3432 1565 3432 1619 3431 1518 3433 1456 3435 1378 3436 1473 3434 1473 3434 1518 3433 1456 3435 1365 3437 1291 3438 1378 3436 1378 3436 1456 3435 1365 3437 1324 3439 1225 3440 1291 3438 1291 3438 1365 3437 1324 3439 1728 0 1918 0 2060 0 2060 0 2695 0 1728 0 1517 0 1625 0 1728 0 1728 0 2695 0 1517 0 1366 0 1455 0 1517 0 1517 0 2695 0 1366 0 1366 0 2695 0 1323 0 2692 3441 2084 3441 1322 3441 2690 3442 1319 3442 2083 3442 1015 3443 1102 3444 1208 3445 1208 3445 1124 3446 1015 3443 1102 3444 1229 3447 1314 3448 1314 3448 1208 3445 1102 3444 1229 3447 1351 3449 1414 3450 1414 3450 1314 3448 1229 3447 1351 3449 1485 3451 1552 3452 1552 3452 1414 3450 1351 3449 1485 3451 1601 3453 1642 3454 1642 3454 1552 3452 1485 3451 1601 3453 1763 3455 1818 3456 1818 3456 1642 3454 1601 3453 1763 3455 2003 3457 2043 3458 2043 3458 1818 3456 1763 3455 2003 3457 2374 3459 2546 3460 2546 3460 2043 3458 2003 3457 1205 3461 1102 3444 1015 3443 1015 3443 1121 3462 1205 3461 1312 3463 1229 3447 1102 3444 1102 3444 1205 3461 1312 3463 1411 3464 1351 3449 1229 3447 1229 3447 1312 3463 1411 3464 1550 3465 1485 3451 1351 3449 1351 3449 1411 3464 1550 3465 1640 3466 1601 3453 1485 3451 1485 3451 1550 3465 1640 3466 1815 3467 1763 3455 1601 3453 1601 3453 1640 3466 1815 3467 2040 3468 2003 3457 1763 3455 1763 3455 1815 3467 2040 3468 2545 3469 2374 3459 2003 3457 2003 3457 2040 3468 2545 3469 1123 7 1207 7 1297 7 1297 7 1224 7 1123 7 1207 7 1313 7 1381 7 1381 7 1297 7 1207 7 1313 7 1413 7 1475 7 1475 7 1381 7 1313 7 1413 7 1551 7 1570 7 1570 7 1475 7 1413 7 1551 7 1641 7 1686 7 1686 7 1570 7 1551 7 1641 7 1817 7 1880 7 1880 7 1686 7 1641 7 1817 7 2042 7 2051 7 2051 7 1880 7 1817 7 2042 7 2547 7 2595 7 2595 7 2051 7 2042 7 1222 3470 1298 3471 1371 3472 1371 3472 1321 3473 1222 3470 1298 3471 1382 3474 1454 3475 1454 3475 1371 3472 1298 3471 1382 3474 1476 3476 1515 3477 1515 3477 1454 3475 1382 3474 1476 3476 1568 3478 1624 3479 1624 3479 1515 3477 1476 3476 1568 3478 1684 3480 1725 3481 1725 3481 1624 3479 1568 3478 1684 3480 1878 3482 1915 3483 1915 3483 1725 3481 1684 3480 1878 3482 2049 3484 2059 3485 2059 3485 1915 3483 1878 3482 2049 3484 2593 3486 2693 3487 2693 3487 2059 3485 2049 3484 1372 7 1460 7 1516 7 1516 3488 1322 3488 1372 3488 1516 7 1623 7 1726 7 1726 7 1322 7 1516 7 1726 7 1916 7 2058 7 2058 7 1322 7 1726 7 2692 7 1322 7 2058 7 1295 0 1206 0 1122 0 1122 0 1223 0 1295 0 1380 0 1311 0 1206 0 1206 0 1295 0 1380 0 1479 0 1412 0 1311 0 1311 0 1380 0 1479 0 1569 0 1549 0 1412 0 1412 0 1479 0 1569 0 1685 0 1639 0 1549 0 1549 0 1569 0 1685 0 1879 0 1816 0 1639 0 1639 0 1685 0 1879 0 2050 0 2041 0 1816 0 1816 0 1879 0 2050 0 2594 0 2544 0 2041 0 2041 0 2050 0 2594 0 1369 3489 1296 3490 1221 3491 1221 3491 1320 3492 1369 3489 1453 3493 1377 3494 1296 3490 1296 3490 1369 3489 1453 3493 1513 3495 1480 3496 1377 3494 1377 3494 1453 3493 1513 3495 1622 3497 1567 3498 1480 3496 1480 3496 1513 3495 1622 3497 1723 3499 1683 3500 1567 3498 1567 3498 1622 3497 1723 3499 1913 3501 1877 3502 1683 3500 1683 3500 1723 3499 1913 3501 2056 3503 2048 3504 1877 3502 1877 3502 1913 3501 2056 3503 2691 3505 2592 3506 2048 3504 2048 3504 2056 3503 2691 3505 1514 0 1459 0 1370 0 1370 0 1319 0 1514 0 1724 0 1621 0 1514 0 1514 0 1319 0 1724 0 2057 0 1914 0 1724 0 1724 0 1319 0 2057 0 2057 0 1319 0 2690 0 7150 7 6370 7 5777 7 7148 0 5775 0 6369 0 6097 3507 6470 3508 6429 3509 6429 3509 5924 3510 6097 3507 6470 3508 6710 3511 6655 3512 6655 3512 6429 3509 6470 3508 6710 3511 6872 3513 6830 3514 6830 3514 6655 3512 6710 3511 6872 3513 6988 3515 6920 3516 6920 3516 6830 3514 6872 3513 6988 3515 7122 3517 7063 3518 7063 3518 6920 3516 6988 3515 7122 3517 7244 3519 7159 3520 7159 3520 7063 3518 7122 3517 7244 3519 7373 3521 7273 3522 7273 3522 7159 3520 7244 3519 7373 3521 7458 3523 7348 3524 7348 3524 7273 3522 7373 3521 6428 3525 6470 3508 6097 3507 6097 3507 5921 3526 6428 3525 6652 3527 6710 3511 6470 3508 6470 3508 6428 3525 6652 3527 6828 3528 6872 3513 6710 3511 6710 3511 6652 3527 6828 3528 6919 3529 6988 3515 6872 3513 6872 3513 6828 3528 6919 3529 7062 3530 7122 3517 6988 3515 6988 3515 6919 3529 7062 3530 7156 3531 7244 3519 7122 3517 7122 3517 7062 3530 7156 3531 7270 3532 7373 3521 7244 3519 7244 3519 7156 3531 7270 3532 7346 3533 7458 3523 7373 3521 7373 3521 7270 3532 7346 3533 5923 7 6430 7 6421 7 6421 7 5876 7 5923 7 6430 7 6654 7 6593 7 6593 7 6421 7 6430 7 6654 7 6831 7 6787 7 6787 7 6593 7 6654 7 6831 7 6921 7 6887 7 6887 7 6787 7 6831 7 6921 7 7065 7 6995 7 6995 7 6887 7 6921 7 7065 7 7158 7 7091 7 7091 7 6995 7 7065 7 7158 7 7272 7 7181 7 7181 7 7091 7 7158 7 7272 7 7349 7 7247 7 7247 7 7181 7 7272 7 5874 3534 6422 3535 6413 3536 6413 3536 5778 3537 5874 3534 6422 3535 6592 3538 6557 3539 6557 3539 6413 3536 6422 3535 6592 3538 6786 3540 6747 3541 6747 3541 6557 3539 6592 3538 6786 3540 6909 3542 6853 3543 6853 3543 6747 3541 6786 3540 6909 3542 7001 3544 6961 3545 6961 3545 6853 3543 6909 3542 7001 3544 7095 3546 7018 3547 7018 3547 6961 3545 7001 3544 7095 3546 7183 3548 7109 3549 7109 3549 7018 3547 7095 3546 7183 3548 7249 3550 7151 3551 7151 3551 7109 3549 7183 3548 6414 7 6556 7 6746 7 6746 7 5777 7 6414 7 6746 7 6854 7 6955 7 6955 7 5777 7 6746 7 6955 7 7017 7 7108 7 7108 7 5777 7 6955 7 7150 7 5777 7 7108 7 6419 0 6427 0 5922 0 5922 0 5875 0 6419 0 6591 0 6653 0 6427 0 6427 0 6419 0 6591 0 6785 0 6829 0 6653 0 6653 0 6591 0 6785 0 6886 0 6918 0 6829 0 6829 0 6785 0 6886 0 6999 0 7061 0 6918 0 6918 0 6886 0 6999 0 7090 0 7157 0 7061 0 7061 0 6999 0 7090 0 7180 0 7271 0 7157 0 7157 0 7090 0 7180 0 7246 0 7347 0 7271 0 7271 0 7180 0 7246 0 6412 3552 6420 3553 5873 3554 5873 3554 5776 3555 6412 3552 6555 3556 6590 3557 6420 3553 6420 3553 6412 3552 6555 3556 6744 3558 6784 3559 6590 3557 6590 3557 6555 3556 6744 3558 6851 3560 6908 3561 6784 3559 6784 3559 6744 3558 6851 3560 6960 3562 7000 3563 6908 3561 6908 3561 6851 3560 6960 3562 7015 3564 7094 3565 7000 3563 7000 3563 6960 3562 7015 3564 7107 3566 7182 3567 7094 3565 7094 3565 7015 3564 7107 3566 7149 3568 7248 3569 7182 3567 7182 3567 7107 3566 7149 3568 6745 0 6554 0 6411 0 6411 0 5775 0 6745 0 6954 0 6852 0 6745 0 6745 0 5775 0 6954 0 7106 0 7016 0 6954 0 6954 0 5775 0 7106 0 7106 0 5775 0 7148 0 8476 0 8477 0 8478 0 8478 0 8479 0 8476 0 8480 0 8477 0 8476 0 8476 0 8481 0 8480 0 8482 7 8483 7 8484 7 8484 7 8485 7 8482 7</p>
        </triangles>
        <triangles material="RUBBER-MEDIUM_AZURE-material" count="806">
          <input semantic="VERTEX" source="#Inner-Node-Modell_dot_io-16_001-mesh-vertices" offset="0"/>
          <input semantic="NORMAL" source="#Inner-Node-Modell_dot_io-16_001-mesh-normals" offset="1"/>
          <p>8486 7 8487 7 8482 7 8482 7 8485 7 8486 7 8488 3570 8489 3571 8490 3572 8490 3572 8491 3573 8488 3570 8489 3571 8492 3574 8493 3575 8493 3575 8490 3572 8489 3571 8492 3574 8494 3576 8495 3577 8495 3577 8493 3575 8492 3574 8494 3576 8496 3578 8497 3579 8497 3579 8495 3577 8494 3576 8496 3578 8498 3580 8499 3581 8499 3581 8497 3579 8496 3578 8498 3580 8500 3582 8501 3583 8501 3583 8499 3581 8498 3580 8500 3582 8502 3584 8503 3585 8503 3585 8501 3583 8500 3582 8502 3584 8504 3586 8505 3587 8505 3587 8503 3585 8502 3584 8504 3586 8506 3588 8507 3589 8507 3589 8505 3587 8504 3586 8506 3588 8508 3590 8509 3591 8509 3591 8507 3589 8506 3588 8508 3590 8510 3592 8511 3593 8511 3593 8509 3591 8508 3590 8510 3592 8512 3594 8513 3595 8513 3595 8511 3593 8510 3592 8514 3596 8515 3597 8489 3571 8489 3571 8488 3570 8514 3596 8515 3597 8516 3598 8492 3574 8492 3574 8489 3571 8515 3597 8516 3598 8517 3599 8494 3576 8494 3576 8492 3574 8516 3598 8517 3599 8518 3600 8496 3578 8496 3578 8494 3576 8517 3599 8518 3600 8519 3601 8498 3580 8498 3580 8496 3578 8518 3600 8519 3601 8520 3602 8500 3582 8500 3582 8498 3580 8519 3601 8520 3602 8521 3603 8502 3584 8502 3584 8500 3582 8520 3602 8521 3603 8522 3604 8504 3586 8504 3586 8502 3584 8521 3603 8522 3604 8523 3605 8506 3588 8506 3588 8504 3586 8522 3604 8523 3605 8524 3606 8508 3590 8508 3590 8506 3588 8523 3605 8524 3606 8525 3607 8510 3592 8510 3592 8508 3590 8524 3606 8525 3607 8526 3608 8512 3594 8512 3594 8510 3592 8525 3607 8527 3609 8528 3610 8515 3597 8515 3597 8514 3596 8527 3609 8528 3610 8529 3611 8516 3598 8516 3598 8515 3597 8528 3610 8529 3611 8530 3612 8517 3599 8517 3599 8516 3598 8529 3611 8530 3612 8531 3613 8518 3600 8518 3600 8517 3599 8530 3612 8531 3613 8532 3614 8519 3601 8519 3601 8518 3600 8531 3613 8532 3614 8533 3615 8520 3602 8520 3602 8519 3601 8532 3614 8533 3615 8534 3616 8521 3603 8521 3603 8520 3602 8533 3615 8534 3616 8535 3617 8522 3604 8522 3604 8521 3603 8534 3616 8535 3617 8536 3618 8523 3605 8523 3605 8522 3604 8535 3617 8536 3618 8537 3619 8524 3606 8524 3606 8523 3605 8536 3618 8537 3619 8538 3620 8525 3607 8525 3607 8524 3606 8537 3619 8538 3620 8539 3621 8526 3608 8526 3608 8525 3607 8538 3620 8540 3622 8541 3623 8542 3624 8542 3624 8543 3625 8540 3622 8544 3626 8545 3627 8541 3623 8541 3623 8540 3622 8544 3626 8546 3628 8547 3629 8545 3627 8545 3627 8544 3626 8546 3628 8548 3630 8549 3631 8547 3629 8547 3629 8546 3628 8548 3630 8550 3632 8551 3633 8549 3631 8549 3631 8548 3630 8550 3632 8552 3634 8553 3635 8551 3633 8551 3633 8550 3632 8552 3634 8554 3636 8555 3637 8553 3635 8553 3635 8552 3634 8554 3636 8556 3638 8557 3639 8555 3637 8555 3637 8554 3636 8556 3638 8558 3640 8559 3641 8557 3639 8557 3639 8556 3638 8558 3640 8560 3642 8561 3643 8559 3641 8559 3641 8558 3640 8560 3642 8562 3644 8563 3645 8561 3643 8561 3643 8560 3642 8562 3644 8564 3646 8565 3647 8563 3645 8563 3645 8562 3644 8564 3646 8541 3623 8566 3648 8567 3649 8567 3649 8542 3624 8541 3623 8545 3627 8568 3650 8566 3648 8566 3648 8541 3623 8545 3627 8547 3629 8569 3651 8568 3650 8568 3650 8545 3627 8547 3629 8549 3631 8570 3652 8569 3651 8569 3651 8547 3629 8549 3631 8551 3633 8571 3653 8570 3652 8570 3652 8549 3631 8551 3633 8553 3635 8572 3654 8571 3653 8571 3653 8551 3633 8553 3635 8555 3637 8573 3655 8572 3654 8572 3654 8553 3635 8555 3637 8557 3639 8574 3656 8573 3655 8573 3655 8555 3637 8557 3639 8559 3641 8575 3657 8574 3656 8574 3656 8557 3639 8559 3641 8561 3643 8576 3658 8575 3657 8575 3657 8559 3641 8561 3643 8563 3645 8577 3659 8576 3658 8576 3658 8561 3643 8563 3645 8565 3647 8578 3660 8577 3659 8577 3659 8563 3645 8565 3647 8566 3648 8528 3610 8527 3609 8527 3609 8567 3649 8566 3648 8568 3650 8529 3611 8528 3610 8528 3610 8566 3648 8568 3650 8569 3651 8530 3612 8529 3611 8529 3611 8568 3650 8569 3651 8570 3652 8531 3613 8530 3612 8530 3612 8569 3651 8570 3652 8571 3653 8532 3614 8531 3613 8531 3613 8570 3652 8571 3653 8572 3654 8533 3615 8532 3614 8532 3614 8571 3653 8572 3654 8573 3655 8534 3616 8533 3615 8533 3615 8572 3654 8573 3655 8574 3656 8535 3617 8534 3616 8534 3616 8573 3655 8574 3656 8575 3657 8536 3618 8535 3617 8535 3617 8574 3656 8575 3657 8576 3658 8537 3619 8536 3618 8536 3618 8575 3657 8576 3658 8577 3659 8538 3620 8537 3619 8537 3619 8576 3658 8577 3659 8578 3660 8539 3621 8538 3620 8538 3620 8577 3659 8578 3660 8579 3661 8580 3662 8581 3663 8581 3663 8582 3664 8579 3661 8580 3662 8583 3665 8584 3666 8584 3666 8581 3663 8580 3662 8583 3665 8585 3667 8586 3668 8586 3668 8584 3666 8583 3665 8585 3667 8587 3669 8588 3670 8588 3670 8586 3668 8585 3667 8587 3669 8589 3671 8590 3672 8590 3672 8588 3670 8587 3669 8589 3671 8591 3673 8592 3674 8592 3674 8590 3672 8589 3671 8591 3673 8593 3675 8594 3676 8594 3676 8592 3674 8591 3673 8593 3675 8595 3677 8596 3678 8596 3678 8594 3676 8593 3675 8595 3677 8597 3679 8598 3680 8598 3680 8596 3678 8595 3677 8597 3679 8599 3681 8600 3682 8600 3682 8598 3680 8597 3679 8599 3681 8601 3683 8602 3684 8602 3684 8600 3682 8599 3681 8601 3683 8488 3570 8491 3573 8491 3573 8602 3684 8601 3683 8603 3685 8604 3686 8580 3662 8580 3662 8579 3661 8603 3685 8604 3686 8605 3687 8583 3665 8583 3665 8580 3662 8604 3686 8605 3687 8606 3688 8585 3667 8585 3667 8583 3665 8605 3687 8606 3688 8607 3689 8587 3669 8587 3669 8585 3667 8606 3688 8607 3689 8608 3690 8589 3671 8589 3671 8587 3669 8607 3689 8608 3690 8609 3691 8591 3673 8591 3673 8589 3671 8608 3690 8609 3691 8610 3692 8593 3675 8593 3675 8591 3673 8609 3691 8610 3692 8611 3693 8595 3677 8595 3677 8593 3675 8610 3692 8611 3693 8612 3694 8597 3679 8597 3679 8595 3677 8611 3693 8612 3694 8613 3695 8599 3681 8599 3681 8597 3679 8612 3694 8613 3695 8614 3696 8601 3683 8601 3683 8599 3681 8613 3695 8614 3696 8514 3596 8488 3570 8488 3570 8601 3683 8614 3696 8615 3697 8616 3698 8604 3686 8604 3686 8603 3685 8615 3697 8616 3698 8617 3699 8605 3687 8605 3687 8604 3686 8616 3698 8617 3699 8618 3700 8606 3688 8606 3688 8605 3687 8617 3699 8618 3700 8619 3701 8607 3689 8607 3689 8606 3688 8618 3700 8619 3701 8620 3702 8608 3690 8608 3690 8607 3689 8619 3701 8620 3702 8621 3703 8609 3691 8609 3691 8608 3690 8620 3702 8621 3703 8622 3704 8610 3692 8610 3692 8609 3691 8621 3703 8622 3704 8623 3705 8611 3693 8611 3693 8610 3692 8622 3704 8623 3705 8624 3706 8612 3694 8612 3694 8611 3693 8623 3705 8624 3706 8625 3707 8613 3695 8613 3695 8612 3694 8624 3706 8625 3707 8626 3708 8614 3696 8614 3696 8613 3695 8625 3707 8626 3708 8527 3609 8514 3596 8514 3596 8614 3696 8626 3708 8627 3709 8628 3710 8629 3711 8629 3711 8630 3712 8627 3709 8631 3713 8632 3714 8628 3710 8628 3710 8627 3709 8631 3713 8633 3715 8634 3716 8632 3714 8632 3714 8631 3713 8633 3715 8635 3717 8636 3718 8634 3716 8634 3716 8633 3715 8635 3717 8637 3719 8638 3720 8636 3718 8636 3718 8635 3717 8637 3719 8639 3721 8640 3722 8638 3720 8638 3720 8637 3719 8639 3721 8641 3723 8642 3724 8640 3722 8640 3722 8639 3721 8641 3723 8643 3725 8644 3726 8642 3724 8642 3724 8641 3723 8643 3725 8645 3727 8646 3728 8644 3726 8644 3726 8643 3725 8645 3727 8647 3729 8648 3730 8646 3728 8646 3728 8645 3727 8647 3729 8649 3731 8650 3732 8648 3730 8648 3730 8647 3729 8649 3731 8543 3625 8542 3624 8650 3732 8650 3732 8649 3731 8543 3625 8628 3710 8651 3733 8652 3734 8652 3734 8629 3711 8628 3710 8632 3714 8653 3735 8651 3733 8651 3733 8628 3710 8632 3714 8634 3716 8654 3736 8653 3735 8653 3735 8632 3714 8634 3716 8636 3718 8655 3737 8654 3736 8654 3736 8634 3716 8636 3718 8638 3720 8656 3738 8655 3737 8655 3737 8636 3718 8638 3720 8640 3722 8657 3739 8656 3738 8656 3738 8638 3720 8640 3722 8642 3724 8658 3740 8657 3739 8657 3739 8640 3722 8642 3724 8644 3726 8659 3741 8658 3740 8658 3740 8642 3724 8644 3726 8646 3728 8660 3742 8659 3741 8659 3741 8644 3726 8646 3728 8648 3730 8661 3743 8660 3742 8660 3742 8646 3728 8648 3730 8650 3732 8662 3744 8661 3743 8661 3743 8648 3730 8650 3732 8542 3624 8567 3649 8662 3744 8662 3744 8650 3732 8542 3624 8651 3733 8616 3698 8615 3697 8615 3697 8652 3734 8651 3733 8653 3735 8617 3699 8616 3698 8616 3698 8651 3733 8653 3735 8654 3736 8618 3700 8617 3699 8617 3699 8653 3735 8654 3736 8655 3737 8619 3701 8618 3700 8618 3700 8654 3736 8655 3737 8656 3738 8620 3702 8619 3701 8619 3701 8655 3737 8656 3738 8657 3739 8621 3703 8620 3702 8620 3702 8656 3738 8657 3739 8658 3740 8622 3704 8621 3703 8621 3703 8657 3739 8658 3740 8659 3741 8623 3705 8622 3704 8622 3704 8658 3740 8659 3741 8660 3742 8624 3706 8623 3705 8623 3705 8659 3741 8660 3742 8661 3743 8625 3707 8624 3706 8624 3706 8660 3742 8661 3743 8662 3744 8626 3708 8625 3707 8625 3707 8661 3743 8662 3744 8567 3649 8527 3609 8626 3708 8626 3708 8662 3744 8567 3649 8663 3745 8664 3746 8665 3747 8665 3747 8666 3748 8663 3745 8664 3746 8667 3749 8668 3750 8668 3750 8665 3747 8664 3746 8667 3749 8669 3751 8670 3752 8670 3752 8668 3750 8667 3749 8669 3751 8671 3753 8672 3754 8672 3754 8670 3752 8669 3751 8671 3753 8673 3755 8674 3756 8674 3756 8672 3754 8671 3753 8673 3755 8675 3757 8676 3758 8676 3758 8674 3756 8673 3755 8675 3757 8677 3759 8678 3760 8678 3760 8676 3758 8675 3757 8677 3759 8679 3761 8680 3762 8680 3762 8678 3760 8677 3759 8679 3761 8681 3763 8682 3764 8682 3764 8680 3762 8679 3761 8681 3763 8683 3765 8684 3766 8684 3766 8682 3764 8681 3763 8683 3765 8685 3767 8686 3768 8686 3768 8684 3766 8683 3765 8685 3767 8579 3661 8582 3664 8582 3664 8686 3768 8685 3767 8687 3769 8688 3770 8664 3746 8664 3746 8663 3745 8687 3769 8688 3770 8689 3771 8667 3749 8667 3749 8664 3746 8688 3770 8689 3771 8690 3772 8669 3751 8669 3751 8667 3749 8689 3771 8690 3772 8691 3773 8671 3753 8671 3753 8669 3751 8690 3772 8691 3773 8692 3774 8673 3755 8673 3755 8671 3753 8691 3773 8692 3774 8693 3775 8675 3757 8675 3757 8673 3755 8692 3774 8693 3775 8694 3776 8677 3759 8677 3759 8675 3757 8693 3775 8694 3776 8695 3777 8679 3761 8679 3761 8677 3759 8694 3776 8695 3777 8696 3778 8681 3763 8681 3763 8679 3761 8695 3777 8696 3778 8697 3779 8683 3765 8683 3765 8681 3763 8696 3778 8697 3779 8698 3780 8685 3767 8685 3767 8683 3765 8697 3779 8698 3780 8603 3685 8579 3661 8579 3661 8685 3767 8698 3780 8699 3781 8700 3782 8688 3770 8688 3770 8687 3769 8699 3781 8700 3782 8701 3783 8689 3771 8689 3771 8688 3770 8700 3782 8701 3783 8702 3784 8690 3772 8690 3772 8689 3771 8701 3783 8702 3784 8703 3785 8691 3773 8691 3773 8690 3772 8702 3784 8703 3785 8704 3786 8692 3774 8692 3774 8691 3773 8703 3785 8704 3786 8705 3787 8693 3775 8693 3775 8692 3774 8704 3786 8705 3787 8706 3788 8694 3776 8694 3776 8693 3775 8705 3787 8706 3788 8707 3789 8695 3777 8695 3777 8694 3776 8706 3788 8707 3789 8708 3790 8696 3778 8696 3778 8695 3777 8707 3789 8708 3790 8709 3791 8697 3779 8697 3779 8696 3778 8708 3790 8709 3791 8710 3792 8698 3780 8698 3780 8697 3779 8709 3791 8710 3792 8615 3697 8603 3685 8603 3685 8698 3780 8710 3792 8711 3793 8712 3794 8713 3795 8713 3795 8714 3796 8711 3793 8715 3797 8716 3798 8712 3794 8712 3794 8711 3793 8715 3797 8717 3799 8718 3800 8716 3798 8716 3798 8715 3797 8717 3799 8719 3801 8720 3802 8718 3800 8718 3800 8717 3799 8719 3801 8721 3803 8722 3804 8720 3802 8720 3802 8719 3801 8721 3803 8723 3805 8724 3806 8722 3804 8722 3804 8721 3803 8723 3805 8725 3807 8726 3808 8724 3806 8724 3806 8723 3805 8725 3807 8727 3809 8728 3810 8726 3808 8726 3808 8725 3807 8727 3809 8729 3811 8730 3812 8728 3810 8728 3810 8727 3809 8729 3811 8731 3813 8732 3814 8730 3812 8730 3812 8729 3811 8731 3813 8733 3815 8734 3816 8732 3814 8732 3814 8731 3813 8733 3815 8630 3712 8629 3711 8734 3816 8734 3816 8733 3815 8630 3712 8712 3794 8735 3817 8736 3818 8736 3818 8713 3795 8712 3794 8716 3798 8737 3819 8735 3817 8735 3817 8712 3794 8716 3798 8718 3800 8738 3820 8737 3819 8737 3819 8716 3798 8718 3800 8720 3802 8739 3821 8738 3820 8738 3820 8718 3800 8720 3802 8722 3804 8740 3822 8739 3821 8739 3821 8720 3802 8722 3804 8724 3806 8741 3823 8740 3822 8740 3822 8722 3804 8724 3806 8726 3808 8742 3824 8741 3823 8741 3823 8724 3806 8726 3808 8728 3810 8743 3825 8742 3824 8742 3824 8726 3808 8728 3810 8730 3812 8744 3826 8743 3825 8743 3825 8728 3810 8730 3812 8732 3814 8745 3827 8744 3826 8744 3826 8730 3812 8732 3814 8734 3816 8746 3828 8745 3827 8745 3827 8732 3814 8734 3816 8629 3711 8652 3734 8746 3828 8746 3828 8734 3816 8629 3711 8735 3817 8700 3782 8699 3781 8699 3781 8736 3818 8735 3817 8737 3819 8701 3783 8700 3782 8700 3782 8735 3817 8737 3819 8738 3820 8702 3784 8701 3783 8701 3783 8737 3819 8738 3820 8739 3821 8703 3785 8702 3784 8702 3784 8738 3820 8739 3821 8740 3822 8704 3786 8703 3785 8703 3785 8739 3821 8740 3822 8741 3823 8705 3787 8704 3786 8704 3786 8740 3822 8741 3823 8742 3824 8706 3788 8705 3787 8705 3787 8741 3823 8742 3824 8743 3825 8707 3789 8706 3788 8706 3788 8742 3824 8743 3825 8744 3826 8708 3790 8707 3789 8707 3789 8743 3825 8744 3826 8745 3827 8709 3791 8708 3790 8708 3790 8744 3826 8745 3827 8746 3828 8710 3792 8709 3791 8709 3791 8745 3827 8746 3828 8652 3734 8615 3697 8710 3792 8710 3792 8746 3828 8652 3734 8512 3594 8747 3829 8748 3830 8748 3830 8513 3595 8512 3594 8747 3829 8749 3831 8750 3832 8750 3832 8748 3830 8747 3829 8749 3831 8751 3833 8752 3834 8752 3834 8750 3832 8749 3831 8751 3833 8753 3835 8754 3836 8754 3836 8752 3834 8751 3833 8753 3835 8755 3837 8756 3838 8756 3838 8754 3836 8753 3835 8755 3837 8757 3839 8758 3840 8758 3840 8756 3838 8755 3837 8757 3839 8759 3841 8760 3842 8760 3842 8758 3840 8757 3839 8759 3841 8761 3843 8762 3844 8762 3844 8760 3842 8759 3841 8761 3843 8763 3845 8764 3846 8764 3846 8762 3844 8761 3843 8763 3845 8765 3847 8766 3848 8766 3848 8764 3846 8763 3845 8765 3847 8767 3849 8768 3850 8768 3850 8766 3848 8765 3847 8767 3849 8663 3745 8666 3748 8666 3748 8768 3850 8767 3849 8526 3608 8769 3851 8747 3829 8747 3829 8512 3594 8526 3608 8769 3851 8770 3852 8749 3831 8749 3831 8747 3829 8769 3851 8770 3852 8771 3853 8751 3833 8751 3833 8749 3831 8770 3852 8771 3853 8772 3854 8753 3835 8753 3835 8751 3833 8771 3853 8772 3854 8773 3855 8755 3837 8755 3837 8753 3835 8772 3854 8773 3855 8774 3856 8757 3839 8757 3839 8755 3837 8773 3855 8774 3856 8775 3857 8759 3841 8759 3841 8757 3839 8774 3856 8775 3857 8776 3858 8761 3843 8761 3843 8759 3841 8775 3857 8776 3858 8777 3859 8763 3845 8763 3845 8761 3843 8776 3858 8777 3859 8778 3860 8765 3847 8765 3847 8763 3845 8777 3859 8778 3860 8779 3861 8767 3849 8767 3849 8765 3847 8778 3860 8779 3861 8687 3769 8663 3745 8663 3745 8767 3849 8779 3861 8539 3621 8780 3862 8769 3851 8769 3851 8526 3608 8539 3621 8780 3862 8781 3863 8770 3852 8770 3852 8769 3851 8780 3862 8781 3863 8782 3864 8771 3853 8771 3853 8770 3852 8781 3863 8782 3864 8783 3865 8772 3854 8772 3854 8771 3853 8782 3864 8783 3865 8784 3866 8773 3855 8773 3855 8772 3854 8783 3865 8784 3866 8785 3867 8774 3856 8774 3856 8773 3855 8784 3866 8785 3867 8786 3868 8775 3857 8775 3857 8774 3856 8785 3867 8786 3868 8787 3869 8776 3858 8776 3858 8775 3857 8786 3868 8787 3869 8788 3870 8777 3859 8777 3859 8776 3858 8787 3869 8788 3870 8789 3871 8778 3860 8778 3860 8777 3859 8788 3870 8789 3871 8790 3872 8779 3861 8779 3861 8778 3860 8789 3871 8790 3872 8699 3781 8687 3769 8687 3769 8779 3861 8790 3872 8791 3873 8792 3874 8565 3647 8565 3647 8564 3646 8791 3873 8793 3875 8794 3876 8792 3874 8792 3874 8791 3873 8793 3875 8795 3877 8796 3878 8794 3876 8794 3876 8793 3875 8795 3877 8797 3879 8798 3880 8796 3878 8796 3878 8795 3877 8797 3879 8799 3881 8800 3882 8798 3880 8798 3880 8797 3879 8799 3881 8801 3883 8802 3884 8800 3882 8800 3882 8799 3881 8801 3883 8803 3885 8804 3886 8802 3884 8802 3884 8801 3883 8803 3885 8805 3887 8806 3888 8804 3886 8804 3886 8803 3885 8805 3887 8807 3889 8808 3890 8806 3888 8806 3888 8805 3887 8807 3889 8809 3891 8810 3892 8808 3890 8808 3890 8807 3889 8809 3891 8811 3893 8812 3894 8810 3892 8810 3892 8809 3891 8811 3893 8714 3796 8713 3795 8812 3894 8812 3894 8811 3893 8714 3796 8792 3874 8813 3895 8578 3660 8578 3660 8565 3647 8792 3874 8794 3876 8814 3896 8813 3895 8813 3895 8792 3874 8794 3876 8796 3878 8815 3897 8814 3896 8814 3896 8794 3876 8796 3878 8798 3880 8816 3898 8815 3897 8815 3897 8796 3878 8798 3880 8800 3882 8817 3899 8816 3898 8816 3898 8798 3880 8800 3882 8802 3884 8818 3900 8817 3899 8817 3899 8800 3882 8802 3884 8804 3886 8819 3901 8818 3900 8818 3900 8802 3884 8804 3886 8806 3888 8820 3902 8819 3901 8819 3901 8804 3886 8806 3888 8808 3890 8821 3903 8820 3902 8820 3902 8806 3888 8808 3890 8810 3892 8822 3904 8821 3903 8821 3903 8808 3890 8810 3892 8812 3894 8823 3905 8822 3904 8822 3904 8810 3892 8812 3894 8713 3795 8736 3818 8823 3905 8823 3905 8812 3894 8713 3795 8813 3895 8780 3862 8539 3621 8539 3621 8578 3660 8813 3895 8814 3896 8781 3863 8780 3862 8780 3862 8813 3895 8814 3896 8815 3897 8782 3864 8781 3863 8781 3863 8814 3896 8815 3897 8816 3898 8783 3865 8782 3864 8782 3864 8815 3897 8816 3898 8817 3899 8784 3866 8783 3865 8783 3865 8816 3898 8817 3899 8818 3900 8785 3867 8784 3866 8784 3866 8817 3899 8818 3900 8819 3901 8786 3868 8785 3867 8785 3867 8818 3900 8819 3901 8820 3902 8787 3869 8786 3868 8786 3868 8819 3901 8820 3902 8821 3903 8788 3870 8787 3869 8787 3869 8820 3902 8821 3903 8822 3904 8789 3871 8788 3870 8788 3870 8821 3903 8822 3904 8823 3905 8790 3872 8789 3871 8789 3871 8822 3904 8823 3905 8736 3818 8699 3781 8790 3872 8790 3872 8823 3905 8736 3818 8478 0 8824 0 8825 0 8826 3906 8827 3906 8828 3906 8828 0 8829 0 8826 0 8830 0 8831 0 8827 0 8827 3907 8826 3907 8830 3907 8832 3908 8833 3908 8831 3908 8831 3909 8830 3909 8832 3909 8834 0 8835 0 8833 0 8833 0 8832 0 8834 0 8836 0 8837 0 8835 0 8835 0 8834 0 8836 0 8838 0 8839 0 8837 0 8837 3910 8836 3910 8838 3910 8840 0 8841 0 8839 0 8839 0 8838 0 8840 0 8842 0 8843 0 8841 0 8841 0 8840 0 8842 0 8844 0 8845 0 8843 0 8843 0 8842 0 8844 0 8846 0 8847 0 8845 0 8845 0 8844 0 8846 0 8848 0 8849 0 8847 0 8847 0 8846 0 8848 0 8850 3911 8851 3911 8849 3911 8849 0 8848 0 8850 0 8852 3912 8853 3912 8851 3912 8851 0 8850 0 8852 0 8854 3913 8855 3913 8853 3913 8853 3914 8852 3914 8854 3914 8856 3915 8857 3915 8855 3915 8855 0 8854 0 8856 0 8858 0 8859 0 8857 0 8857 3916 8856 3916 8858 3916 8860 0 8861 0 8859 0 8859 0 8858 0 8860 0 8862 0 8863 0 8861 0 8861 0 8860 0 8862 0 8864 3917 8865 3917 8863 3917 8863 0 8862 0 8864 0 8866 3918 8867 3918 8865 3918 8865 3919 8864 3919 8866 3919 8868 0 8869 0 8867 0 8867 0 8866 0 8868 0 8870 0 8871 0 8869 0 8869 0 8868 0 8870 0 8872 3920 8873 3920 8871 3920 8871 0 8870 0 8872 0 8874 0 8875 0 8873 0 8873 3921 8872 3921 8874 3921 8876 3922 8877 3922 8875 3922 8875 0 8874 0 8876 0 8878 0 8879 0 8877 0 8877 3923 8876 3923 8878 3923 8880 3924 8881 3924 8879 3924 8879 3925 8878 3925 8880 3925 8882 0 8883 0 8881 0 8881 0 8880 0 8882 0 8884 0 8885 0 8883 0 8883 0 8882 0 8884 0 8886 0 8887 0 8885 0 8885 3926 8884 3926 8886 3926 8888 0 8889 0 8887 0 8887 0 8886 0 8888 0 8890 0 8891 0 8889 0 8889 0 8888 0 8890 0 8892 0 8893 0 8891 0 8891 0 8890 0 8892 0 8894 0 8895 0 8893 0 8893 0 8892 0 8894 0 8479 0 8896 0 8895 0 8895 0 8894 0 8479 0 8897 3927 8898 3927 8896 3927 8896 0 8479 0 8897 0 8478 3928 8899 3928 8898 3928 8898 3929 8897 3929 8478 3929 8900 3930 8901 3930 8899 3930 8899 3931 8478 3931 8900 3931 8902 3932 8903 3932 8901 3932 8901 0 8900 0 8902 0 8904 0 8905 0 8903 0 8903 3933 8902 3933 8904 3933 8906 0 8907 0 8905 0 8905 0 8904 0 8906 0 8908 0 8909 0 8907 0 8907 0 8906 0 8908 0 8910 3934 8911 3934 8909 3934 8909 0 8908 0 8910 0 8912 3935 8913 3935 8911 3935 8911 3936 8910 3936 8912 3936 8914 0 8915 0 8913 0 8913 0 8912 0 8914 0 8916 0 8917 0 8915 0 8915 0 8914 0 8916 0 8918 3937 8919 3937 8917 3937 8917 0 8916 0 8918 0 8829 0 8828 0 8919 0 8919 3938 8918 3938 8829 3938 8920 0 8921 0 8480 0 8922 0 8920 0 8480 0 8923 3939 8922 3939 8480 3939 8924 0 8923 0 8480 0 8925 0 8924 0 8480 0 8926 3940 8925 3940 8480 3940 8927 0 8926 0 8480 0 8928 3941 8927 3941 8480 3941 8929 0 8928 0 8480 0 8930 0 8929 0 8480 0 8931 3942 8930 3942 8480 3942 8932 0 8931 0 8480 0 8933 3943 8932 3943 8480 3943 8934 0 8933 0 8480 0 8935 0 8934 0 8480 0 8936 0 8935 0 8480 0 8481 0 8936 0 8480 0 8937 7 8938 7 8484 7 8939 3944 8940 3944 8941 3944 8941 7 8942 7 8939 7 8940 3945 8943 3945 8944 3945 8944 3946 8941 3946 8940 3946 8943 3947 8945 3947 8946 3947 8946 3948 8944 3948 8943 3948 8945 3949 8947 3949 8948 3949 8948 7 8946 7 8945 7 8947 7 8949 7 8950 7 8950 3950 8948 3950 8947 3950 8949 7 8951 7 8952 7 8952 3951 8950 3951 8949 3951 8951 7 8953 7 8954 7 8954 7 8952 7 8951 7 8953 7 8955 7 8956 7 8956 7 8954 7 8953 7 8955 3952 8957 3952 8958 3952 8958 7 8956 7 8955 7 8957 7 8959 7 8960 7 8960 3953 8958 3953 8957 3953 8959 7 8961 7 8962 7 8962 7 8960 7 8959 7 8961 7 8963 7 8964 7 8964 7 8962 7 8961 7 8963 7 8965 7 8966 7 8966 7 8964 7 8963 7 8965 3954 8967 3954 8968 3954 8968 3955 8966 3955 8965 3955 8967 3956 8969 3956 8970 3956 8970 7 8968 7 8967 7 8969 7 8971 7 8972 7 8972 3957 8970 3957 8969 3957 8971 7 8973 7 8974 7 8974 7 8972 7 8971 7 8973 7 8975 7 8976 7 8976 7 8974 7 8973 7 8975 3958 8977 3958 8978 3958 8978 7 8976 7 8975 7 8977 3959 8979 3959 8980 3959 8980 3960 8978 3960 8977 3960 8979 7 8981 7 8982 7 8982 3961 8980 3961 8979 3961 8981 3962 8983 3962 8984 3962 8984 7 8982 7 8981 7 8983 3963 8985 3963 8986 3963 8986 3964 8984 3964 8983 3964 8985 7 8987 7 8988 7 8988 3965 8986 3965 8985 3965 8987 3966 8989 3966 8990 3966 8990 7 8988 7 8987 7 8989 3967 8991 3967 8992 3967 8992 3968 8990 3968 8989 3968 8991 3969 8993 3969 8994 3969 8994 3970 8992 3970 8991 3970 8993 3971 8995 3971 8996 3971 8996 7 8994 7 8993 7 8995 7 8997 7 8998 7 8998 3972 8996 3972 8995 3972 8997 7 8999 7 9000 7 9000 3973 8998 3973 8997 3973 8999 7 9001 7 9002 7 9002 7 9000 7 8999 7 9001 7 9003 7 9004 7 9004 7 9002 7 9001 7 9003 3974 9005 3974 9006 3974 9006 7 9004 7 9003 7 9005 7 9007 7 9008 7 9008 3975 9006 3975 9005 3975 9007 7 9009 7 8483 7 8483 7 9008 7 9007 7 9009 7 9010 7 9011 7 9011 7 8483 7 9009 7 9010 7 9012 7 8484 7 8484 7 9011 7 9010 7 9012 3976 9013 3976 9014 3976 9014 3977 8484 3977 9012 3977 9013 3978 9015 3978 9016 3978 9016 7 9014 7 9013 7 9015 7 9017 7 9018 7 9018 3979 9016 3979 9015 3979 9017 7 9019 7 9020 7 9020 7 9018 7 9017 7 9019 7 9021 7 9022 7 9022 7 9020 7 9019 7 9021 3980 9023 3980 9024 3980 9024 7 9022 7 9021 7 9023 3981 9025 3981 9026 3981 9026 3982 9024 3982 9023 3982 9025 7 9027 7 9028 7 9028 3983 9026 3983 9025 3983 9027 3984 9029 3984 9030 3984 9030 7 9028 7 9027 7 9029 3985 9031 3985 9032 3985 9032 3986 9030 3986 9029 3986 9031 7 8939 7 8942 7 8942 3987 9032 3987 9031 3987 8486 7 9033 7 9034 7 8486 7 9034 7 9035 7 8486 7 9035 7 9036 7 8486 7 9036 7 9037 7 8486 3988 9037 3988 9038 3988 8486 3989 9038 3989 9039 3989 8486 7 9039 7 9040 7 8486 7 9040 7 9041 7 8486 3990 9041 3990 9042 3990 8486 7 9042 7 9043 7 8486 3991 9043 3991 9044 3991 8486 3992 9044 3992 9045 3992 8486 3993 9045 3993 9046 3993 8486 7 9046 7 9047 7 8486 7 9047 7 9048 7 8486 7 9048 7 9049 7 8486 7 9049 7 8487 7</p>
        </triangles>
      </mesh>
    </geometry>
  </library_geometries>
  <library_visual_scenes>
    <visual_scene id="Scene" name="Scene">
      <node id="Model" name="Model" type="NODE">
        <matrix sid="transform">-1 3.25841e-7 0 0 -3.25841e-7 -1 0 0 0 0 1 0 0 0 0 1</matrix>
        <node id="Inner-Node-Modell_dot_io-16_001" name="Inner-Node-Modell_dot_io-16.001" type="NODE">
          <matrix sid="transform">3.99285e-4 0 9.46861e-11 0 -9.5197e-11 1.25343e-10 3.97142e-4 0 0 -3.99287e-4 1.2467e-10 0 0 0 0 1</matrix>
          <instance_geometry url="#Inner-Node-Modell_dot_io-16_001-mesh" name="Inner-Node-Modell_dot_io-16.001">
            <bind_material>
              <technique_common>
                <instance_material symbol="SOLID-BLACK-material" target="#SOLID-BLACK-material"/>
                <instance_material symbol="RUBBER-MEDIUM_AZURE-material" target="#RUBBER-MEDIUM_AZURE-material"/>
              </technique_common>
            </bind_material>
          </instance_geometry>
        </node>
      </node>
    </visual_scene>
  </library_visual_scenes>
  <scene>
    <instance_visual_scene url="#Scene"/>
  </scene>
</COLLADA>